[2026-05-19 20:55:48] [INFO] DyTR训练开始...
[2026-05-19 20:56:17] [INFO] === 参数配置 ===
device: cpu
batch_size: 256
hist_len: 15, pred_len: 10
normalize: True
weights: [0.0, 1.0, 0.0, 0.0]

[2026-05-19 20:56:17] [ERROR] No pickle files found in ./Data/aqData/all_turn_right/train
[2026-05-19 20:57:56] [INFO] DyTR训练开始...
[2026-05-19 20:58:00] [INFO] === 参数配置 ===
device: cpu
batch_size: 256
hist_len: 15, pred_len: 10
normalize: True
weights: [0.0, 1.0, 0.0, 0.0]

[2026-05-19 20:58:00] [ERROR] No pickle files found in E:\研究生学习\应用实践论文\DytrProject\Dataset\predictions\0_prediction.pkl
[2026-05-19 21:00:31] [INFO] DyTR训练开始...
[2026-05-19 21:00:31] [WARNING] 只有一个数据文件，将没有验证集，早停功能将基于训练损失
[2026-05-19 21:00:44] [INFO] === 参数配置 ===
device: cpu
batch_size: 256
hist_len: 15, pred_len: 10
normalize: True
weights: [0.0, 1.0, 0.0, 0.0]

[2026-05-19 21:00:44] [ERROR] No pickle files found in E:\研究生学习\应用实践论文\DytrProject\Dataset\predictions\0_prediction.pkl
[2026-05-19 21:01:39] [INFO] DyTR训练开始...
[2026-05-19 21:01:39] [WARNING] 只有一个数据文件，将跳过验证。设置 val_ratio=0 或使用训练集作验证
[2026-05-19 21:01:47] [INFO] === 参数配置 ===
device: cpu
batch_size: 256
hist_len: 15, pred_len: 10
normalize: True
weights: [0.0, 1.0, 0.0, 0.0]

[2026-05-19 21:01:47] [ERROR] No pickle files found in E:\研究生学习\应用实践论文\DytrProject\Dataset\predictions\0_prediction.pkl
[2026-05-19 21:02:45] [INFO] DyTR训练开始...
[2026-05-19 21:02:45] [WARNING] 只有一个数据文件，将跳过验证。设置 val_ratio=0 或使用训练集作验证
[2026-05-19 21:02:52] [INFO] === 参数配置 ===
device: cpu
batch_size: 256
hist_len: 15, pred_len: 10
normalize: True
weights: [0.0, 1.0, 0.0, 0.0]

[2026-05-19 21:02:52] [INFO] 加载 1 个文件...
[2026-05-19 21:02:52] [INFO] 已加载 0/1 文件
[2026-05-19 21:02:52] [INFO] 批量拟合完成 - 状态: (1359, 4), 控制: (1359, 2), 基础: (1359, 4), 差异: (1359, 4)
[2026-05-19 21:02:52] [INFO] 开始归一化train集样本...
[2026-05-19 21:02:52] [INFO] 归一化完成
[2026-05-19 21:02:52] [INFO] train数据集: 1个文件，84个样本
[2026-05-19 21:02:52] [INFO] 归一化器已保存到: ./results/model_3_norm_True_num_epochs20_batch_size256_20260519_2102/checkpoints\scalers.pkl
[2026-05-19 21:02:52] [INFO] 加载 0 个文件...
[2026-05-19 21:02:52] [INFO] val集使用预训练归一化器
[2026-05-19 21:02:52] [INFO] 开始归一化val集样本...
[2026-05-19 21:02:52] [INFO] 归一化完成
[2026-05-19 21:02:52] [INFO] val数据集: 0个文件，0个样本
[2026-05-19 21:04:23] [INFO] DyTR训练开始...
[2026-05-19 21:04:23] [WARNING] 只有一个数据文件，将跳过验证。设置 val_ratio=0 或使用训练集作验证
[2026-05-19 21:04:27] [INFO] === 参数配置 ===
device: cpu
batch_size: 256
hist_len: 15, pred_len: 10
normalize: True
weights: [0.0, 1.0, 0.0, 0.0]

[2026-05-19 21:04:27] [INFO] 加载 1 个文件...
[2026-05-19 21:04:27] [INFO] 已加载 0/1 文件
[2026-05-19 21:04:27] [INFO] 批量拟合完成 - 状态: (1359, 4), 控制: (1359, 2), 基础: (1359, 4), 差异: (1359, 4)
[2026-05-19 21:04:27] [INFO] 开始归一化train集样本...
[2026-05-19 21:04:27] [INFO] 归一化完成
[2026-05-19 21:04:27] [INFO] train数据集: 1个文件，84个样本
[2026-05-19 21:04:27] [INFO] 归一化器已保存到: ./results/model_3_norm_True_num_epochs20_batch_size256_20260519_2104/checkpoints\scalers.pkl
[2026-05-19 21:04:27] [INFO] 加载 0 个文件...
[2026-05-19 21:04:27] [INFO] val集使用预训练归一化器
[2026-05-19 21:04:27] [INFO] 开始归一化val集样本...
[2026-05-19 21:04:27] [INFO] 归一化完成
[2026-05-19 21:04:27] [INFO] val数据集: 0个文件，0个样本
[2026-05-19 21:04:27] [INFO] 
=========================== start training ==================================
[2026-05-19 21:08:57] [INFO] Residual LSTM 训练开始 (残差预测)
[2026-05-19 21:09:01] [INFO] Device: cpu, Batch size: 256, Hist: 15, Pred: 10, Norm: True
[2026-05-19 21:09:01] [INFO] 加载 1 个文件...
[2026-05-19 21:09:01] [INFO] 已加载 0/1 文件
[2026-05-19 21:09:01] [INFO] 批量拟合完成 - 状态: (1359, 4), 控制: (1359, 2), 基础: (1359, 4), 差异: (1359, 4)
[2026-05-19 21:09:01] [INFO] 开始归一化train集样本...
[2026-05-19 21:09:02] [INFO] 归一化完成
[2026-05-19 21:09:02] [INFO] train数据集: 1个文件，84个样本
[2026-05-19 21:09:02] [INFO] 归一化器已保存到: ./results/residual_lstm_20260519_2108\checkpoints\scalers.pkl
[2026-05-19 21:09:02] [INFO] 总样本数: 84, 训练: 67, 验证: 17
[2026-05-19 21:09:02] [INFO] 开始训练...
[2026-05-19 21:10:21] [INFO] Residual LSTM 训练开始 (残差预测)
[2026-05-19 21:10:29] [INFO] Device: cpu, Batch size: 256, Hist: 15, Pred: 10, Norm: True
[2026-05-19 21:10:29] [INFO] 加载 1 个文件...
[2026-05-19 21:10:29] [INFO] 已加载 0/1 文件
[2026-05-19 21:10:29] [INFO] 批量拟合完成 - 状态: (1359, 4), 控制: (1359, 2), 基础: (1359, 4), 差异: (1359, 4)
[2026-05-19 21:10:29] [INFO] 开始归一化train集样本...
[2026-05-19 21:10:29] [INFO] 归一化完成
[2026-05-19 21:10:29] [INFO] train数据集: 1个文件，84个样本
[2026-05-19 21:10:29] [INFO] 归一化器已保存到: ./results/residual_lstm_20260519_2110\checkpoints\scalers.pkl
[2026-05-19 21:10:29] [INFO] 总样本数: 84, 训练: 67, 验证: 17
[2026-05-19 21:10:29] [INFO] 开始训练...
[2026-05-19 21:10:29] [INFO] Epoch   1/200 | Train Loss: 0.232933 | Val Loss: 0.333675
[2026-05-19 21:10:29] [INFO]   保存最佳模型，验证损失: 0.333675
[2026-05-19 21:10:29] [INFO] Epoch   2/200 | Train Loss: 0.231239 | Val Loss: 0.332900
[2026-05-19 21:10:29] [INFO]   保存最佳模型，验证损失: 0.332900
[2026-05-19 21:10:29] [INFO] Epoch   3/200 | Train Loss: 0.233894 | Val Loss: 0.332128
[2026-05-19 21:10:29] [INFO]   保存最佳模型，验证损失: 0.332128
[2026-05-19 21:10:29] [INFO] Epoch   4/200 | Train Loss: 0.232574 | Val Loss: 0.331351
[2026-05-19 21:10:29] [INFO]   保存最佳模型，验证损失: 0.331351
[2026-05-19 21:10:29] [INFO] Epoch   5/200 | Train Loss: 0.231898 | Val Loss: 0.330572
[2026-05-19 21:10:29] [INFO]   保存最佳模型，验证损失: 0.330572
[2026-05-19 21:10:30] [INFO] Epoch   6/200 | Train Loss: 0.230480 | Val Loss: 0.329797
[2026-05-19 21:10:30] [INFO]   保存最佳模型，验证损失: 0.329797
[2026-05-19 21:10:30] [INFO] Epoch   7/200 | Train Loss: 0.231418 | Val Loss: 0.329020
[2026-05-19 21:10:30] [INFO]   保存最佳模型，验证损失: 0.329020
[2026-05-19 21:10:30] [INFO] Epoch   8/200 | Train Loss: 0.230604 | Val Loss: 0.328244
[2026-05-19 21:10:30] [INFO]   保存最佳模型，验证损失: 0.328244
[2026-05-19 21:10:30] [INFO] Epoch   9/200 | Train Loss: 0.232376 | Val Loss: 0.327469
[2026-05-19 21:10:30] [INFO]   保存最佳模型，验证损失: 0.327469
[2026-05-19 21:10:30] [INFO] Epoch  10/200 | Train Loss: 0.228366 | Val Loss: 0.326698
[2026-05-19 21:10:30] [INFO]   保存最佳模型，验证损失: 0.326698
[2026-05-19 21:10:30] [INFO] Epoch  11/200 | Train Loss: 0.229859 | Val Loss: 0.325927
[2026-05-19 21:10:30] [INFO]   保存最佳模型，验证损失: 0.325927
[2026-05-19 21:10:31] [INFO] Epoch  12/200 | Train Loss: 0.228177 | Val Loss: 0.325155
[2026-05-19 21:10:31] [INFO]   保存最佳模型，验证损失: 0.325155
[2026-05-19 21:10:31] [INFO] Epoch  13/200 | Train Loss: 0.228651 | Val Loss: 0.324380
[2026-05-19 21:10:31] [INFO]   保存最佳模型，验证损失: 0.324380
[2026-05-19 21:10:31] [INFO] Epoch  14/200 | Train Loss: 0.225899 | Val Loss: 0.323603
[2026-05-19 21:10:31] [INFO]   保存最佳模型，验证损失: 0.323603
[2026-05-19 21:10:31] [INFO] Epoch  15/200 | Train Loss: 0.226441 | Val Loss: 0.322823
[2026-05-19 21:10:31] [INFO]   保存最佳模型，验证损失: 0.322823
[2026-05-19 21:10:31] [INFO] Epoch  16/200 | Train Loss: 0.226359 | Val Loss: 0.322044
[2026-05-19 21:10:31] [INFO]   保存最佳模型，验证损失: 0.322044
[2026-05-19 21:10:31] [INFO] Epoch  17/200 | Train Loss: 0.225921 | Val Loss: 0.321273
[2026-05-19 21:10:31] [INFO]   保存最佳模型，验证损失: 0.321273
[2026-05-19 21:10:31] [INFO] Epoch  18/200 | Train Loss: 0.225888 | Val Loss: 0.320506
[2026-05-19 21:10:31] [INFO]   保存最佳模型，验证损失: 0.320506
[2026-05-19 21:10:31] [INFO] Epoch  19/200 | Train Loss: 0.223716 | Val Loss: 0.319743
[2026-05-19 21:10:31] [INFO]   保存最佳模型，验证损失: 0.319743
[2026-05-19 21:10:31] [INFO] Epoch  20/200 | Train Loss: 0.224473 | Val Loss: 0.318986
[2026-05-19 21:10:31] [INFO]   保存最佳模型，验证损失: 0.318986
[2026-05-19 21:10:31] [INFO] Epoch  21/200 | Train Loss: 0.223935 | Val Loss: 0.318233
[2026-05-19 21:10:32] [INFO]   保存最佳模型，验证损失: 0.318233
[2026-05-19 21:10:32] [INFO] Epoch  22/200 | Train Loss: 0.221420 | Val Loss: 0.317477
[2026-05-19 21:10:32] [INFO]   保存最佳模型，验证损失: 0.317477
[2026-05-19 21:10:32] [INFO] Epoch  23/200 | Train Loss: 0.221263 | Val Loss: 0.316721
[2026-05-19 21:10:32] [INFO]   保存最佳模型，验证损失: 0.316721
[2026-05-19 21:10:32] [INFO] Epoch  24/200 | Train Loss: 0.222043 | Val Loss: 0.315958
[2026-05-19 21:10:32] [INFO]   保存最佳模型，验证损失: 0.315958
[2026-05-19 21:10:32] [INFO] Epoch  25/200 | Train Loss: 0.221025 | Val Loss: 0.315194
[2026-05-19 21:10:32] [INFO]   保存最佳模型，验证损失: 0.315194
[2026-05-19 21:10:32] [INFO] Epoch  26/200 | Train Loss: 0.221028 | Val Loss: 0.314428
[2026-05-19 21:10:32] [INFO]   保存最佳模型，验证损失: 0.314428
[2026-05-19 21:10:32] [INFO] Epoch  27/200 | Train Loss: 0.221241 | Val Loss: 0.313666
[2026-05-19 21:10:32] [INFO]   保存最佳模型，验证损失: 0.313666
[2026-05-19 21:10:32] [INFO] Epoch  28/200 | Train Loss: 0.220133 | Val Loss: 0.312903
[2026-05-19 21:10:32] [INFO]   保存最佳模型，验证损失: 0.312903
[2026-05-19 21:10:32] [INFO] Epoch  29/200 | Train Loss: 0.221155 | Val Loss: 0.312133
[2026-05-19 21:10:32] [INFO]   保存最佳模型，验证损失: 0.312133
[2026-05-19 21:10:32] [INFO] Epoch  30/200 | Train Loss: 0.217844 | Val Loss: 0.311353
[2026-05-19 21:10:32] [INFO]   保存最佳模型，验证损失: 0.311353
[2026-05-19 21:10:32] [INFO] Epoch  31/200 | Train Loss: 0.216686 | Val Loss: 0.310568
[2026-05-19 21:10:32] [INFO]   保存最佳模型，验证损失: 0.310568
[2026-05-19 21:10:32] [INFO] Epoch  32/200 | Train Loss: 0.217119 | Val Loss: 0.309778
[2026-05-19 21:10:32] [INFO]   保存最佳模型，验证损失: 0.309778
[2026-05-19 21:10:32] [INFO] Epoch  33/200 | Train Loss: 0.218138 | Val Loss: 0.308992
[2026-05-19 21:10:32] [INFO]   保存最佳模型，验证损失: 0.308992
[2026-05-19 21:10:32] [INFO] Epoch  34/200 | Train Loss: 0.217756 | Val Loss: 0.308208
[2026-05-19 21:10:32] [INFO]   保存最佳模型，验证损失: 0.308208
[2026-05-19 21:10:33] [INFO] Epoch  35/200 | Train Loss: 0.218586 | Val Loss: 0.307425
[2026-05-19 21:10:33] [INFO]   保存最佳模型，验证损失: 0.307425
[2026-05-19 21:10:33] [INFO] Epoch  36/200 | Train Loss: 0.217382 | Val Loss: 0.306642
[2026-05-19 21:10:33] [INFO]   保存最佳模型，验证损失: 0.306642
[2026-05-19 21:10:33] [INFO] Epoch  37/200 | Train Loss: 0.215449 | Val Loss: 0.305850
[2026-05-19 21:10:33] [INFO]   保存最佳模型，验证损失: 0.305850
[2026-05-19 21:10:33] [INFO] Epoch  38/200 | Train Loss: 0.214794 | Val Loss: 0.305050
[2026-05-19 21:10:33] [INFO]   保存最佳模型，验证损失: 0.305050
[2026-05-19 21:10:33] [INFO] Epoch  39/200 | Train Loss: 0.212603 | Val Loss: 0.304243
[2026-05-19 21:10:33] [INFO]   保存最佳模型，验证损失: 0.304243
[2026-05-19 21:10:33] [INFO] Epoch  40/200 | Train Loss: 0.215156 | Val Loss: 0.303439
[2026-05-19 21:10:33] [INFO]   保存最佳模型，验证损失: 0.303439
[2026-05-19 21:10:33] [INFO] Epoch  41/200 | Train Loss: 0.211350 | Val Loss: 0.302628
[2026-05-19 21:10:33] [INFO]   保存最佳模型，验证损失: 0.302628
[2026-05-19 21:10:33] [INFO] Epoch  42/200 | Train Loss: 0.211545 | Val Loss: 0.301805
[2026-05-19 21:10:33] [INFO]   保存最佳模型，验证损失: 0.301805
[2026-05-19 21:10:33] [INFO] Epoch  43/200 | Train Loss: 0.213881 | Val Loss: 0.300979
[2026-05-19 21:10:33] [INFO]   保存最佳模型，验证损失: 0.300979
[2026-05-19 21:10:33] [INFO] Epoch  44/200 | Train Loss: 0.211278 | Val Loss: 0.300145
[2026-05-19 21:10:33] [INFO]   保存最佳模型，验证损失: 0.300145
[2026-05-19 21:10:33] [INFO] Epoch  45/200 | Train Loss: 0.211640 | Val Loss: 0.299305
[2026-05-19 21:10:33] [INFO]   保存最佳模型，验证损失: 0.299305
[2026-05-19 21:10:33] [INFO] Epoch  46/200 | Train Loss: 0.211271 | Val Loss: 0.298454
[2026-05-19 21:10:33] [INFO]   保存最佳模型，验证损失: 0.298454
[2026-05-19 21:10:33] [INFO] Epoch  47/200 | Train Loss: 0.209952 | Val Loss: 0.297591
[2026-05-19 21:10:33] [INFO]   保存最佳模型，验证损失: 0.297591
[2026-05-19 21:10:33] [INFO] Epoch  48/200 | Train Loss: 0.208825 | Val Loss: 0.296714
[2026-05-19 21:10:33] [INFO]   保存最佳模型，验证损失: 0.296714
[2026-05-19 21:10:34] [INFO] Epoch  49/200 | Train Loss: 0.208123 | Val Loss: 0.295825
[2026-05-19 21:10:34] [INFO]   保存最佳模型，验证损失: 0.295825
[2026-05-19 21:10:34] [INFO] Epoch  50/200 | Train Loss: 0.206734 | Val Loss: 0.294915
[2026-05-19 21:10:34] [INFO]   保存最佳模型，验证损失: 0.294915
[2026-05-19 21:10:34] [INFO] Epoch  51/200 | Train Loss: 0.208009 | Val Loss: 0.293993
[2026-05-19 21:10:34] [INFO]   保存最佳模型，验证损失: 0.293993
[2026-05-19 21:10:34] [INFO] Epoch  52/200 | Train Loss: 0.207889 | Val Loss: 0.293055
[2026-05-19 21:10:34] [INFO]   保存最佳模型，验证损失: 0.293055
[2026-05-19 21:10:34] [INFO] Epoch  53/200 | Train Loss: 0.205457 | Val Loss: 0.292102
[2026-05-19 21:10:34] [INFO]   保存最佳模型，验证损失: 0.292102
[2026-05-19 21:10:34] [INFO] Epoch  54/200 | Train Loss: 0.206035 | Val Loss: 0.291134
[2026-05-19 21:10:34] [INFO]   保存最佳模型，验证损失: 0.291134
[2026-05-19 21:10:34] [INFO] Epoch  55/200 | Train Loss: 0.203697 | Val Loss: 0.290154
[2026-05-19 21:10:34] [INFO]   保存最佳模型，验证损失: 0.290154
[2026-05-19 21:10:34] [INFO] Epoch  56/200 | Train Loss: 0.203604 | Val Loss: 0.289157
[2026-05-19 21:10:34] [INFO]   保存最佳模型，验证损失: 0.289157
[2026-05-19 21:10:34] [INFO] Epoch  57/200 | Train Loss: 0.202912 | Val Loss: 0.288141
[2026-05-19 21:10:34] [INFO]   保存最佳模型，验证损失: 0.288141
[2026-05-19 21:10:34] [INFO] Epoch  58/200 | Train Loss: 0.202876 | Val Loss: 0.287112
[2026-05-19 21:10:34] [INFO]   保存最佳模型，验证损失: 0.287112
[2026-05-19 21:10:34] [INFO] Epoch  59/200 | Train Loss: 0.202171 | Val Loss: 0.286071
[2026-05-19 21:10:34] [INFO]   保存最佳模型，验证损失: 0.286071
[2026-05-19 21:10:34] [INFO] Epoch  60/200 | Train Loss: 0.200552 | Val Loss: 0.285018
[2026-05-19 21:10:34] [INFO]   保存最佳模型，验证损失: 0.285018
[2026-05-19 21:10:35] [INFO] Epoch  61/200 | Train Loss: 0.201112 | Val Loss: 0.283945
[2026-05-19 21:10:35] [INFO]   保存最佳模型，验证损失: 0.283945
[2026-05-19 21:10:35] [INFO] Epoch  62/200 | Train Loss: 0.200225 | Val Loss: 0.282848
[2026-05-19 21:10:35] [INFO]   保存最佳模型，验证损失: 0.282848
[2026-05-19 21:10:35] [INFO] Epoch  63/200 | Train Loss: 0.201042 | Val Loss: 0.281737
[2026-05-19 21:10:35] [INFO]   保存最佳模型，验证损失: 0.281737
[2026-05-19 21:10:35] [INFO] Epoch  64/200 | Train Loss: 0.200603 | Val Loss: 0.280607
[2026-05-19 21:10:35] [INFO]   保存最佳模型，验证损失: 0.280607
[2026-05-19 21:10:35] [INFO] Epoch  65/200 | Train Loss: 0.198488 | Val Loss: 0.279463
[2026-05-19 21:10:35] [INFO]   保存最佳模型，验证损失: 0.279463
[2026-05-19 21:10:35] [INFO] Epoch  66/200 | Train Loss: 0.198913 | Val Loss: 0.278309
[2026-05-19 21:10:35] [INFO]   保存最佳模型，验证损失: 0.278309
[2026-05-19 21:10:35] [INFO] Epoch  67/200 | Train Loss: 0.195656 | Val Loss: 0.277135
[2026-05-19 21:10:35] [INFO]   保存最佳模型，验证损失: 0.277135
[2026-05-19 21:10:35] [INFO] Epoch  68/200 | Train Loss: 0.194596 | Val Loss: 0.275948
[2026-05-19 21:10:35] [INFO]   保存最佳模型，验证损失: 0.275948
[2026-05-19 21:10:35] [INFO] Epoch  69/200 | Train Loss: 0.196286 | Val Loss: 0.274746
[2026-05-19 21:10:35] [INFO]   保存最佳模型，验证损失: 0.274746
[2026-05-19 21:10:35] [INFO] Epoch  70/200 | Train Loss: 0.194758 | Val Loss: 0.273530
[2026-05-19 21:10:35] [INFO]   保存最佳模型，验证损失: 0.273530
[2026-05-19 21:10:35] [INFO] Epoch  71/200 | Train Loss: 0.191103 | Val Loss: 0.272293
[2026-05-19 21:10:35] [INFO]   保存最佳模型，验证损失: 0.272293
[2026-05-19 21:10:35] [INFO] Epoch  72/200 | Train Loss: 0.194734 | Val Loss: 0.271042
[2026-05-19 21:10:35] [INFO]   保存最佳模型，验证损失: 0.271042
[2026-05-19 21:10:35] [INFO] Epoch  73/200 | Train Loss: 0.192080 | Val Loss: 0.269779
[2026-05-19 21:10:35] [INFO]   保存最佳模型，验证损失: 0.269779
[2026-05-19 21:10:35] [INFO] Epoch  74/200 | Train Loss: 0.192211 | Val Loss: 0.268494
[2026-05-19 21:10:35] [INFO]   保存最佳模型，验证损失: 0.268494
[2026-05-19 21:10:35] [INFO] Epoch  75/200 | Train Loss: 0.191345 | Val Loss: 0.267193
[2026-05-19 21:10:35] [INFO]   保存最佳模型，验证损失: 0.267193
[2026-05-19 21:10:36] [INFO] Epoch  76/200 | Train Loss: 0.189756 | Val Loss: 0.265864
[2026-05-19 21:10:36] [INFO]   保存最佳模型，验证损失: 0.265864
[2026-05-19 21:10:36] [INFO] Epoch  77/200 | Train Loss: 0.186585 | Val Loss: 0.264510
[2026-05-19 21:10:36] [INFO]   保存最佳模型，验证损失: 0.264510
[2026-05-19 21:10:36] [INFO] Epoch  78/200 | Train Loss: 0.189730 | Val Loss: 0.263138
[2026-05-19 21:10:36] [INFO]   保存最佳模型，验证损失: 0.263138
[2026-05-19 21:10:36] [INFO] Epoch  79/200 | Train Loss: 0.188695 | Val Loss: 0.261744
[2026-05-19 21:10:36] [INFO]   保存最佳模型，验证损失: 0.261744
[2026-05-19 21:10:36] [INFO] Epoch  80/200 | Train Loss: 0.187009 | Val Loss: 0.260324
[2026-05-19 21:10:36] [INFO]   保存最佳模型，验证损失: 0.260324
[2026-05-19 21:10:36] [INFO] Epoch  81/200 | Train Loss: 0.185180 | Val Loss: 0.258871
[2026-05-19 21:10:36] [INFO]   保存最佳模型，验证损失: 0.258871
[2026-05-19 21:10:36] [INFO] Epoch  82/200 | Train Loss: 0.180773 | Val Loss: 0.257386
[2026-05-19 21:10:36] [INFO]   保存最佳模型，验证损失: 0.257386
[2026-05-19 21:10:36] [INFO] Epoch  83/200 | Train Loss: 0.181740 | Val Loss: 0.255873
[2026-05-19 21:10:36] [INFO]   保存最佳模型，验证损失: 0.255873
[2026-05-19 21:10:36] [INFO] Epoch  84/200 | Train Loss: 0.180918 | Val Loss: 0.254332
[2026-05-19 21:10:36] [INFO]   保存最佳模型，验证损失: 0.254332
[2026-05-19 21:10:36] [INFO] Epoch  85/200 | Train Loss: 0.179710 | Val Loss: 0.252756
[2026-05-19 21:10:36] [INFO]   保存最佳模型，验证损失: 0.252756
[2026-05-19 21:10:36] [INFO] Epoch  86/200 | Train Loss: 0.181022 | Val Loss: 0.251144
[2026-05-19 21:10:36] [INFO]   保存最佳模型，验证损失: 0.251144
[2026-05-19 21:10:36] [INFO] Epoch  87/200 | Train Loss: 0.180293 | Val Loss: 0.249495
[2026-05-19 21:10:36] [INFO]   保存最佳模型，验证损失: 0.249495
[2026-05-19 21:10:36] [INFO] Epoch  88/200 | Train Loss: 0.178446 | Val Loss: 0.247811
[2026-05-19 21:10:36] [INFO]   保存最佳模型，验证损失: 0.247811
[2026-05-19 21:10:36] [INFO] Epoch  89/200 | Train Loss: 0.177249 | Val Loss: 0.246092
[2026-05-19 21:10:36] [INFO]   保存最佳模型，验证损失: 0.246092
[2026-05-19 21:10:36] [INFO] Epoch  90/200 | Train Loss: 0.175203 | Val Loss: 0.244336
[2026-05-19 21:10:36] [INFO]   保存最佳模型，验证损失: 0.244336
[2026-05-19 21:10:36] [INFO] Epoch  91/200 | Train Loss: 0.176814 | Val Loss: 0.242550
[2026-05-19 21:10:36] [INFO]   保存最佳模型，验证损失: 0.242550
[2026-05-19 21:10:37] [INFO] Epoch  92/200 | Train Loss: 0.171848 | Val Loss: 0.240720
[2026-05-19 21:10:37] [INFO]   保存最佳模型，验证损失: 0.240720
[2026-05-19 21:10:37] [INFO] Epoch  93/200 | Train Loss: 0.172902 | Val Loss: 0.238854
[2026-05-19 21:10:37] [INFO]   保存最佳模型，验证损失: 0.238854
[2026-05-19 21:10:37] [INFO] Epoch  94/200 | Train Loss: 0.170688 | Val Loss: 0.236952
[2026-05-19 21:10:37] [INFO]   保存最佳模型，验证损失: 0.236952
[2026-05-19 21:10:37] [INFO] Epoch  95/200 | Train Loss: 0.169977 | Val Loss: 0.235016
[2026-05-19 21:10:37] [INFO]   保存最佳模型，验证损失: 0.235016
[2026-05-19 21:10:37] [INFO] Epoch  96/200 | Train Loss: 0.169098 | Val Loss: 0.233050
[2026-05-19 21:10:37] [INFO]   保存最佳模型，验证损失: 0.233050
[2026-05-19 21:10:37] [INFO] Epoch  97/200 | Train Loss: 0.167234 | Val Loss: 0.231038
[2026-05-19 21:10:37] [INFO]   保存最佳模型，验证损失: 0.231038
[2026-05-19 21:10:37] [INFO] Epoch  98/200 | Train Loss: 0.168414 | Val Loss: 0.228974
[2026-05-19 21:10:37] [INFO]   保存最佳模型，验证损失: 0.228974
[2026-05-19 21:10:37] [INFO] Epoch  99/200 | Train Loss: 0.166676 | Val Loss: 0.226864
[2026-05-19 21:10:37] [INFO]   保存最佳模型，验证损失: 0.226864
[2026-05-19 21:10:37] [INFO] Epoch 100/200 | Train Loss: 0.162227 | Val Loss: 0.224706
[2026-05-19 21:10:37] [INFO]   保存最佳模型，验证损失: 0.224706
[2026-05-19 21:10:37] [INFO] Epoch 101/200 | Train Loss: 0.162682 | Val Loss: 0.222505
[2026-05-19 21:10:37] [INFO]   保存最佳模型，验证损失: 0.222505
[2026-05-19 21:10:37] [INFO] Epoch 102/200 | Train Loss: 0.163716 | Val Loss: 0.220263
[2026-05-19 21:10:37] [INFO]   保存最佳模型，验证损失: 0.220263
[2026-05-19 21:10:37] [INFO] Epoch 103/200 | Train Loss: 0.163509 | Val Loss: 0.217982
[2026-05-19 21:10:37] [INFO]   保存最佳模型，验证损失: 0.217982
[2026-05-19 21:10:37] [INFO] Epoch 104/200 | Train Loss: 0.157250 | Val Loss: 0.215660
[2026-05-19 21:10:37] [INFO]   保存最佳模型，验证损失: 0.215660
[2026-05-19 21:10:37] [INFO] Epoch 105/200 | Train Loss: 0.160377 | Val Loss: 0.213295
[2026-05-19 21:10:37] [INFO]   保存最佳模型，验证损失: 0.213295
[2026-05-19 21:10:37] [INFO] Epoch 106/200 | Train Loss: 0.160619 | Val Loss: 0.210901
[2026-05-19 21:10:37] [INFO]   保存最佳模型，验证损失: 0.210901
[2026-05-19 21:10:38] [INFO] Epoch 107/200 | Train Loss: 0.157076 | Val Loss: 0.208454
[2026-05-19 21:10:38] [INFO]   保存最佳模型，验证损失: 0.208454
[2026-05-19 21:10:38] [INFO] Epoch 108/200 | Train Loss: 0.152893 | Val Loss: 0.205957
[2026-05-19 21:10:38] [INFO]   保存最佳模型，验证损失: 0.205957
[2026-05-19 21:10:38] [INFO] Epoch 109/200 | Train Loss: 0.150751 | Val Loss: 0.203376
[2026-05-19 21:10:38] [INFO]   保存最佳模型，验证损失: 0.203376
[2026-05-19 21:10:38] [INFO] Epoch 110/200 | Train Loss: 0.150863 | Val Loss: 0.200741
[2026-05-19 21:10:38] [INFO]   保存最佳模型，验证损失: 0.200741
[2026-05-19 21:10:38] [INFO] Epoch 111/200 | Train Loss: 0.149548 | Val Loss: 0.198047
[2026-05-19 21:10:38] [INFO]   保存最佳模型，验证损失: 0.198047
[2026-05-19 21:10:38] [INFO] Epoch 112/200 | Train Loss: 0.145821 | Val Loss: 0.195293
[2026-05-19 21:10:38] [INFO]   保存最佳模型，验证损失: 0.195293
[2026-05-19 21:10:38] [INFO] Epoch 113/200 | Train Loss: 0.147495 | Val Loss: 0.192487
[2026-05-19 21:10:38] [INFO]   保存最佳模型，验证损失: 0.192487
[2026-05-19 21:10:38] [INFO] Epoch 114/200 | Train Loss: 0.145314 | Val Loss: 0.189645
[2026-05-19 21:10:38] [INFO]   保存最佳模型，验证损失: 0.189645
[2026-05-19 21:10:38] [INFO] Epoch 115/200 | Train Loss: 0.140945 | Val Loss: 0.186752
[2026-05-19 21:10:38] [INFO]   保存最佳模型，验证损失: 0.186752
[2026-05-19 21:10:38] [INFO] Epoch 116/200 | Train Loss: 0.140001 | Val Loss: 0.183824
[2026-05-19 21:10:38] [INFO]   保存最佳模型，验证损失: 0.183824
[2026-05-19 21:10:38] [INFO] Epoch 117/200 | Train Loss: 0.138786 | Val Loss: 0.180869
[2026-05-19 21:10:38] [INFO]   保存最佳模型，验证损失: 0.180869
[2026-05-19 21:10:38] [INFO] Epoch 118/200 | Train Loss: 0.139349 | Val Loss: 0.177890
[2026-05-19 21:10:38] [INFO]   保存最佳模型，验证损失: 0.177890
[2026-05-19 21:10:38] [INFO] Epoch 119/200 | Train Loss: 0.133434 | Val Loss: 0.174867
[2026-05-19 21:10:38] [INFO]   保存最佳模型，验证损失: 0.174867
[2026-05-19 21:10:38] [INFO] Epoch 120/200 | Train Loss: 0.135930 | Val Loss: 0.171818
[2026-05-19 21:10:38] [INFO]   保存最佳模型，验证损失: 0.171818
[2026-05-19 21:10:38] [INFO] Epoch 121/200 | Train Loss: 0.127572 | Val Loss: 0.168725
[2026-05-19 21:10:38] [INFO]   保存最佳模型，验证损失: 0.168725
[2026-05-19 21:10:39] [INFO] Epoch 122/200 | Train Loss: 0.127315 | Val Loss: 0.165595
[2026-05-19 21:10:39] [INFO]   保存最佳模型，验证损失: 0.165595
[2026-05-19 21:10:39] [INFO] Epoch 123/200 | Train Loss: 0.133033 | Val Loss: 0.162435
[2026-05-19 21:10:39] [INFO]   保存最佳模型，验证损失: 0.162435
[2026-05-19 21:10:39] [INFO] Epoch 124/200 | Train Loss: 0.125201 | Val Loss: 0.159241
[2026-05-19 21:10:39] [INFO]   保存最佳模型，验证损失: 0.159241
[2026-05-19 21:10:39] [INFO] Epoch 125/200 | Train Loss: 0.123358 | Val Loss: 0.156012
[2026-05-19 21:10:39] [INFO]   保存最佳模型，验证损失: 0.156012
[2026-05-19 21:10:39] [INFO] Epoch 126/200 | Train Loss: 0.122455 | Val Loss: 0.152761
[2026-05-19 21:10:39] [INFO]   保存最佳模型，验证损失: 0.152761
[2026-05-19 21:10:39] [INFO] Epoch 127/200 | Train Loss: 0.121514 | Val Loss: 0.149495
[2026-05-19 21:10:39] [INFO]   保存最佳模型，验证损失: 0.149495
[2026-05-19 21:10:39] [INFO] Epoch 128/200 | Train Loss: 0.122515 | Val Loss: 0.146195
[2026-05-19 21:10:39] [INFO]   保存最佳模型，验证损失: 0.146195
[2026-05-19 21:10:39] [INFO] Epoch 129/200 | Train Loss: 0.120837 | Val Loss: 0.142872
[2026-05-19 21:10:39] [INFO]   保存最佳模型，验证损失: 0.142872
[2026-05-19 21:10:39] [INFO] Epoch 130/200 | Train Loss: 0.117576 | Val Loss: 0.139533
[2026-05-19 21:10:39] [INFO]   保存最佳模型，验证损失: 0.139533
[2026-05-19 21:10:39] [INFO] Epoch 131/200 | Train Loss: 0.118124 | Val Loss: 0.136199
[2026-05-19 21:10:39] [INFO]   保存最佳模型，验证损失: 0.136199
[2026-05-19 21:10:39] [INFO] Epoch 132/200 | Train Loss: 0.111316 | Val Loss: 0.132857
[2026-05-19 21:10:39] [INFO]   保存最佳模型，验证损失: 0.132857
[2026-05-19 21:10:39] [INFO] Epoch 133/200 | Train Loss: 0.110725 | Val Loss: 0.129502
[2026-05-19 21:10:39] [INFO]   保存最佳模型，验证损失: 0.129502
[2026-05-19 21:10:39] [INFO] Epoch 134/200 | Train Loss: 0.107116 | Val Loss: 0.126144
[2026-05-19 21:10:39] [INFO]   保存最佳模型，验证损失: 0.126144
[2026-05-19 21:10:39] [INFO] Epoch 135/200 | Train Loss: 0.107750 | Val Loss: 0.122804
[2026-05-19 21:10:39] [INFO]   保存最佳模型，验证损失: 0.122804
[2026-05-19 21:10:39] [INFO] Epoch 136/200 | Train Loss: 0.103392 | Val Loss: 0.119486
[2026-05-19 21:10:39] [INFO]   保存最佳模型，验证损失: 0.119486
[2026-05-19 21:10:39] [INFO] Epoch 137/200 | Train Loss: 0.105572 | Val Loss: 0.116190
[2026-05-19 21:10:39] [INFO]   保存最佳模型，验证损失: 0.116190
[2026-05-19 21:10:40] [INFO] Epoch 138/200 | Train Loss: 0.100869 | Val Loss: 0.112912
[2026-05-19 21:10:40] [INFO]   保存最佳模型，验证损失: 0.112912
[2026-05-19 21:10:40] [INFO] Epoch 139/200 | Train Loss: 0.101240 | Val Loss: 0.109651
[2026-05-19 21:10:40] [INFO]   保存最佳模型，验证损失: 0.109651
[2026-05-19 21:10:40] [INFO] Epoch 140/200 | Train Loss: 0.092962 | Val Loss: 0.106394
[2026-05-19 21:10:40] [INFO]   保存最佳模型，验证损失: 0.106394
[2026-05-19 21:10:40] [INFO] Epoch 141/200 | Train Loss: 0.094221 | Val Loss: 0.103187
[2026-05-19 21:10:40] [INFO]   保存最佳模型，验证损失: 0.103187
[2026-05-19 21:10:40] [INFO] Epoch 142/200 | Train Loss: 0.089591 | Val Loss: 0.100007
[2026-05-19 21:10:40] [INFO]   保存最佳模型，验证损失: 0.100007
[2026-05-19 21:10:40] [INFO] Epoch 143/200 | Train Loss: 0.086597 | Val Loss: 0.096864
[2026-05-19 21:10:40] [INFO]   保存最佳模型，验证损失: 0.096864
[2026-05-19 21:10:40] [INFO] Epoch 144/200 | Train Loss: 0.085422 | Val Loss: 0.093764
[2026-05-19 21:10:40] [INFO]   保存最佳模型，验证损失: 0.093764
[2026-05-19 21:10:40] [INFO] Epoch 145/200 | Train Loss: 0.090337 | Val Loss: 0.090724
[2026-05-19 21:10:40] [INFO]   保存最佳模型，验证损失: 0.090724
[2026-05-19 21:10:40] [INFO] Epoch 146/200 | Train Loss: 0.085627 | Val Loss: 0.087754
[2026-05-19 21:10:40] [INFO]   保存最佳模型，验证损失: 0.087754
[2026-05-19 21:10:40] [INFO] Epoch 147/200 | Train Loss: 0.094927 | Val Loss: 0.084880
[2026-05-19 21:10:40] [INFO]   保存最佳模型，验证损失: 0.084880
[2026-05-19 21:10:40] [INFO] Epoch 148/200 | Train Loss: 0.080490 | Val Loss: 0.082079
[2026-05-19 21:10:40] [INFO]   保存最佳模型，验证损失: 0.082079
[2026-05-19 21:10:40] [INFO] Epoch 149/200 | Train Loss: 0.080421 | Val Loss: 0.079356
[2026-05-19 21:10:40] [INFO]   保存最佳模型，验证损失: 0.079356
[2026-05-19 21:10:40] [INFO] Epoch 150/200 | Train Loss: 0.078844 | Val Loss: 0.076737
[2026-05-19 21:10:40] [INFO]   保存最佳模型，验证损失: 0.076737
[2026-05-19 21:10:40] [INFO] Epoch 151/200 | Train Loss: 0.077914 | Val Loss: 0.074228
[2026-05-19 21:10:40] [INFO]   保存最佳模型，验证损失: 0.074228
[2026-05-19 21:10:40] [INFO] Epoch 152/200 | Train Loss: 0.077297 | Val Loss: 0.071825
[2026-05-19 21:10:40] [INFO]   保存最佳模型，验证损失: 0.071825
[2026-05-19 21:10:40] [INFO] Epoch 153/200 | Train Loss: 0.069985 | Val Loss: 0.069524
[2026-05-19 21:10:41] [INFO]   保存最佳模型，验证损失: 0.069524
[2026-05-19 21:10:41] [INFO] Epoch 154/200 | Train Loss: 0.067320 | Val Loss: 0.067309
[2026-05-19 21:10:41] [INFO]   保存最佳模型，验证损失: 0.067309
[2026-05-19 21:10:41] [INFO] Epoch 155/200 | Train Loss: 0.074310 | Val Loss: 0.065188
[2026-05-19 21:10:41] [INFO]   保存最佳模型，验证损失: 0.065188
[2026-05-19 21:10:41] [INFO] Epoch 156/200 | Train Loss: 0.072777 | Val Loss: 0.063176
[2026-05-19 21:10:41] [INFO]   保存最佳模型，验证损失: 0.063176
[2026-05-19 21:10:41] [INFO] Epoch 157/200 | Train Loss: 0.075053 | Val Loss: 0.061258
[2026-05-19 21:10:41] [INFO]   保存最佳模型，验证损失: 0.061258
[2026-05-19 21:10:41] [INFO] Epoch 158/200 | Train Loss: 0.069849 | Val Loss: 0.059460
[2026-05-19 21:10:41] [INFO]   保存最佳模型，验证损失: 0.059460
[2026-05-19 21:10:41] [INFO] Epoch 159/200 | Train Loss: 0.068453 | Val Loss: 0.057720
[2026-05-19 21:10:41] [INFO]   保存最佳模型，验证损失: 0.057720
[2026-05-19 21:10:41] [INFO] Epoch 160/200 | Train Loss: 0.064721 | Val Loss: 0.056060
[2026-05-19 21:10:41] [INFO]   保存最佳模型，验证损失: 0.056060
[2026-05-19 21:10:41] [INFO] Epoch 161/200 | Train Loss: 0.067214 | Val Loss: 0.054501
[2026-05-19 21:10:41] [INFO]   保存最佳模型，验证损失: 0.054501
[2026-05-19 21:10:41] [INFO] Epoch 162/200 | Train Loss: 0.065918 | Val Loss: 0.053054
[2026-05-19 21:10:41] [INFO]   保存最佳模型，验证损失: 0.053054
[2026-05-19 21:10:41] [INFO] Epoch 163/200 | Train Loss: 0.067762 | Val Loss: 0.051686
[2026-05-19 21:10:41] [INFO]   保存最佳模型，验证损失: 0.051686
[2026-05-19 21:10:41] [INFO] Epoch 164/200 | Train Loss: 0.060618 | Val Loss: 0.050401
[2026-05-19 21:10:41] [INFO]   保存最佳模型，验证损失: 0.050401
[2026-05-19 21:10:41] [INFO] Epoch 165/200 | Train Loss: 0.066261 | Val Loss: 0.049249
[2026-05-19 21:10:41] [INFO]   保存最佳模型，验证损失: 0.049249
[2026-05-19 21:10:41] [INFO] Epoch 166/200 | Train Loss: 0.058945 | Val Loss: 0.048170
[2026-05-19 21:10:41] [INFO]   保存最佳模型，验证损失: 0.048170
[2026-05-19 21:10:42] [INFO] Epoch 167/200 | Train Loss: 0.063238 | Val Loss: 0.047178
[2026-05-19 21:10:42] [INFO]   保存最佳模型，验证损失: 0.047178
[2026-05-19 21:10:42] [INFO] Epoch 168/200 | Train Loss: 0.063708 | Val Loss: 0.046249
[2026-05-19 21:10:42] [INFO]   保存最佳模型，验证损失: 0.046249
[2026-05-19 21:10:42] [INFO] Epoch 169/200 | Train Loss: 0.066289 | Val Loss: 0.045429
[2026-05-19 21:10:42] [INFO]   保存最佳模型，验证损失: 0.045429
[2026-05-19 21:10:42] [INFO] Epoch 170/200 | Train Loss: 0.060369 | Val Loss: 0.044617
[2026-05-19 21:10:42] [INFO]   保存最佳模型，验证损失: 0.044617
[2026-05-19 21:10:42] [INFO] Epoch 171/200 | Train Loss: 0.063079 | Val Loss: 0.043835
[2026-05-19 21:10:42] [INFO]   保存最佳模型，验证损失: 0.043835
[2026-05-19 21:10:42] [INFO] Epoch 172/200 | Train Loss: 0.056704 | Val Loss: 0.043122
[2026-05-19 21:10:42] [INFO]   保存最佳模型，验证损失: 0.043122
[2026-05-19 21:10:42] [INFO] Epoch 173/200 | Train Loss: 0.057310 | Val Loss: 0.042443
[2026-05-19 21:10:42] [INFO]   保存最佳模型，验证损失: 0.042443
[2026-05-19 21:10:42] [INFO] Epoch 174/200 | Train Loss: 0.057484 | Val Loss: 0.041859
[2026-05-19 21:10:42] [INFO]   保存最佳模型，验证损失: 0.041859
[2026-05-19 21:10:42] [INFO] Epoch 175/200 | Train Loss: 0.059602 | Val Loss: 0.041353
[2026-05-19 21:10:42] [INFO]   保存最佳模型，验证损失: 0.041353
[2026-05-19 21:10:42] [INFO] Epoch 176/200 | Train Loss: 0.054636 | Val Loss: 0.040866
[2026-05-19 21:10:42] [INFO]   保存最佳模型，验证损失: 0.040866
[2026-05-19 21:10:42] [INFO] Epoch 177/200 | Train Loss: 0.058037 | Val Loss: 0.040417
[2026-05-19 21:10:42] [INFO]   保存最佳模型，验证损失: 0.040417
[2026-05-19 21:10:42] [INFO] Epoch 178/200 | Train Loss: 0.055070 | Val Loss: 0.039977
[2026-05-19 21:10:42] [INFO]   保存最佳模型，验证损失: 0.039977
[2026-05-19 21:10:42] [INFO] Epoch 179/200 | Train Loss: 0.058457 | Val Loss: 0.039587
[2026-05-19 21:10:42] [INFO]   保存最佳模型，验证损失: 0.039587
[2026-05-19 21:10:42] [INFO] Epoch 180/200 | Train Loss: 0.056994 | Val Loss: 0.039221
[2026-05-19 21:10:42] [INFO]   保存最佳模型，验证损失: 0.039221
[2026-05-19 21:10:42] [INFO] Epoch 181/200 | Train Loss: 0.051296 | Val Loss: 0.038862
[2026-05-19 21:10:42] [INFO]   保存最佳模型，验证损失: 0.038862
[2026-05-19 21:10:42] [INFO] Epoch 182/200 | Train Loss: 0.054614 | Val Loss: 0.038442
[2026-05-19 21:10:42] [INFO]   保存最佳模型，验证损失: 0.038442
[2026-05-19 21:10:43] [INFO] Epoch 183/200 | Train Loss: 0.054031 | Val Loss: 0.038009
[2026-05-19 21:10:43] [INFO]   保存最佳模型，验证损失: 0.038009
[2026-05-19 21:10:43] [INFO] Epoch 184/200 | Train Loss: 0.049049 | Val Loss: 0.037608
[2026-05-19 21:10:43] [INFO]   保存最佳模型，验证损失: 0.037608
[2026-05-19 21:10:43] [INFO] Epoch 185/200 | Train Loss: 0.054380 | Val Loss: 0.037202
[2026-05-19 21:10:43] [INFO]   保存最佳模型，验证损失: 0.037202
[2026-05-19 21:10:43] [INFO] Epoch 186/200 | Train Loss: 0.046756 | Val Loss: 0.036820
[2026-05-19 21:10:43] [INFO]   保存最佳模型，验证损失: 0.036820
[2026-05-19 21:10:43] [INFO] Epoch 187/200 | Train Loss: 0.050679 | Val Loss: 0.036444
[2026-05-19 21:10:43] [INFO]   保存最佳模型，验证损失: 0.036444
[2026-05-19 21:10:43] [INFO] Epoch 188/200 | Train Loss: 0.051299 | Val Loss: 0.036018
[2026-05-19 21:10:43] [INFO]   保存最佳模型，验证损失: 0.036018
[2026-05-19 21:10:43] [INFO] Epoch 189/200 | Train Loss: 0.054367 | Val Loss: 0.035631
[2026-05-19 21:10:43] [INFO]   保存最佳模型，验证损失: 0.035631
[2026-05-19 21:10:43] [INFO] Epoch 190/200 | Train Loss: 0.051790 | Val Loss: 0.035240
[2026-05-19 21:10:43] [INFO]   保存最佳模型，验证损失: 0.035240
[2026-05-19 21:10:43] [INFO] Epoch 191/200 | Train Loss: 0.049936 | Val Loss: 0.034869
[2026-05-19 21:10:43] [INFO]   保存最佳模型，验证损失: 0.034869
[2026-05-19 21:10:43] [INFO] Epoch 192/200 | Train Loss: 0.051235 | Val Loss: 0.034478
[2026-05-19 21:10:43] [INFO]   保存最佳模型，验证损失: 0.034478
[2026-05-19 21:10:43] [INFO] Epoch 193/200 | Train Loss: 0.052554 | Val Loss: 0.034073
[2026-05-19 21:10:43] [INFO]   保存最佳模型，验证损失: 0.034073
[2026-05-19 21:10:43] [INFO] Epoch 194/200 | Train Loss: 0.050048 | Val Loss: 0.033689
[2026-05-19 21:10:43] [INFO]   保存最佳模型，验证损失: 0.033689
[2026-05-19 21:10:43] [INFO] Epoch 195/200 | Train Loss: 0.051433 | Val Loss: 0.033316
[2026-05-19 21:10:43] [INFO]   保存最佳模型，验证损失: 0.033316
[2026-05-19 21:10:43] [INFO] Epoch 196/200 | Train Loss: 0.051716 | Val Loss: 0.032931
[2026-05-19 21:10:43] [INFO]   保存最佳模型，验证损失: 0.032931
[2026-05-19 21:10:43] [INFO] Epoch 197/200 | Train Loss: 0.046166 | Val Loss: 0.032569
[2026-05-19 21:10:43] [INFO]   保存最佳模型，验证损失: 0.032569
[2026-05-19 21:10:43] [INFO] Epoch 198/200 | Train Loss: 0.050466 | Val Loss: 0.032153
[2026-05-19 21:10:43] [INFO]   保存最佳模型，验证损失: 0.032153
[2026-05-19 21:10:44] [INFO] Epoch 199/200 | Train Loss: 0.048971 | Val Loss: 0.031716
[2026-05-19 21:10:44] [INFO]   保存最佳模型，验证损失: 0.031716
[2026-05-19 21:10:44] [INFO] Epoch 200/200 | Train Loss: 0.048535 | Val Loss: 0.031276
[2026-05-19 21:10:44] [INFO]   保存最佳模型，验证损失: 0.031276
[2026-05-19 21:10:44] [INFO] 训练结束，最佳验证损失: 0.031276
[2026-05-19 21:10:45] [INFO] 训练完成！
[2026-05-24 22:03:54] [INFO] Residual LSTM 训练开始 (残差预测)
[2026-05-24 22:04:38] [INFO] Device: cpu, Batch size: 256, Hist: 15, Pred: 10, Norm: True
[2026-05-24 22:04:38] [INFO] 加载 1 个文件...
[2026-05-24 22:04:39] [INFO] 已加载 0/1 文件
[2026-05-24 22:04:39] [INFO] 批量拟合完成 - 状态: (1359, 4), 控制: (1359, 2), 基础: (1359, 4), 差异: (1359, 4)
[2026-05-24 22:04:39] [INFO] 开始归一化train集样本...
[2026-05-24 22:04:39] [INFO] 归一化完成
[2026-05-24 22:04:39] [INFO] train数据集: 1个文件，84个样本
[2026-05-24 22:04:39] [INFO] 归一化器已保存到: ./results/residual_lstm_20260524_2203\checkpoints\scalers.pkl
[2026-05-24 22:04:39] [INFO] 总样本数: 84, 训练: 67, 验证: 17
[2026-05-24 22:04:39] [INFO] 开始训练...
[2026-05-24 22:04:39] [INFO] Epoch   1/200 | Train Loss: 0.232933 | Val Loss: 0.333675
[2026-05-24 22:04:39] [INFO]   保存最佳模型，验证损失: 0.333675
[2026-05-24 22:04:39] [INFO] Epoch   2/200 | Train Loss: 0.231239 | Val Loss: 0.332900
[2026-05-24 22:04:39] [INFO]   保存最佳模型，验证损失: 0.332900
[2026-05-24 22:04:39] [INFO] Epoch   3/200 | Train Loss: 0.233894 | Val Loss: 0.332128
[2026-05-24 22:04:39] [INFO]   保存最佳模型，验证损失: 0.332128
[2026-05-24 22:04:39] [INFO] Epoch   4/200 | Train Loss: 0.232574 | Val Loss: 0.331351
[2026-05-24 22:04:39] [INFO]   保存最佳模型，验证损失: 0.331351
[2026-05-24 22:04:39] [INFO] Epoch   5/200 | Train Loss: 0.231898 | Val Loss: 0.330572
[2026-05-24 22:04:39] [INFO]   保存最佳模型，验证损失: 0.330572
[2026-05-24 22:04:39] [INFO] Epoch   6/200 | Train Loss: 0.230480 | Val Loss: 0.329797
[2026-05-24 22:04:39] [INFO]   保存最佳模型，验证损失: 0.329797
[2026-05-24 22:04:39] [INFO] Epoch   7/200 | Train Loss: 0.231418 | Val Loss: 0.329020
[2026-05-24 22:04:39] [INFO]   保存最佳模型，验证损失: 0.329020
[2026-05-24 22:04:39] [INFO] Epoch   8/200 | Train Loss: 0.230604 | Val Loss: 0.328244
[2026-05-24 22:04:39] [INFO]   保存最佳模型，验证损失: 0.328244
[2026-05-24 22:04:40] [INFO] Epoch   9/200 | Train Loss: 0.232376 | Val Loss: 0.327469
[2026-05-24 22:04:40] [INFO]   保存最佳模型，验证损失: 0.327469
[2026-05-24 22:04:40] [INFO] Epoch  10/200 | Train Loss: 0.228366 | Val Loss: 0.326698
[2026-05-24 22:04:40] [INFO]   保存最佳模型，验证损失: 0.326698
[2026-05-24 22:04:40] [INFO] Epoch  11/200 | Train Loss: 0.229859 | Val Loss: 0.325927
[2026-05-24 22:04:40] [INFO]   保存最佳模型，验证损失: 0.325927
[2026-05-24 22:04:40] [INFO] Epoch  12/200 | Train Loss: 0.228177 | Val Loss: 0.325155
[2026-05-24 22:04:40] [INFO]   保存最佳模型，验证损失: 0.325155
[2026-05-24 22:04:40] [INFO] Epoch  13/200 | Train Loss: 0.228651 | Val Loss: 0.324380
[2026-05-24 22:04:40] [INFO]   保存最佳模型，验证损失: 0.324380
[2026-05-24 22:04:40] [INFO] Epoch  14/200 | Train Loss: 0.225899 | Val Loss: 0.323603
[2026-05-24 22:04:40] [INFO]   保存最佳模型，验证损失: 0.323603
[2026-05-24 22:04:40] [INFO] Epoch  15/200 | Train Loss: 0.226441 | Val Loss: 0.322823
[2026-05-24 22:04:40] [INFO]   保存最佳模型，验证损失: 0.322823
[2026-05-24 22:04:40] [INFO] Epoch  16/200 | Train Loss: 0.226359 | Val Loss: 0.322044
[2026-05-24 22:04:40] [INFO]   保存最佳模型，验证损失: 0.322044
[2026-05-24 22:04:40] [INFO] Epoch  17/200 | Train Loss: 0.225921 | Val Loss: 0.321273
[2026-05-24 22:04:40] [INFO]   保存最佳模型，验证损失: 0.321273
[2026-05-24 22:04:40] [INFO] Epoch  18/200 | Train Loss: 0.225888 | Val Loss: 0.320506
[2026-05-24 22:04:40] [INFO]   保存最佳模型，验证损失: 0.320506
[2026-05-24 22:04:40] [INFO] Epoch  19/200 | Train Loss: 0.223716 | Val Loss: 0.319743
[2026-05-24 22:04:40] [INFO]   保存最佳模型，验证损失: 0.319743
[2026-05-24 22:04:40] [INFO] Epoch  20/200 | Train Loss: 0.224473 | Val Loss: 0.318986
[2026-05-24 22:04:40] [INFO]   保存最佳模型，验证损失: 0.318986
[2026-05-24 22:04:41] [INFO] Epoch  21/200 | Train Loss: 0.223935 | Val Loss: 0.318233
[2026-05-24 22:04:41] [INFO]   保存最佳模型，验证损失: 0.318233
[2026-05-24 22:04:41] [INFO] Epoch  22/200 | Train Loss: 0.221420 | Val Loss: 0.317477
[2026-05-24 22:04:41] [INFO]   保存最佳模型，验证损失: 0.317477
[2026-05-24 22:04:41] [INFO] Epoch  23/200 | Train Loss: 0.221263 | Val Loss: 0.316721
[2026-05-24 22:04:41] [INFO]   保存最佳模型，验证损失: 0.316721
[2026-05-24 22:04:41] [INFO] Epoch  24/200 | Train Loss: 0.222043 | Val Loss: 0.315958
[2026-05-24 22:04:41] [INFO]   保存最佳模型，验证损失: 0.315958
[2026-05-24 22:04:41] [INFO] Epoch  25/200 | Train Loss: 0.221025 | Val Loss: 0.315194
[2026-05-24 22:04:41] [INFO]   保存最佳模型，验证损失: 0.315194
[2026-05-24 22:04:41] [INFO] Epoch  26/200 | Train Loss: 0.221028 | Val Loss: 0.314428
[2026-05-24 22:04:41] [INFO]   保存最佳模型，验证损失: 0.314428
[2026-05-24 22:04:41] [INFO] Epoch  27/200 | Train Loss: 0.221241 | Val Loss: 0.313666
[2026-05-24 22:04:41] [INFO]   保存最佳模型，验证损失: 0.313666
[2026-05-24 22:04:41] [INFO] Epoch  28/200 | Train Loss: 0.220133 | Val Loss: 0.312903
[2026-05-24 22:04:41] [INFO]   保存最佳模型，验证损失: 0.312903
[2026-05-24 22:04:41] [INFO] Epoch  29/200 | Train Loss: 0.221155 | Val Loss: 0.312133
[2026-05-24 22:04:41] [INFO]   保存最佳模型，验证损失: 0.312133
[2026-05-24 22:04:41] [INFO] Epoch  30/200 | Train Loss: 0.217844 | Val Loss: 0.311353
[2026-05-24 22:04:41] [INFO]   保存最佳模型，验证损失: 0.311353
[2026-05-24 22:04:41] [INFO] Epoch  31/200 | Train Loss: 0.216686 | Val Loss: 0.310568
[2026-05-24 22:04:41] [INFO]   保存最佳模型，验证损失: 0.310568
[2026-05-24 22:04:41] [INFO] Epoch  32/200 | Train Loss: 0.217119 | Val Loss: 0.309778
[2026-05-24 22:04:41] [INFO]   保存最佳模型，验证损失: 0.309778
[2026-05-24 22:04:41] [INFO] Epoch  33/200 | Train Loss: 0.218138 | Val Loss: 0.308992
[2026-05-24 22:04:41] [INFO]   保存最佳模型，验证损失: 0.308992
[2026-05-24 22:04:41] [INFO] Epoch  34/200 | Train Loss: 0.217756 | Val Loss: 0.308208
[2026-05-24 22:04:41] [INFO]   保存最佳模型，验证损失: 0.308208
[2026-05-24 22:04:42] [INFO] Epoch  35/200 | Train Loss: 0.218586 | Val Loss: 0.307425
[2026-05-24 22:04:42] [INFO]   保存最佳模型，验证损失: 0.307425
[2026-05-24 22:04:42] [INFO] Epoch  36/200 | Train Loss: 0.217382 | Val Loss: 0.306642
[2026-05-24 22:04:42] [INFO]   保存最佳模型，验证损失: 0.306642
[2026-05-24 22:04:42] [INFO] Epoch  37/200 | Train Loss: 0.215449 | Val Loss: 0.305850
[2026-05-24 22:04:42] [INFO]   保存最佳模型，验证损失: 0.305850
[2026-05-24 22:04:42] [INFO] Epoch  38/200 | Train Loss: 0.214794 | Val Loss: 0.305050
[2026-05-24 22:04:42] [INFO]   保存最佳模型，验证损失: 0.305050
[2026-05-24 22:04:42] [INFO] Epoch  39/200 | Train Loss: 0.212603 | Val Loss: 0.304243
[2026-05-24 22:04:42] [INFO]   保存最佳模型，验证损失: 0.304243
[2026-05-24 22:04:42] [INFO] Epoch  40/200 | Train Loss: 0.215156 | Val Loss: 0.303439
[2026-05-24 22:04:42] [INFO]   保存最佳模型，验证损失: 0.303439
[2026-05-24 22:04:42] [INFO] Epoch  41/200 | Train Loss: 0.211350 | Val Loss: 0.302628
[2026-05-24 22:04:42] [INFO]   保存最佳模型，验证损失: 0.302628
[2026-05-24 22:04:42] [INFO] Epoch  42/200 | Train Loss: 0.211545 | Val Loss: 0.301805
[2026-05-24 22:04:42] [INFO]   保存最佳模型，验证损失: 0.301805
[2026-05-24 22:04:42] [INFO] Epoch  43/200 | Train Loss: 0.213881 | Val Loss: 0.300979
[2026-05-24 22:04:42] [INFO]   保存最佳模型，验证损失: 0.300979
[2026-05-24 22:04:42] [INFO] Epoch  44/200 | Train Loss: 0.211278 | Val Loss: 0.300145
[2026-05-24 22:04:42] [INFO]   保存最佳模型，验证损失: 0.300145
[2026-05-24 22:04:42] [INFO] Epoch  45/200 | Train Loss: 0.211640 | Val Loss: 0.299305
[2026-05-24 22:04:42] [INFO]   保存最佳模型，验证损失: 0.299305
[2026-05-24 22:04:42] [INFO] Epoch  46/200 | Train Loss: 0.211271 | Val Loss: 0.298454
[2026-05-24 22:04:42] [INFO]   保存最佳模型，验证损失: 0.298454
[2026-05-24 22:04:42] [INFO] Epoch  47/200 | Train Loss: 0.209952 | Val Loss: 0.297591
[2026-05-24 22:04:42] [INFO]   保存最佳模型，验证损失: 0.297591
[2026-05-24 22:04:43] [INFO] Epoch  48/200 | Train Loss: 0.208825 | Val Loss: 0.296714
[2026-05-24 22:04:43] [INFO]   保存最佳模型，验证损失: 0.296714
[2026-05-24 22:04:43] [INFO] Epoch  49/200 | Train Loss: 0.208123 | Val Loss: 0.295825
[2026-05-24 22:04:43] [INFO]   保存最佳模型，验证损失: 0.295825
[2026-05-24 22:04:43] [INFO] Epoch  50/200 | Train Loss: 0.206734 | Val Loss: 0.294915
[2026-05-24 22:04:43] [INFO]   保存最佳模型，验证损失: 0.294915
[2026-05-24 22:04:43] [INFO] Epoch  51/200 | Train Loss: 0.208009 | Val Loss: 0.293993
[2026-05-24 22:04:43] [INFO]   保存最佳模型，验证损失: 0.293993
[2026-05-24 22:04:43] [INFO] Epoch  52/200 | Train Loss: 0.207889 | Val Loss: 0.293055
[2026-05-24 22:04:43] [INFO]   保存最佳模型，验证损失: 0.293055
[2026-05-24 22:04:43] [INFO] Epoch  53/200 | Train Loss: 0.205457 | Val Loss: 0.292102
[2026-05-24 22:04:43] [INFO]   保存最佳模型，验证损失: 0.292102
[2026-05-24 22:04:43] [INFO] Epoch  54/200 | Train Loss: 0.206035 | Val Loss: 0.291134
[2026-05-24 22:04:43] [INFO]   保存最佳模型，验证损失: 0.291134
[2026-05-24 22:04:43] [INFO] Epoch  55/200 | Train Loss: 0.203697 | Val Loss: 0.290154
[2026-05-24 22:04:43] [INFO]   保存最佳模型，验证损失: 0.290154
[2026-05-24 22:04:43] [INFO] Epoch  56/200 | Train Loss: 0.203604 | Val Loss: 0.289157
[2026-05-24 22:04:43] [INFO]   保存最佳模型，验证损失: 0.289157
[2026-05-24 22:04:43] [INFO] Epoch  57/200 | Train Loss: 0.202912 | Val Loss: 0.288141
[2026-05-24 22:04:43] [INFO]   保存最佳模型，验证损失: 0.288141
[2026-05-24 22:04:43] [INFO] Epoch  58/200 | Train Loss: 0.202876 | Val Loss: 0.287112
[2026-05-24 22:04:43] [INFO]   保存最佳模型，验证损失: 0.287112
[2026-05-24 22:04:43] [INFO] Epoch  59/200 | Train Loss: 0.202171 | Val Loss: 0.286071
[2026-05-24 22:04:43] [INFO]   保存最佳模型，验证损失: 0.286071
[2026-05-24 22:04:43] [INFO] Epoch  60/200 | Train Loss: 0.200552 | Val Loss: 0.285018
[2026-05-24 22:04:43] [INFO]   保存最佳模型，验证损失: 0.285018
[2026-05-24 22:04:44] [INFO] Epoch  61/200 | Train Loss: 0.201112 | Val Loss: 0.283945
[2026-05-24 22:04:44] [INFO]   保存最佳模型，验证损失: 0.283945
[2026-05-24 22:04:44] [INFO] Epoch  62/200 | Train Loss: 0.200225 | Val Loss: 0.282848
[2026-05-24 22:04:44] [INFO]   保存最佳模型，验证损失: 0.282848
[2026-05-24 22:04:44] [INFO] Epoch  63/200 | Train Loss: 0.201042 | Val Loss: 0.281737
[2026-05-24 22:04:44] [INFO]   保存最佳模型，验证损失: 0.281737
[2026-05-24 22:04:44] [INFO] Epoch  64/200 | Train Loss: 0.200603 | Val Loss: 0.280607
[2026-05-24 22:04:44] [INFO]   保存最佳模型，验证损失: 0.280607
[2026-05-24 22:04:44] [INFO] Epoch  65/200 | Train Loss: 0.198488 | Val Loss: 0.279463
[2026-05-24 22:04:44] [INFO]   保存最佳模型，验证损失: 0.279463
[2026-05-24 22:04:44] [INFO] Epoch  66/200 | Train Loss: 0.198913 | Val Loss: 0.278309
[2026-05-24 22:04:44] [INFO]   保存最佳模型，验证损失: 0.278309
[2026-05-24 22:04:44] [INFO] Epoch  67/200 | Train Loss: 0.195656 | Val Loss: 0.277135
[2026-05-24 22:04:44] [INFO]   保存最佳模型，验证损失: 0.277135
[2026-05-24 22:04:44] [INFO] Epoch  68/200 | Train Loss: 0.194596 | Val Loss: 0.275948
[2026-05-24 22:04:44] [INFO]   保存最佳模型，验证损失: 0.275948
[2026-05-24 22:04:44] [INFO] Epoch  69/200 | Train Loss: 0.196286 | Val Loss: 0.274746
[2026-05-24 22:04:44] [INFO]   保存最佳模型，验证损失: 0.274746
[2026-05-24 22:04:44] [INFO] Epoch  70/200 | Train Loss: 0.194758 | Val Loss: 0.273530
[2026-05-24 22:04:44] [INFO]   保存最佳模型，验证损失: 0.273530
[2026-05-24 22:04:44] [INFO] Epoch  71/200 | Train Loss: 0.191103 | Val Loss: 0.272293
[2026-05-24 22:04:44] [INFO]   保存最佳模型，验证损失: 0.272293
[2026-05-24 22:04:44] [INFO] Epoch  72/200 | Train Loss: 0.194734 | Val Loss: 0.271042
[2026-05-24 22:04:44] [INFO]   保存最佳模型，验证损失: 0.271042
[2026-05-24 22:04:44] [INFO] Epoch  73/200 | Train Loss: 0.192080 | Val Loss: 0.269779
[2026-05-24 22:04:44] [INFO]   保存最佳模型，验证损失: 0.269779
[2026-05-24 22:04:44] [INFO] Epoch  74/200 | Train Loss: 0.192211 | Val Loss: 0.268494
[2026-05-24 22:04:44] [INFO]   保存最佳模型，验证损失: 0.268494
[2026-05-24 22:04:44] [INFO] Epoch  75/200 | Train Loss: 0.191345 | Val Loss: 0.267193
[2026-05-24 22:04:44] [INFO]   保存最佳模型，验证损失: 0.267193
[2026-05-24 22:04:44] [INFO] Epoch  76/200 | Train Loss: 0.189756 | Val Loss: 0.265864
[2026-05-24 22:04:44] [INFO]   保存最佳模型，验证损失: 0.265864
[2026-05-24 22:04:45] [INFO] Epoch  77/200 | Train Loss: 0.186585 | Val Loss: 0.264510
[2026-05-24 22:04:45] [INFO]   保存最佳模型，验证损失: 0.264510
[2026-05-24 22:04:45] [INFO] Epoch  78/200 | Train Loss: 0.189730 | Val Loss: 0.263138
[2026-05-24 22:04:45] [INFO]   保存最佳模型，验证损失: 0.263138
[2026-05-24 22:04:45] [INFO] Epoch  79/200 | Train Loss: 0.188695 | Val Loss: 0.261744
[2026-05-24 22:04:45] [INFO]   保存最佳模型，验证损失: 0.261744
[2026-05-24 22:04:45] [INFO] Epoch  80/200 | Train Loss: 0.187009 | Val Loss: 0.260324
[2026-05-24 22:04:45] [INFO]   保存最佳模型，验证损失: 0.260324
[2026-05-24 22:04:45] [INFO] Epoch  81/200 | Train Loss: 0.185180 | Val Loss: 0.258871
[2026-05-24 22:04:45] [INFO]   保存最佳模型，验证损失: 0.258871
[2026-05-24 22:04:45] [INFO] Epoch  82/200 | Train Loss: 0.180773 | Val Loss: 0.257386
[2026-05-24 22:04:45] [INFO]   保存最佳模型，验证损失: 0.257386
[2026-05-24 22:04:45] [INFO] Epoch  83/200 | Train Loss: 0.181740 | Val Loss: 0.255873
[2026-05-24 22:04:45] [INFO]   保存最佳模型，验证损失: 0.255873
[2026-05-24 22:04:45] [INFO] Epoch  84/200 | Train Loss: 0.180918 | Val Loss: 0.254332
[2026-05-24 22:04:45] [INFO]   保存最佳模型，验证损失: 0.254332
[2026-05-24 22:04:45] [INFO] Epoch  85/200 | Train Loss: 0.179710 | Val Loss: 0.252756
[2026-05-24 22:04:45] [INFO]   保存最佳模型，验证损失: 0.252756
[2026-05-24 22:04:45] [INFO] Epoch  86/200 | Train Loss: 0.181022 | Val Loss: 0.251144
[2026-05-24 22:04:45] [INFO]   保存最佳模型，验证损失: 0.251144
[2026-05-24 22:04:45] [INFO] Epoch  87/200 | Train Loss: 0.180293 | Val Loss: 0.249495
[2026-05-24 22:04:45] [INFO]   保存最佳模型，验证损失: 0.249495
[2026-05-24 22:04:45] [INFO] Epoch  88/200 | Train Loss: 0.178446 | Val Loss: 0.247811
[2026-05-24 22:04:45] [INFO]   保存最佳模型，验证损失: 0.247811
[2026-05-24 22:04:45] [INFO] Epoch  89/200 | Train Loss: 0.177249 | Val Loss: 0.246092
[2026-05-24 22:04:45] [INFO]   保存最佳模型，验证损失: 0.246092
[2026-05-24 22:04:45] [INFO] Epoch  90/200 | Train Loss: 0.175203 | Val Loss: 0.244336
[2026-05-24 22:04:45] [INFO]   保存最佳模型，验证损失: 0.244336
[2026-05-24 22:04:45] [INFO] Epoch  91/200 | Train Loss: 0.176814 | Val Loss: 0.242550
[2026-05-24 22:04:45] [INFO]   保存最佳模型，验证损失: 0.242550
[2026-05-24 22:04:45] [INFO] Epoch  92/200 | Train Loss: 0.171848 | Val Loss: 0.240720
[2026-05-24 22:04:45] [INFO]   保存最佳模型，验证损失: 0.240720
[2026-05-24 22:04:46] [INFO] Epoch  93/200 | Train Loss: 0.172902 | Val Loss: 0.238854
[2026-05-24 22:04:46] [INFO]   保存最佳模型，验证损失: 0.238854
[2026-05-24 22:04:46] [INFO] Epoch  94/200 | Train Loss: 0.170688 | Val Loss: 0.236952
[2026-05-24 22:04:46] [INFO]   保存最佳模型，验证损失: 0.236952
[2026-05-24 22:04:46] [INFO] Epoch  95/200 | Train Loss: 0.169977 | Val Loss: 0.235016
[2026-05-24 22:04:46] [INFO]   保存最佳模型，验证损失: 0.235016
[2026-05-24 22:04:46] [INFO] Epoch  96/200 | Train Loss: 0.169098 | Val Loss: 0.233050
[2026-05-24 22:04:46] [INFO]   保存最佳模型，验证损失: 0.233050
[2026-05-24 22:04:46] [INFO] Epoch  97/200 | Train Loss: 0.167234 | Val Loss: 0.231038
[2026-05-24 22:04:46] [INFO]   保存最佳模型，验证损失: 0.231038
[2026-05-24 22:04:46] [INFO] Epoch  98/200 | Train Loss: 0.168414 | Val Loss: 0.228974
[2026-05-24 22:04:46] [INFO]   保存最佳模型，验证损失: 0.228974
[2026-05-24 22:04:46] [INFO] Epoch  99/200 | Train Loss: 0.166676 | Val Loss: 0.226864
[2026-05-24 22:04:46] [INFO]   保存最佳模型，验证损失: 0.226864
[2026-05-24 22:04:46] [INFO] Epoch 100/200 | Train Loss: 0.162227 | Val Loss: 0.224706
[2026-05-24 22:04:46] [INFO]   保存最佳模型，验证损失: 0.224706
[2026-05-24 22:04:46] [INFO] Epoch 101/200 | Train Loss: 0.162682 | Val Loss: 0.222505
[2026-05-24 22:04:46] [INFO]   保存最佳模型，验证损失: 0.222505
[2026-05-24 22:04:46] [INFO] Epoch 102/200 | Train Loss: 0.163716 | Val Loss: 0.220263
[2026-05-24 22:04:46] [INFO]   保存最佳模型，验证损失: 0.220263
[2026-05-24 22:04:46] [INFO] Epoch 103/200 | Train Loss: 0.163509 | Val Loss: 0.217982
[2026-05-24 22:04:46] [INFO]   保存最佳模型，验证损失: 0.217982
[2026-05-24 22:04:46] [INFO] Epoch 104/200 | Train Loss: 0.157250 | Val Loss: 0.215660
[2026-05-24 22:04:46] [INFO]   保存最佳模型，验证损失: 0.215660
[2026-05-24 22:04:46] [INFO] Epoch 105/200 | Train Loss: 0.160377 | Val Loss: 0.213295
[2026-05-24 22:04:46] [INFO]   保存最佳模型，验证损失: 0.213295
[2026-05-24 22:04:46] [INFO] Epoch 106/200 | Train Loss: 0.160619 | Val Loss: 0.210901
[2026-05-24 22:04:46] [INFO]   保存最佳模型，验证损失: 0.210901
[2026-05-24 22:04:46] [INFO] Epoch 107/200 | Train Loss: 0.157076 | Val Loss: 0.208454
[2026-05-24 22:04:46] [INFO]   保存最佳模型，验证损失: 0.208454
[2026-05-24 22:04:46] [INFO] Epoch 108/200 | Train Loss: 0.152893 | Val Loss: 0.205957
[2026-05-24 22:04:46] [INFO]   保存最佳模型，验证损失: 0.205957
[2026-05-24 22:04:46] [INFO] Epoch 109/200 | Train Loss: 0.150751 | Val Loss: 0.203376
[2026-05-24 22:04:46] [INFO]   保存最佳模型，验证损失: 0.203376
[2026-05-24 22:04:47] [INFO] Epoch 110/200 | Train Loss: 0.150863 | Val Loss: 0.200741
[2026-05-24 22:04:47] [INFO]   保存最佳模型，验证损失: 0.200741
[2026-05-24 22:04:47] [INFO] Epoch 111/200 | Train Loss: 0.149548 | Val Loss: 0.198047
[2026-05-24 22:04:47] [INFO]   保存最佳模型，验证损失: 0.198047
[2026-05-24 22:04:47] [INFO] Epoch 112/200 | Train Loss: 0.145821 | Val Loss: 0.195293
[2026-05-24 22:04:47] [INFO]   保存最佳模型，验证损失: 0.195293
[2026-05-24 22:04:47] [INFO] Epoch 113/200 | Train Loss: 0.147495 | Val Loss: 0.192487
[2026-05-24 22:04:47] [INFO]   保存最佳模型，验证损失: 0.192487
[2026-05-24 22:04:47] [INFO] Epoch 114/200 | Train Loss: 0.145314 | Val Loss: 0.189645
[2026-05-24 22:04:47] [INFO]   保存最佳模型，验证损失: 0.189645
[2026-05-24 22:04:47] [INFO] Epoch 115/200 | Train Loss: 0.140945 | Val Loss: 0.186752
[2026-05-24 22:04:47] [INFO]   保存最佳模型，验证损失: 0.186752
[2026-05-24 22:04:47] [INFO] Epoch 116/200 | Train Loss: 0.140001 | Val Loss: 0.183824
[2026-05-24 22:04:47] [INFO]   保存最佳模型，验证损失: 0.183824
[2026-05-24 22:04:47] [INFO] Epoch 117/200 | Train Loss: 0.138786 | Val Loss: 0.180869
[2026-05-24 22:04:47] [INFO]   保存最佳模型，验证损失: 0.180869
[2026-05-24 22:04:47] [INFO] Epoch 118/200 | Train Loss: 0.139349 | Val Loss: 0.177890
[2026-05-24 22:04:47] [INFO]   保存最佳模型，验证损失: 0.177890
[2026-05-24 22:04:47] [INFO] Epoch 119/200 | Train Loss: 0.133434 | Val Loss: 0.174867
[2026-05-24 22:04:47] [INFO]   保存最佳模型，验证损失: 0.174867
[2026-05-24 22:04:47] [INFO] Epoch 120/200 | Train Loss: 0.135930 | Val Loss: 0.171818
[2026-05-24 22:04:47] [INFO]   保存最佳模型，验证损失: 0.171818
[2026-05-24 22:04:47] [INFO] Epoch 121/200 | Train Loss: 0.127572 | Val Loss: 0.168725
[2026-05-24 22:04:47] [INFO]   保存最佳模型，验证损失: 0.168725
[2026-05-24 22:04:47] [INFO] Epoch 122/200 | Train Loss: 0.127315 | Val Loss: 0.165595
[2026-05-24 22:04:47] [INFO]   保存最佳模型，验证损失: 0.165595
[2026-05-24 22:04:47] [INFO] Epoch 123/200 | Train Loss: 0.133033 | Val Loss: 0.162435
[2026-05-24 22:04:47] [INFO]   保存最佳模型，验证损失: 0.162435
[2026-05-24 22:04:47] [INFO] Epoch 124/200 | Train Loss: 0.125201 | Val Loss: 0.159241
[2026-05-24 22:04:47] [INFO]   保存最佳模型，验证损失: 0.159241
[2026-05-24 22:04:47] [INFO] Epoch 125/200 | Train Loss: 0.123358 | Val Loss: 0.156012
[2026-05-24 22:04:47] [INFO]   保存最佳模型，验证损失: 0.156012
[2026-05-24 22:04:47] [INFO] Epoch 126/200 | Train Loss: 0.122455 | Val Loss: 0.152761
[2026-05-24 22:04:48] [INFO]   保存最佳模型，验证损失: 0.152761
[2026-05-24 22:04:48] [INFO] Epoch 127/200 | Train Loss: 0.121514 | Val Loss: 0.149495
[2026-05-24 22:04:48] [INFO]   保存最佳模型，验证损失: 0.149495
[2026-05-24 22:04:48] [INFO] Epoch 128/200 | Train Loss: 0.122515 | Val Loss: 0.146195
[2026-05-24 22:04:48] [INFO]   保存最佳模型，验证损失: 0.146195
[2026-05-24 22:04:48] [INFO] Epoch 129/200 | Train Loss: 0.120837 | Val Loss: 0.142872
[2026-05-24 22:04:48] [INFO]   保存最佳模型，验证损失: 0.142872
[2026-05-24 22:04:48] [INFO] Epoch 130/200 | Train Loss: 0.117576 | Val Loss: 0.139533
[2026-05-24 22:04:48] [INFO]   保存最佳模型，验证损失: 0.139533
[2026-05-24 22:04:48] [INFO] Epoch 131/200 | Train Loss: 0.118124 | Val Loss: 0.136199
[2026-05-24 22:04:48] [INFO]   保存最佳模型，验证损失: 0.136199
[2026-05-24 22:04:48] [INFO] Epoch 132/200 | Train Loss: 0.111316 | Val Loss: 0.132857
[2026-05-24 22:04:48] [INFO]   保存最佳模型，验证损失: 0.132857
[2026-05-24 22:04:48] [INFO] Epoch 133/200 | Train Loss: 0.110725 | Val Loss: 0.129502
[2026-05-24 22:04:48] [INFO]   保存最佳模型，验证损失: 0.129502
[2026-05-24 22:04:48] [INFO] Epoch 134/200 | Train Loss: 0.107116 | Val Loss: 0.126144
[2026-05-24 22:04:48] [INFO]   保存最佳模型，验证损失: 0.126144
[2026-05-24 22:04:48] [INFO] Epoch 135/200 | Train Loss: 0.107750 | Val Loss: 0.122804
[2026-05-24 22:04:48] [INFO]   保存最佳模型，验证损失: 0.122804
[2026-05-24 22:04:48] [INFO] Epoch 136/200 | Train Loss: 0.103392 | Val Loss: 0.119486
[2026-05-24 22:04:48] [INFO]   保存最佳模型，验证损失: 0.119486
[2026-05-24 22:04:48] [INFO] Epoch 137/200 | Train Loss: 0.105572 | Val Loss: 0.116190
[2026-05-24 22:04:48] [INFO]   保存最佳模型，验证损失: 0.116190
[2026-05-24 22:04:48] [INFO] Epoch 138/200 | Train Loss: 0.100869 | Val Loss: 0.112912
[2026-05-24 22:04:48] [INFO]   保存最佳模型，验证损失: 0.112912
[2026-05-24 22:04:48] [INFO] Epoch 139/200 | Train Loss: 0.101240 | Val Loss: 0.109651
[2026-05-24 22:04:48] [INFO]   保存最佳模型，验证损失: 0.109651
[2026-05-24 22:04:48] [INFO] Epoch 140/200 | Train Loss: 0.092962 | Val Loss: 0.106394
[2026-05-24 22:04:48] [INFO]   保存最佳模型，验证损失: 0.106394
[2026-05-24 22:04:49] [INFO] Epoch 141/200 | Train Loss: 0.094221 | Val Loss: 0.103187
[2026-05-24 22:04:49] [INFO]   保存最佳模型，验证损失: 0.103187
[2026-05-24 22:04:49] [INFO] Epoch 142/200 | Train Loss: 0.089591 | Val Loss: 0.100007
[2026-05-24 22:04:49] [INFO]   保存最佳模型，验证损失: 0.100007
[2026-05-24 22:04:49] [INFO] Epoch 143/200 | Train Loss: 0.086597 | Val Loss: 0.096864
[2026-05-24 22:04:49] [INFO]   保存最佳模型，验证损失: 0.096864
[2026-05-24 22:04:49] [INFO] Epoch 144/200 | Train Loss: 0.085422 | Val Loss: 0.093764
[2026-05-24 22:04:49] [INFO]   保存最佳模型，验证损失: 0.093764
[2026-05-24 22:04:49] [INFO] Epoch 145/200 | Train Loss: 0.090337 | Val Loss: 0.090724
[2026-05-24 22:04:49] [INFO]   保存最佳模型，验证损失: 0.090724
[2026-05-24 22:04:49] [INFO] Epoch 146/200 | Train Loss: 0.085627 | Val Loss: 0.087754
[2026-05-24 22:04:49] [INFO]   保存最佳模型，验证损失: 0.087754
[2026-05-24 22:04:49] [INFO] Epoch 147/200 | Train Loss: 0.094927 | Val Loss: 0.084880
[2026-05-24 22:04:49] [INFO]   保存最佳模型，验证损失: 0.084880
[2026-05-24 22:04:49] [INFO] Epoch 148/200 | Train Loss: 0.080490 | Val Loss: 0.082079
[2026-05-24 22:04:49] [INFO]   保存最佳模型，验证损失: 0.082079
[2026-05-24 22:04:49] [INFO] Epoch 149/200 | Train Loss: 0.080421 | Val Loss: 0.079356
[2026-05-24 22:04:49] [INFO]   保存最佳模型，验证损失: 0.079356
[2026-05-24 22:04:49] [INFO] Epoch 150/200 | Train Loss: 0.078844 | Val Loss: 0.076737
[2026-05-24 22:04:49] [INFO]   保存最佳模型，验证损失: 0.076737
[2026-05-24 22:04:49] [INFO] Epoch 151/200 | Train Loss: 0.077914 | Val Loss: 0.074228
[2026-05-24 22:04:49] [INFO]   保存最佳模型，验证损失: 0.074228
[2026-05-24 22:04:49] [INFO] Epoch 152/200 | Train Loss: 0.077297 | Val Loss: 0.071825
[2026-05-24 22:04:49] [INFO]   保存最佳模型，验证损失: 0.071825
[2026-05-24 22:04:49] [INFO] Epoch 153/200 | Train Loss: 0.069985 | Val Loss: 0.069524
[2026-05-24 22:04:49] [INFO]   保存最佳模型，验证损失: 0.069524
[2026-05-24 22:04:49] [INFO] Epoch 154/200 | Train Loss: 0.067320 | Val Loss: 0.067309
[2026-05-24 22:04:49] [INFO]   保存最佳模型，验证损失: 0.067309
[2026-05-24 22:04:49] [INFO] Epoch 155/200 | Train Loss: 0.074310 | Val Loss: 0.065188
[2026-05-24 22:04:49] [INFO]   保存最佳模型，验证损失: 0.065188
[2026-05-24 22:04:49] [INFO] Epoch 156/200 | Train Loss: 0.072777 | Val Loss: 0.063176
[2026-05-24 22:04:49] [INFO]   保存最佳模型，验证损失: 0.063176
[2026-05-24 22:04:50] [INFO] Epoch 157/200 | Train Loss: 0.075053 | Val Loss: 0.061258
[2026-05-24 22:04:50] [INFO]   保存最佳模型，验证损失: 0.061258
[2026-05-24 22:04:50] [INFO] Epoch 158/200 | Train Loss: 0.069849 | Val Loss: 0.059460
[2026-05-24 22:04:50] [INFO]   保存最佳模型，验证损失: 0.059460
[2026-05-24 22:04:50] [INFO] Epoch 159/200 | Train Loss: 0.068453 | Val Loss: 0.057720
[2026-05-24 22:04:50] [INFO]   保存最佳模型，验证损失: 0.057720
[2026-05-24 22:04:50] [INFO] Epoch 160/200 | Train Loss: 0.064721 | Val Loss: 0.056060
[2026-05-24 22:04:50] [INFO]   保存最佳模型，验证损失: 0.056060
[2026-05-24 22:04:50] [INFO] Epoch 161/200 | Train Loss: 0.067214 | Val Loss: 0.054501
[2026-05-24 22:04:50] [INFO]   保存最佳模型，验证损失: 0.054501
[2026-05-24 22:04:50] [INFO] Epoch 162/200 | Train Loss: 0.065918 | Val Loss: 0.053054
[2026-05-24 22:04:50] [INFO]   保存最佳模型，验证损失: 0.053054
[2026-05-24 22:04:50] [INFO] Epoch 163/200 | Train Loss: 0.067762 | Val Loss: 0.051686
[2026-05-24 22:04:50] [INFO]   保存最佳模型，验证损失: 0.051686
[2026-05-24 22:04:50] [INFO] Epoch 164/200 | Train Loss: 0.060618 | Val Loss: 0.050401
[2026-05-24 22:04:50] [INFO]   保存最佳模型，验证损失: 0.050401
[2026-05-24 22:04:50] [INFO] Epoch 165/200 | Train Loss: 0.066261 | Val Loss: 0.049249
[2026-05-24 22:04:50] [INFO]   保存最佳模型，验证损失: 0.049249
[2026-05-24 22:04:50] [INFO] Epoch 166/200 | Train Loss: 0.058945 | Val Loss: 0.048170
[2026-05-24 22:04:50] [INFO]   保存最佳模型，验证损失: 0.048170
[2026-05-24 22:04:50] [INFO] Epoch 167/200 | Train Loss: 0.063238 | Val Loss: 0.047178
[2026-05-24 22:04:50] [INFO]   保存最佳模型，验证损失: 0.047178
[2026-05-24 22:04:50] [INFO] Epoch 168/200 | Train Loss: 0.063708 | Val Loss: 0.046249
[2026-05-24 22:04:50] [INFO]   保存最佳模型，验证损失: 0.046249
[2026-05-24 22:04:50] [INFO] Epoch 169/200 | Train Loss: 0.066289 | Val Loss: 0.045429
[2026-05-24 22:04:50] [INFO]   保存最佳模型，验证损失: 0.045429
[2026-05-24 22:04:50] [INFO] Epoch 170/200 | Train Loss: 0.060369 | Val Loss: 0.044617
[2026-05-24 22:04:50] [INFO]   保存最佳模型，验证损失: 0.044617
[2026-05-24 22:04:50] [INFO] Epoch 171/200 | Train Loss: 0.063079 | Val Loss: 0.043835
[2026-05-24 22:04:50] [INFO]   保存最佳模型，验证损失: 0.043835
[2026-05-24 22:04:50] [INFO] Epoch 172/200 | Train Loss: 0.056704 | Val Loss: 0.043122
[2026-05-24 22:04:50] [INFO]   保存最佳模型，验证损失: 0.043122
[2026-05-24 22:04:50] [INFO] Epoch 173/200 | Train Loss: 0.057310 | Val Loss: 0.042443
[2026-05-24 22:04:51] [INFO]   保存最佳模型，验证损失: 0.042443
[2026-05-24 22:04:51] [INFO] Epoch 174/200 | Train Loss: 0.057484 | Val Loss: 0.041859
[2026-05-24 22:04:51] [INFO]   保存最佳模型，验证损失: 0.041859
[2026-05-24 22:04:51] [INFO] Epoch 175/200 | Train Loss: 0.059602 | Val Loss: 0.041353
[2026-05-24 22:04:51] [INFO]   保存最佳模型，验证损失: 0.041353
[2026-05-24 22:04:51] [INFO] Epoch 176/200 | Train Loss: 0.054636 | Val Loss: 0.040866
[2026-05-24 22:04:51] [INFO]   保存最佳模型，验证损失: 0.040866
[2026-05-24 22:04:51] [INFO] Epoch 177/200 | Train Loss: 0.058037 | Val Loss: 0.040417
[2026-05-24 22:04:51] [INFO]   保存最佳模型，验证损失: 0.040417
[2026-05-24 22:04:51] [INFO] Epoch 178/200 | Train Loss: 0.055070 | Val Loss: 0.039977
[2026-05-24 22:04:51] [INFO]   保存最佳模型，验证损失: 0.039977
[2026-05-24 22:04:51] [INFO] Epoch 179/200 | Train Loss: 0.058457 | Val Loss: 0.039587
[2026-05-24 22:04:51] [INFO]   保存最佳模型，验证损失: 0.039587
[2026-05-24 22:04:51] [INFO] Epoch 180/200 | Train Loss: 0.056994 | Val Loss: 0.039221
[2026-05-24 22:04:51] [INFO]   保存最佳模型，验证损失: 0.039221
[2026-05-24 22:04:51] [INFO] Epoch 181/200 | Train Loss: 0.051296 | Val Loss: 0.038862
[2026-05-24 22:04:51] [INFO]   保存最佳模型，验证损失: 0.038862
[2026-05-24 22:04:51] [INFO] Epoch 182/200 | Train Loss: 0.054614 | Val Loss: 0.038442
[2026-05-24 22:04:51] [INFO]   保存最佳模型，验证损失: 0.038442
[2026-05-24 22:04:51] [INFO] Epoch 183/200 | Train Loss: 0.054031 | Val Loss: 0.038009
[2026-05-24 22:04:51] [INFO]   保存最佳模型，验证损失: 0.038009
[2026-05-24 22:04:51] [INFO] Epoch 184/200 | Train Loss: 0.049049 | Val Loss: 0.037608
[2026-05-24 22:04:51] [INFO]   保存最佳模型，验证损失: 0.037608
[2026-05-24 22:04:51] [INFO] Epoch 185/200 | Train Loss: 0.054380 | Val Loss: 0.037202
[2026-05-24 22:04:51] [INFO]   保存最佳模型，验证损失: 0.037202
[2026-05-24 22:04:51] [INFO] Epoch 186/200 | Train Loss: 0.046756 | Val Loss: 0.036820
[2026-05-24 22:04:51] [INFO]   保存最佳模型，验证损失: 0.036820
[2026-05-24 22:04:51] [INFO] Epoch 187/200 | Train Loss: 0.050679 | Val Loss: 0.036444
[2026-05-24 22:04:51] [INFO]   保存最佳模型，验证损失: 0.036444
[2026-05-24 22:04:51] [INFO] Epoch 188/200 | Train Loss: 0.051299 | Val Loss: 0.036018
[2026-05-24 22:04:51] [INFO]   保存最佳模型，验证损失: 0.036018
[2026-05-24 22:04:51] [INFO] Epoch 189/200 | Train Loss: 0.054367 | Val Loss: 0.035631
[2026-05-24 22:04:51] [INFO]   保存最佳模型，验证损失: 0.035631
[2026-05-24 22:04:52] [INFO] Epoch 190/200 | Train Loss: 0.051790 | Val Loss: 0.035240
[2026-05-24 22:04:52] [INFO]   保存最佳模型，验证损失: 0.035240
[2026-05-24 22:04:52] [INFO] Epoch 191/200 | Train Loss: 0.049936 | Val Loss: 0.034869
[2026-05-24 22:04:52] [INFO]   保存最佳模型，验证损失: 0.034869
[2026-05-24 22:04:52] [INFO] Epoch 192/200 | Train Loss: 0.051235 | Val Loss: 0.034478
[2026-05-24 22:04:52] [INFO]   保存最佳模型，验证损失: 0.034478
[2026-05-24 22:04:52] [INFO] Epoch 193/200 | Train Loss: 0.052554 | Val Loss: 0.034073
[2026-05-24 22:04:52] [INFO]   保存最佳模型，验证损失: 0.034073
[2026-05-24 22:04:52] [INFO] Epoch 194/200 | Train Loss: 0.050048 | Val Loss: 0.033689
[2026-05-24 22:04:52] [INFO]   保存最佳模型，验证损失: 0.033689
[2026-05-24 22:04:52] [INFO] Epoch 195/200 | Train Loss: 0.051433 | Val Loss: 0.033316
[2026-05-24 22:04:52] [INFO]   保存最佳模型，验证损失: 0.033316
[2026-05-24 22:04:52] [INFO] Epoch 196/200 | Train Loss: 0.051716 | Val Loss: 0.032931
[2026-05-24 22:04:52] [INFO]   保存最佳模型，验证损失: 0.032931
[2026-05-24 22:04:52] [INFO] Epoch 197/200 | Train Loss: 0.046166 | Val Loss: 0.032569
[2026-05-24 22:04:52] [INFO]   保存最佳模型，验证损失: 0.032569
[2026-05-24 22:04:52] [INFO] Epoch 198/200 | Train Loss: 0.050466 | Val Loss: 0.032153
[2026-05-24 22:04:52] [INFO]   保存最佳模型，验证损失: 0.032153
[2026-05-24 22:04:52] [INFO] Epoch 199/200 | Train Loss: 0.048971 | Val Loss: 0.031716
[2026-05-24 22:04:52] [INFO]   保存最佳模型，验证损失: 0.031716
[2026-05-24 22:04:52] [INFO] Epoch 200/200 | Train Loss: 0.048535 | Val Loss: 0.031276
[2026-05-24 22:04:52] [INFO]   保存最佳模型，验证损失: 0.031276
[2026-05-24 22:04:52] [INFO] 训练结束，最佳验证损失: 0.031276
[2026-05-24 22:04:54] [INFO] 训练完成！
[2026-05-24 22:13:30] [INFO] Residual LSTM 训练开始 (残差预测)
[2026-05-24 22:13:34] [INFO] Device: cpu, Batch size: 256, Hist: 15, Pred: 10, Norm: True
[2026-05-24 22:13:34] [INFO] 加载 1 个文件...
[2026-05-24 22:13:34] [INFO] 已加载 0/1 文件
[2026-05-24 22:13:34] [INFO] 批量拟合完成 - 状态: (1359, 4), 控制: (1359, 2), 基础: (1359, 4), 差异: (1359, 4)
[2026-05-24 22:13:34] [INFO] 开始归一化train集样本...
[2026-05-24 22:13:34] [INFO] 归一化完成
[2026-05-24 22:13:34] [INFO] train数据集: 1个文件，84个样本
[2026-05-24 22:13:34] [INFO] 归一化器已保存到: ./results/residual_lstm_20260524_2213\checkpoints\scalers.pkl
[2026-05-24 22:13:34] [INFO] 总样本数: 84, 训练: 67, 验证: 17
[2026-05-24 22:13:34] [INFO] 开始训练...
[2026-05-24 22:13:35] [INFO] Epoch   1/200 | Train Loss: 0.232933 | Val Loss: 0.333675
[2026-05-24 22:13:35] [INFO]   保存最佳模型，验证损失: 0.333675
[2026-05-24 22:13:35] [INFO] Epoch   2/200 | Train Loss: 0.231239 | Val Loss: 0.332900
[2026-05-24 22:13:35] [INFO]   保存最佳模型，验证损失: 0.332900
[2026-05-24 22:13:35] [INFO] Epoch   3/200 | Train Loss: 0.233894 | Val Loss: 0.332128
[2026-05-24 22:13:35] [INFO]   保存最佳模型，验证损失: 0.332128
[2026-05-24 22:13:35] [INFO] Epoch   4/200 | Train Loss: 0.232574 | Val Loss: 0.331351
[2026-05-24 22:13:35] [INFO]   保存最佳模型，验证损失: 0.331351
[2026-05-24 22:13:35] [INFO] Epoch   5/200 | Train Loss: 0.231898 | Val Loss: 0.330572
[2026-05-24 22:13:35] [INFO]   保存最佳模型，验证损失: 0.330572
[2026-05-24 22:13:35] [INFO] Epoch   6/200 | Train Loss: 0.230480 | Val Loss: 0.329797
[2026-05-24 22:13:35] [INFO]   保存最佳模型，验证损失: 0.329797
[2026-05-24 22:13:35] [INFO] Epoch   7/200 | Train Loss: 0.231418 | Val Loss: 0.329020
[2026-05-24 22:13:35] [INFO]   保存最佳模型，验证损失: 0.329020
[2026-05-24 22:13:35] [INFO] Epoch   8/200 | Train Loss: 0.230604 | Val Loss: 0.328244
[2026-05-24 22:13:35] [INFO]   保存最佳模型，验证损失: 0.328244
[2026-05-24 22:13:35] [INFO] Epoch   9/200 | Train Loss: 0.232376 | Val Loss: 0.327469
[2026-05-24 22:13:35] [INFO]   保存最佳模型，验证损失: 0.327469
[2026-05-24 22:13:35] [INFO] Epoch  10/200 | Train Loss: 0.228366 | Val Loss: 0.326698
[2026-05-24 22:13:35] [INFO]   保存最佳模型，验证损失: 0.326698
[2026-05-24 22:13:35] [INFO] Epoch  11/200 | Train Loss: 0.229859 | Val Loss: 0.325927
[2026-05-24 22:13:35] [INFO]   保存最佳模型，验证损失: 0.325927
[2026-05-24 22:13:35] [INFO] Epoch  12/200 | Train Loss: 0.228177 | Val Loss: 0.325155
[2026-05-24 22:13:35] [INFO]   保存最佳模型，验证损失: 0.325155
[2026-05-24 22:13:35] [INFO] Epoch  13/200 | Train Loss: 0.228651 | Val Loss: 0.324380
[2026-05-24 22:13:35] [INFO]   保存最佳模型，验证损失: 0.324380
[2026-05-24 22:13:35] [INFO] Epoch  14/200 | Train Loss: 0.225899 | Val Loss: 0.323603
[2026-05-24 22:13:35] [INFO]   保存最佳模型，验证损失: 0.323603
[2026-05-24 22:13:35] [INFO] Epoch  15/200 | Train Loss: 0.226441 | Val Loss: 0.322823
[2026-05-24 22:13:35] [INFO]   保存最佳模型，验证损失: 0.322823
[2026-05-24 22:13:35] [INFO] Epoch  16/200 | Train Loss: 0.226359 | Val Loss: 0.322044
[2026-05-24 22:13:35] [INFO]   保存最佳模型，验证损失: 0.322044
[2026-05-24 22:13:36] [INFO] Epoch  17/200 | Train Loss: 0.225921 | Val Loss: 0.321273
[2026-05-24 22:13:36] [INFO]   保存最佳模型，验证损失: 0.321273
[2026-05-24 22:13:36] [INFO] Epoch  18/200 | Train Loss: 0.225888 | Val Loss: 0.320506
[2026-05-24 22:13:36] [INFO]   保存最佳模型，验证损失: 0.320506
[2026-05-24 22:13:36] [INFO] Epoch  19/200 | Train Loss: 0.223716 | Val Loss: 0.319743
[2026-05-24 22:13:36] [INFO]   保存最佳模型，验证损失: 0.319743
[2026-05-24 22:13:36] [INFO] Epoch  20/200 | Train Loss: 0.224473 | Val Loss: 0.318986
[2026-05-24 22:13:36] [INFO]   保存最佳模型，验证损失: 0.318986
[2026-05-24 22:13:36] [INFO] Epoch  21/200 | Train Loss: 0.223935 | Val Loss: 0.318233
[2026-05-24 22:13:36] [INFO]   保存最佳模型，验证损失: 0.318233
[2026-05-24 22:13:36] [INFO] Epoch  22/200 | Train Loss: 0.221420 | Val Loss: 0.317477
[2026-05-24 22:13:36] [INFO]   保存最佳模型，验证损失: 0.317477
[2026-05-24 22:13:36] [INFO] Epoch  23/200 | Train Loss: 0.221263 | Val Loss: 0.316721
[2026-05-24 22:13:36] [INFO]   保存最佳模型，验证损失: 0.316721
[2026-05-24 22:13:36] [INFO] Epoch  24/200 | Train Loss: 0.222043 | Val Loss: 0.315958
[2026-05-24 22:13:36] [INFO]   保存最佳模型，验证损失: 0.315958
[2026-05-24 22:13:36] [INFO] Epoch  25/200 | Train Loss: 0.221025 | Val Loss: 0.315194
[2026-05-24 22:13:36] [INFO]   保存最佳模型，验证损失: 0.315194
[2026-05-24 22:13:36] [INFO] Epoch  26/200 | Train Loss: 0.221028 | Val Loss: 0.314428
[2026-05-24 22:13:36] [INFO]   保存最佳模型，验证损失: 0.314428
[2026-05-24 22:13:36] [INFO] Epoch  27/200 | Train Loss: 0.221241 | Val Loss: 0.313666
[2026-05-24 22:13:36] [INFO]   保存最佳模型，验证损失: 0.313666
[2026-05-24 22:13:36] [INFO] Epoch  28/200 | Train Loss: 0.220133 | Val Loss: 0.312903
[2026-05-24 22:13:36] [INFO]   保存最佳模型，验证损失: 0.312903
[2026-05-24 22:13:36] [INFO] Epoch  29/200 | Train Loss: 0.221155 | Val Loss: 0.312133
[2026-05-24 22:13:36] [INFO]   保存最佳模型，验证损失: 0.312133
[2026-05-24 22:13:36] [INFO] Epoch  30/200 | Train Loss: 0.217844 | Val Loss: 0.311353
[2026-05-24 22:13:36] [INFO]   保存最佳模型，验证损失: 0.311353
[2026-05-24 22:13:36] [INFO] Epoch  31/200 | Train Loss: 0.216686 | Val Loss: 0.310568
[2026-05-24 22:13:36] [INFO]   保存最佳模型，验证损失: 0.310568
[2026-05-24 22:13:36] [INFO] Epoch  32/200 | Train Loss: 0.217119 | Val Loss: 0.309778
[2026-05-24 22:13:36] [INFO]   保存最佳模型，验证损失: 0.309778
[2026-05-24 22:13:36] [INFO] Epoch  33/200 | Train Loss: 0.218138 | Val Loss: 0.308992
[2026-05-24 22:13:36] [INFO]   保存最佳模型，验证损失: 0.308992
[2026-05-24 22:13:36] [INFO] Epoch  34/200 | Train Loss: 0.217756 | Val Loss: 0.308208
[2026-05-24 22:13:36] [INFO]   保存最佳模型，验证损失: 0.308208
[2026-05-24 22:13:36] [INFO] Epoch  35/200 | Train Loss: 0.218586 | Val Loss: 0.307425
[2026-05-24 22:13:36] [INFO]   保存最佳模型，验证损失: 0.307425
[2026-05-24 22:13:37] [INFO] Epoch  36/200 | Train Loss: 0.217382 | Val Loss: 0.306642
[2026-05-24 22:13:37] [INFO]   保存最佳模型，验证损失: 0.306642
[2026-05-24 22:13:37] [INFO] Epoch  37/200 | Train Loss: 0.215449 | Val Loss: 0.305850
[2026-05-24 22:13:37] [INFO]   保存最佳模型，验证损失: 0.305850
[2026-05-24 22:13:37] [INFO] Epoch  38/200 | Train Loss: 0.214794 | Val Loss: 0.305050
[2026-05-24 22:13:37] [INFO]   保存最佳模型，验证损失: 0.305050
[2026-05-24 22:13:37] [INFO] Epoch  39/200 | Train Loss: 0.212603 | Val Loss: 0.304243
[2026-05-24 22:13:37] [INFO]   保存最佳模型，验证损失: 0.304243
[2026-05-24 22:13:37] [INFO] Epoch  40/200 | Train Loss: 0.215156 | Val Loss: 0.303439
[2026-05-24 22:13:37] [INFO]   保存最佳模型，验证损失: 0.303439
[2026-05-24 22:13:37] [INFO] Epoch  41/200 | Train Loss: 0.211350 | Val Loss: 0.302628
[2026-05-24 22:13:37] [INFO]   保存最佳模型，验证损失: 0.302628
[2026-05-24 22:13:37] [INFO] Epoch  42/200 | Train Loss: 0.211545 | Val Loss: 0.301805
[2026-05-24 22:13:37] [INFO]   保存最佳模型，验证损失: 0.301805
[2026-05-24 22:13:37] [INFO] Epoch  43/200 | Train Loss: 0.213881 | Val Loss: 0.300979
[2026-05-24 22:13:37] [INFO]   保存最佳模型，验证损失: 0.300979
[2026-05-24 22:13:37] [INFO] Epoch  44/200 | Train Loss: 0.211278 | Val Loss: 0.300145
[2026-05-24 22:13:37] [INFO]   保存最佳模型，验证损失: 0.300145
[2026-05-24 22:13:37] [INFO] Epoch  45/200 | Train Loss: 0.211640 | Val Loss: 0.299305
[2026-05-24 22:13:37] [INFO]   保存最佳模型，验证损失: 0.299305
[2026-05-24 22:13:37] [INFO] Epoch  46/200 | Train Loss: 0.211271 | Val Loss: 0.298454
[2026-05-24 22:13:37] [INFO]   保存最佳模型，验证损失: 0.298454
[2026-05-24 22:13:37] [INFO] Epoch  47/200 | Train Loss: 0.209952 | Val Loss: 0.297591
[2026-05-24 22:13:37] [INFO]   保存最佳模型，验证损失: 0.297591
[2026-05-24 22:13:37] [INFO] Epoch  48/200 | Train Loss: 0.208825 | Val Loss: 0.296714
[2026-05-24 22:13:37] [INFO]   保存最佳模型，验证损失: 0.296714
[2026-05-24 22:13:37] [INFO] Epoch  49/200 | Train Loss: 0.208123 | Val Loss: 0.295825
[2026-05-24 22:13:37] [INFO]   保存最佳模型，验证损失: 0.295825
[2026-05-24 22:13:37] [INFO] Epoch  50/200 | Train Loss: 0.206734 | Val Loss: 0.294915
[2026-05-24 22:13:37] [INFO]   保存最佳模型，验证损失: 0.294915
[2026-05-24 22:13:37] [INFO] Epoch  51/200 | Train Loss: 0.208009 | Val Loss: 0.293993
[2026-05-24 22:13:37] [INFO]   保存最佳模型，验证损失: 0.293993
[2026-05-24 22:13:37] [INFO] Epoch  52/200 | Train Loss: 0.207889 | Val Loss: 0.293055
[2026-05-24 22:13:37] [INFO]   保存最佳模型，验证损失: 0.293055
[2026-05-24 22:13:37] [INFO] Epoch  53/200 | Train Loss: 0.205457 | Val Loss: 0.292102
[2026-05-24 22:13:37] [INFO]   保存最佳模型，验证损失: 0.292102
[2026-05-24 22:13:37] [INFO] Epoch  54/200 | Train Loss: 0.206035 | Val Loss: 0.291134
[2026-05-24 22:13:37] [INFO]   保存最佳模型，验证损失: 0.291134
[2026-05-24 22:13:38] [INFO] Epoch  55/200 | Train Loss: 0.203697 | Val Loss: 0.290154
[2026-05-24 22:13:38] [INFO]   保存最佳模型，验证损失: 0.290154
[2026-05-24 22:13:38] [INFO] Epoch  56/200 | Train Loss: 0.203604 | Val Loss: 0.289157
[2026-05-24 22:13:38] [INFO]   保存最佳模型，验证损失: 0.289157
[2026-05-24 22:13:38] [INFO] Epoch  57/200 | Train Loss: 0.202912 | Val Loss: 0.288141
[2026-05-24 22:13:38] [INFO]   保存最佳模型，验证损失: 0.288141
[2026-05-24 22:13:38] [INFO] Epoch  58/200 | Train Loss: 0.202876 | Val Loss: 0.287112
[2026-05-24 22:13:38] [INFO]   保存最佳模型，验证损失: 0.287112
[2026-05-24 22:13:38] [INFO] Epoch  59/200 | Train Loss: 0.202171 | Val Loss: 0.286071
[2026-05-24 22:13:38] [INFO]   保存最佳模型，验证损失: 0.286071
[2026-05-24 22:13:38] [INFO] Epoch  60/200 | Train Loss: 0.200552 | Val Loss: 0.285018
[2026-05-24 22:13:38] [INFO]   保存最佳模型，验证损失: 0.285018
[2026-05-24 22:13:38] [INFO] Epoch  61/200 | Train Loss: 0.201112 | Val Loss: 0.283945
[2026-05-24 22:13:38] [INFO]   保存最佳模型，验证损失: 0.283945
[2026-05-24 22:13:38] [INFO] Epoch  62/200 | Train Loss: 0.200225 | Val Loss: 0.282848
[2026-05-24 22:13:38] [INFO]   保存最佳模型，验证损失: 0.282848
[2026-05-24 22:13:38] [INFO] Epoch  63/200 | Train Loss: 0.201042 | Val Loss: 0.281737
[2026-05-24 22:13:38] [INFO]   保存最佳模型，验证损失: 0.281737
[2026-05-24 22:13:38] [INFO] Epoch  64/200 | Train Loss: 0.200603 | Val Loss: 0.280607
[2026-05-24 22:13:38] [INFO]   保存最佳模型，验证损失: 0.280607
[2026-05-24 22:13:38] [INFO] Epoch  65/200 | Train Loss: 0.198488 | Val Loss: 0.279463
[2026-05-24 22:13:38] [INFO]   保存最佳模型，验证损失: 0.279463
[2026-05-24 22:13:38] [INFO] Epoch  66/200 | Train Loss: 0.198913 | Val Loss: 0.278309
[2026-05-24 22:13:38] [INFO]   保存最佳模型，验证损失: 0.278309
[2026-05-24 22:13:38] [INFO] Epoch  67/200 | Train Loss: 0.195656 | Val Loss: 0.277135
[2026-05-24 22:13:38] [INFO]   保存最佳模型，验证损失: 0.277135
[2026-05-24 22:13:38] [INFO] Epoch  68/200 | Train Loss: 0.194596 | Val Loss: 0.275948
[2026-05-24 22:13:38] [INFO]   保存最佳模型，验证损失: 0.275948
[2026-05-24 22:13:38] [INFO] Epoch  69/200 | Train Loss: 0.196286 | Val Loss: 0.274746
[2026-05-24 22:13:38] [INFO]   保存最佳模型，验证损失: 0.274746
[2026-05-24 22:13:38] [INFO] Epoch  70/200 | Train Loss: 0.194758 | Val Loss: 0.273530
[2026-05-24 22:13:38] [INFO]   保存最佳模型，验证损失: 0.273530
[2026-05-24 22:13:38] [INFO] Epoch  71/200 | Train Loss: 0.191103 | Val Loss: 0.272293
[2026-05-24 22:13:38] [INFO]   保存最佳模型，验证损失: 0.272293
[2026-05-24 22:13:38] [INFO] Epoch  72/200 | Train Loss: 0.194734 | Val Loss: 0.271042
[2026-05-24 22:13:38] [INFO]   保存最佳模型，验证损失: 0.271042
[2026-05-24 22:13:39] [INFO] Epoch  73/200 | Train Loss: 0.192080 | Val Loss: 0.269779
[2026-05-24 22:13:39] [INFO]   保存最佳模型，验证损失: 0.269779
[2026-05-24 22:13:39] [INFO] Epoch  74/200 | Train Loss: 0.192211 | Val Loss: 0.268494
[2026-05-24 22:13:39] [INFO]   保存最佳模型，验证损失: 0.268494
[2026-05-24 22:13:39] [INFO] Epoch  75/200 | Train Loss: 0.191345 | Val Loss: 0.267193
[2026-05-24 22:13:39] [INFO]   保存最佳模型，验证损失: 0.267193
[2026-05-24 22:13:39] [INFO] Epoch  76/200 | Train Loss: 0.189756 | Val Loss: 0.265864
[2026-05-24 22:13:39] [INFO]   保存最佳模型，验证损失: 0.265864
[2026-05-24 22:13:39] [INFO] Epoch  77/200 | Train Loss: 0.186585 | Val Loss: 0.264510
[2026-05-24 22:13:39] [INFO]   保存最佳模型，验证损失: 0.264510
[2026-05-24 22:13:39] [INFO] Epoch  78/200 | Train Loss: 0.189730 | Val Loss: 0.263138
[2026-05-24 22:13:39] [INFO]   保存最佳模型，验证损失: 0.263138
[2026-05-24 22:13:39] [INFO] Epoch  79/200 | Train Loss: 0.188695 | Val Loss: 0.261744
[2026-05-24 22:13:39] [INFO]   保存最佳模型，验证损失: 0.261744
[2026-05-24 22:13:39] [INFO] Epoch  80/200 | Train Loss: 0.187009 | Val Loss: 0.260324
[2026-05-24 22:13:39] [INFO]   保存最佳模型，验证损失: 0.260324
[2026-05-24 22:13:39] [INFO] Epoch  81/200 | Train Loss: 0.185180 | Val Loss: 0.258871
[2026-05-24 22:13:39] [INFO]   保存最佳模型，验证损失: 0.258871
[2026-05-24 22:13:39] [INFO] Epoch  82/200 | Train Loss: 0.180773 | Val Loss: 0.257386
[2026-05-24 22:13:39] [INFO]   保存最佳模型，验证损失: 0.257386
[2026-05-24 22:13:39] [INFO] Epoch  83/200 | Train Loss: 0.181740 | Val Loss: 0.255873
[2026-05-24 22:13:39] [INFO]   保存最佳模型，验证损失: 0.255873
[2026-05-24 22:13:39] [INFO] Epoch  84/200 | Train Loss: 0.180918 | Val Loss: 0.254332
[2026-05-24 22:13:39] [INFO]   保存最佳模型，验证损失: 0.254332
[2026-05-24 22:13:39] [INFO] Epoch  85/200 | Train Loss: 0.179710 | Val Loss: 0.252756
[2026-05-24 22:13:39] [INFO]   保存最佳模型，验证损失: 0.252756
[2026-05-24 22:13:39] [INFO] Epoch  86/200 | Train Loss: 0.181022 | Val Loss: 0.251144
[2026-05-24 22:13:39] [INFO]   保存最佳模型，验证损失: 0.251144
[2026-05-24 22:13:39] [INFO] Epoch  87/200 | Train Loss: 0.180293 | Val Loss: 0.249495
[2026-05-24 22:13:39] [INFO]   保存最佳模型，验证损失: 0.249495
[2026-05-24 22:13:39] [INFO] Epoch  88/200 | Train Loss: 0.178446 | Val Loss: 0.247811
[2026-05-24 22:13:39] [INFO]   保存最佳模型，验证损失: 0.247811
[2026-05-24 22:13:39] [INFO] Epoch  89/200 | Train Loss: 0.177249 | Val Loss: 0.246092
[2026-05-24 22:13:39] [INFO]   保存最佳模型，验证损失: 0.246092
[2026-05-24 22:13:39] [INFO] Epoch  90/200 | Train Loss: 0.175203 | Val Loss: 0.244336
[2026-05-24 22:13:39] [INFO]   保存最佳模型，验证损失: 0.244336
[2026-05-24 22:13:40] [INFO] Epoch  91/200 | Train Loss: 0.176814 | Val Loss: 0.242550
[2026-05-24 22:13:40] [INFO]   保存最佳模型，验证损失: 0.242550
[2026-05-24 22:13:40] [INFO] Epoch  92/200 | Train Loss: 0.171848 | Val Loss: 0.240720
[2026-05-24 22:13:40] [INFO]   保存最佳模型，验证损失: 0.240720
[2026-05-24 22:13:40] [INFO] Epoch  93/200 | Train Loss: 0.172902 | Val Loss: 0.238854
[2026-05-24 22:13:40] [INFO]   保存最佳模型，验证损失: 0.238854
[2026-05-24 22:13:40] [INFO] Epoch  94/200 | Train Loss: 0.170688 | Val Loss: 0.236952
[2026-05-24 22:13:40] [INFO]   保存最佳模型，验证损失: 0.236952
[2026-05-24 22:13:40] [INFO] Epoch  95/200 | Train Loss: 0.169977 | Val Loss: 0.235016
[2026-05-24 22:13:40] [INFO]   保存最佳模型，验证损失: 0.235016
[2026-05-24 22:13:40] [INFO] Epoch  96/200 | Train Loss: 0.169098 | Val Loss: 0.233050
[2026-05-24 22:13:40] [INFO]   保存最佳模型，验证损失: 0.233050
[2026-05-24 22:13:40] [INFO] Epoch  97/200 | Train Loss: 0.167234 | Val Loss: 0.231038
[2026-05-24 22:13:40] [INFO]   保存最佳模型，验证损失: 0.231038
[2026-05-24 22:13:40] [INFO] Epoch  98/200 | Train Loss: 0.168414 | Val Loss: 0.228974
[2026-05-24 22:13:40] [INFO]   保存最佳模型，验证损失: 0.228974
[2026-05-24 22:13:40] [INFO] Epoch  99/200 | Train Loss: 0.166676 | Val Loss: 0.226864
[2026-05-24 22:13:40] [INFO]   保存最佳模型，验证损失: 0.226864
[2026-05-24 22:13:40] [INFO] Epoch 100/200 | Train Loss: 0.162227 | Val Loss: 0.224706
[2026-05-24 22:13:40] [INFO]   保存最佳模型，验证损失: 0.224706
[2026-05-24 22:13:40] [INFO] Epoch 101/200 | Train Loss: 0.162682 | Val Loss: 0.222505
[2026-05-24 22:13:40] [INFO]   保存最佳模型，验证损失: 0.222505
[2026-05-24 22:13:40] [INFO] Epoch 102/200 | Train Loss: 0.163716 | Val Loss: 0.220263
[2026-05-24 22:13:40] [INFO]   保存最佳模型，验证损失: 0.220263
[2026-05-24 22:13:40] [INFO] Epoch 103/200 | Train Loss: 0.163509 | Val Loss: 0.217982
[2026-05-24 22:13:40] [INFO]   保存最佳模型，验证损失: 0.217982
[2026-05-24 22:13:40] [INFO] Epoch 104/200 | Train Loss: 0.157250 | Val Loss: 0.215660
[2026-05-24 22:13:40] [INFO]   保存最佳模型，验证损失: 0.215660
[2026-05-24 22:13:40] [INFO] Epoch 105/200 | Train Loss: 0.160377 | Val Loss: 0.213295
[2026-05-24 22:13:40] [INFO]   保存最佳模型，验证损失: 0.213295
[2026-05-24 22:13:40] [INFO] Epoch 106/200 | Train Loss: 0.160619 | Val Loss: 0.210901
[2026-05-24 22:13:40] [INFO]   保存最佳模型，验证损失: 0.210901
[2026-05-24 22:13:40] [INFO] Epoch 107/200 | Train Loss: 0.157076 | Val Loss: 0.208454
[2026-05-24 22:13:40] [INFO]   保存最佳模型，验证损失: 0.208454
[2026-05-24 22:13:40] [INFO] Epoch 108/200 | Train Loss: 0.152893 | Val Loss: 0.205957
[2026-05-24 22:13:40] [INFO]   保存最佳模型，验证损失: 0.205957
[2026-05-24 22:13:41] [INFO] Epoch 109/200 | Train Loss: 0.150751 | Val Loss: 0.203376
[2026-05-24 22:13:41] [INFO]   保存最佳模型，验证损失: 0.203376
[2026-05-24 22:13:41] [INFO] Epoch 110/200 | Train Loss: 0.150863 | Val Loss: 0.200741
[2026-05-24 22:13:41] [INFO]   保存最佳模型，验证损失: 0.200741
[2026-05-24 22:13:41] [INFO] Epoch 111/200 | Train Loss: 0.149548 | Val Loss: 0.198047
[2026-05-24 22:13:41] [INFO]   保存最佳模型，验证损失: 0.198047
[2026-05-24 22:13:41] [INFO] Epoch 112/200 | Train Loss: 0.145821 | Val Loss: 0.195293
[2026-05-24 22:13:41] [INFO]   保存最佳模型，验证损失: 0.195293
[2026-05-24 22:13:41] [INFO] Epoch 113/200 | Train Loss: 0.147495 | Val Loss: 0.192487
[2026-05-24 22:13:41] [INFO]   保存最佳模型，验证损失: 0.192487
[2026-05-24 22:13:41] [INFO] Epoch 114/200 | Train Loss: 0.145314 | Val Loss: 0.189645
[2026-05-24 22:13:41] [INFO]   保存最佳模型，验证损失: 0.189645
[2026-05-24 22:13:41] [INFO] Epoch 115/200 | Train Loss: 0.140945 | Val Loss: 0.186752
[2026-05-24 22:13:41] [INFO]   保存最佳模型，验证损失: 0.186752
[2026-05-24 22:13:41] [INFO] Epoch 116/200 | Train Loss: 0.140001 | Val Loss: 0.183824
[2026-05-24 22:13:41] [INFO]   保存最佳模型，验证损失: 0.183824
[2026-05-24 22:13:41] [INFO] Epoch 117/200 | Train Loss: 0.138786 | Val Loss: 0.180869
[2026-05-24 22:13:41] [INFO]   保存最佳模型，验证损失: 0.180869
[2026-05-24 22:13:41] [INFO] Epoch 118/200 | Train Loss: 0.139349 | Val Loss: 0.177890
[2026-05-24 22:13:41] [INFO]   保存最佳模型，验证损失: 0.177890
[2026-05-24 22:13:41] [INFO] Epoch 119/200 | Train Loss: 0.133434 | Val Loss: 0.174867
[2026-05-24 22:13:41] [INFO]   保存最佳模型，验证损失: 0.174867
[2026-05-24 22:13:41] [INFO] Epoch 120/200 | Train Loss: 0.135930 | Val Loss: 0.171818
[2026-05-24 22:13:41] [INFO]   保存最佳模型，验证损失: 0.171818
[2026-05-24 22:13:41] [INFO] Epoch 121/200 | Train Loss: 0.127572 | Val Loss: 0.168725
[2026-05-24 22:13:41] [INFO]   保存最佳模型，验证损失: 0.168725
[2026-05-24 22:13:41] [INFO] Epoch 122/200 | Train Loss: 0.127315 | Val Loss: 0.165595
[2026-05-24 22:13:41] [INFO]   保存最佳模型，验证损失: 0.165595
[2026-05-24 22:13:41] [INFO] Epoch 123/200 | Train Loss: 0.133033 | Val Loss: 0.162435
[2026-05-24 22:13:41] [INFO]   保存最佳模型，验证损失: 0.162435
[2026-05-24 22:13:41] [INFO] Epoch 124/200 | Train Loss: 0.125201 | Val Loss: 0.159241
[2026-05-24 22:13:41] [INFO]   保存最佳模型，验证损失: 0.159241
[2026-05-24 22:13:41] [INFO] Epoch 125/200 | Train Loss: 0.123358 | Val Loss: 0.156012
[2026-05-24 22:13:41] [INFO]   保存最佳模型，验证损失: 0.156012
[2026-05-24 22:13:41] [INFO] Epoch 126/200 | Train Loss: 0.122455 | Val Loss: 0.152761
[2026-05-24 22:13:42] [INFO]   保存最佳模型，验证损失: 0.152761
[2026-05-24 22:13:42] [INFO] Epoch 127/200 | Train Loss: 0.121514 | Val Loss: 0.149495
[2026-05-24 22:13:42] [INFO]   保存最佳模型，验证损失: 0.149495
[2026-05-24 22:13:42] [INFO] Epoch 128/200 | Train Loss: 0.122515 | Val Loss: 0.146195
[2026-05-24 22:13:42] [INFO]   保存最佳模型，验证损失: 0.146195
[2026-05-24 22:13:42] [INFO] Epoch 129/200 | Train Loss: 0.120837 | Val Loss: 0.142872
[2026-05-24 22:13:42] [INFO]   保存最佳模型，验证损失: 0.142872
[2026-05-24 22:13:42] [INFO] Epoch 130/200 | Train Loss: 0.117576 | Val Loss: 0.139533
[2026-05-24 22:13:42] [INFO]   保存最佳模型，验证损失: 0.139533
[2026-05-24 22:13:42] [INFO] Epoch 131/200 | Train Loss: 0.118124 | Val Loss: 0.136199
[2026-05-24 22:13:42] [INFO]   保存最佳模型，验证损失: 0.136199
[2026-05-24 22:13:42] [INFO] Epoch 132/200 | Train Loss: 0.111316 | Val Loss: 0.132857
[2026-05-24 22:13:42] [INFO]   保存最佳模型，验证损失: 0.132857
[2026-05-24 22:13:42] [INFO] Epoch 133/200 | Train Loss: 0.110725 | Val Loss: 0.129502
[2026-05-24 22:13:42] [INFO]   保存最佳模型，验证损失: 0.129502
[2026-05-24 22:13:42] [INFO] Epoch 134/200 | Train Loss: 0.107116 | Val Loss: 0.126144
[2026-05-24 22:13:42] [INFO]   保存最佳模型，验证损失: 0.126144
[2026-05-24 22:13:42] [INFO] Epoch 135/200 | Train Loss: 0.107750 | Val Loss: 0.122804
[2026-05-24 22:13:42] [INFO]   保存最佳模型，验证损失: 0.122804
[2026-05-24 22:13:42] [INFO] Epoch 136/200 | Train Loss: 0.103392 | Val Loss: 0.119486
[2026-05-24 22:13:42] [INFO]   保存最佳模型，验证损失: 0.119486
[2026-05-24 22:13:42] [INFO] Epoch 137/200 | Train Loss: 0.105572 | Val Loss: 0.116190
[2026-05-24 22:13:42] [INFO]   保存最佳模型，验证损失: 0.116190
[2026-05-24 22:13:42] [INFO] Epoch 138/200 | Train Loss: 0.100869 | Val Loss: 0.112912
[2026-05-24 22:13:42] [INFO]   保存最佳模型，验证损失: 0.112912
[2026-05-24 22:13:42] [INFO] Epoch 139/200 | Train Loss: 0.101240 | Val Loss: 0.109651
[2026-05-24 22:13:42] [INFO]   保存最佳模型，验证损失: 0.109651
[2026-05-24 22:13:42] [INFO] Epoch 140/200 | Train Loss: 0.092962 | Val Loss: 0.106394
[2026-05-24 22:13:42] [INFO]   保存最佳模型，验证损失: 0.106394
[2026-05-24 22:13:42] [INFO] Epoch 141/200 | Train Loss: 0.094221 | Val Loss: 0.103187
[2026-05-24 22:13:42] [INFO]   保存最佳模型，验证损失: 0.103187
[2026-05-24 22:13:42] [INFO] Epoch 142/200 | Train Loss: 0.089591 | Val Loss: 0.100007
[2026-05-24 22:13:42] [INFO]   保存最佳模型，验证损失: 0.100007
[2026-05-24 22:13:42] [INFO] Epoch 143/200 | Train Loss: 0.086597 | Val Loss: 0.096864
[2026-05-24 22:13:42] [INFO]   保存最佳模型，验证损失: 0.096864
[2026-05-24 22:13:42] [INFO] Epoch 144/200 | Train Loss: 0.085422 | Val Loss: 0.093764
[2026-05-24 22:13:42] [INFO]   保存最佳模型，验证损失: 0.093764
[2026-05-24 22:13:43] [INFO] Epoch 145/200 | Train Loss: 0.090337 | Val Loss: 0.090724
[2026-05-24 22:13:43] [INFO]   保存最佳模型，验证损失: 0.090724
[2026-05-24 22:13:43] [INFO] Epoch 146/200 | Train Loss: 0.085627 | Val Loss: 0.087754
[2026-05-24 22:13:43] [INFO]   保存最佳模型，验证损失: 0.087754
[2026-05-24 22:13:43] [INFO] Epoch 147/200 | Train Loss: 0.094927 | Val Loss: 0.084880
[2026-05-24 22:13:43] [INFO]   保存最佳模型，验证损失: 0.084880
[2026-05-24 22:13:43] [INFO] Epoch 148/200 | Train Loss: 0.080490 | Val Loss: 0.082079
[2026-05-24 22:13:43] [INFO]   保存最佳模型，验证损失: 0.082079
[2026-05-24 22:13:43] [INFO] Epoch 149/200 | Train Loss: 0.080421 | Val Loss: 0.079356
[2026-05-24 22:13:43] [INFO]   保存最佳模型，验证损失: 0.079356
[2026-05-24 22:13:43] [INFO] Epoch 150/200 | Train Loss: 0.078844 | Val Loss: 0.076737
[2026-05-24 22:13:43] [INFO]   保存最佳模型，验证损失: 0.076737
[2026-05-24 22:13:43] [INFO] Epoch 151/200 | Train Loss: 0.077914 | Val Loss: 0.074228
[2026-05-24 22:13:43] [INFO]   保存最佳模型，验证损失: 0.074228
[2026-05-24 22:13:43] [INFO] Epoch 152/200 | Train Loss: 0.077297 | Val Loss: 0.071825
[2026-05-24 22:13:43] [INFO]   保存最佳模型，验证损失: 0.071825
[2026-05-24 22:13:43] [INFO] Epoch 153/200 | Train Loss: 0.069985 | Val Loss: 0.069524
[2026-05-24 22:13:43] [INFO]   保存最佳模型，验证损失: 0.069524
[2026-05-24 22:13:43] [INFO] Epoch 154/200 | Train Loss: 0.067320 | Val Loss: 0.067309
[2026-05-24 22:13:43] [INFO]   保存最佳模型，验证损失: 0.067309
[2026-05-24 22:13:43] [INFO] Epoch 155/200 | Train Loss: 0.074310 | Val Loss: 0.065188
[2026-05-24 22:13:43] [INFO]   保存最佳模型，验证损失: 0.065188
[2026-05-24 22:13:43] [INFO] Epoch 156/200 | Train Loss: 0.072777 | Val Loss: 0.063176
[2026-05-24 22:13:43] [INFO]   保存最佳模型，验证损失: 0.063176
[2026-05-24 22:13:43] [INFO] Epoch 157/200 | Train Loss: 0.075053 | Val Loss: 0.061258
[2026-05-24 22:13:43] [INFO]   保存最佳模型，验证损失: 0.061258
[2026-05-24 22:13:43] [INFO] Epoch 158/200 | Train Loss: 0.069849 | Val Loss: 0.059460
[2026-05-24 22:13:43] [INFO]   保存最佳模型，验证损失: 0.059460
[2026-05-24 22:13:43] [INFO] Epoch 159/200 | Train Loss: 0.068453 | Val Loss: 0.057720
[2026-05-24 22:13:43] [INFO]   保存最佳模型，验证损失: 0.057720
[2026-05-24 22:13:43] [INFO] Epoch 160/200 | Train Loss: 0.064721 | Val Loss: 0.056060
[2026-05-24 22:13:43] [INFO]   保存最佳模型，验证损失: 0.056060
[2026-05-24 22:13:43] [INFO] Epoch 161/200 | Train Loss: 0.067214 | Val Loss: 0.054501
[2026-05-24 22:13:43] [INFO]   保存最佳模型，验证损失: 0.054501
[2026-05-24 22:13:43] [INFO] Epoch 162/200 | Train Loss: 0.065918 | Val Loss: 0.053054
[2026-05-24 22:13:43] [INFO]   保存最佳模型，验证损失: 0.053054
[2026-05-24 22:13:43] [INFO] Epoch 163/200 | Train Loss: 0.067762 | Val Loss: 0.051686
[2026-05-24 22:13:43] [INFO]   保存最佳模型，验证损失: 0.051686
[2026-05-24 22:13:43] [INFO] Epoch 164/200 | Train Loss: 0.060618 | Val Loss: 0.050401
[2026-05-24 22:13:44] [INFO]   保存最佳模型，验证损失: 0.050401
[2026-05-24 22:13:44] [INFO] Epoch 165/200 | Train Loss: 0.066261 | Val Loss: 0.049249
[2026-05-24 22:13:44] [INFO]   保存最佳模型，验证损失: 0.049249
[2026-05-24 22:13:44] [INFO] Epoch 166/200 | Train Loss: 0.058945 | Val Loss: 0.048170
[2026-05-24 22:13:44] [INFO]   保存最佳模型，验证损失: 0.048170
[2026-05-24 22:13:44] [INFO] Epoch 167/200 | Train Loss: 0.063238 | Val Loss: 0.047178
[2026-05-24 22:13:44] [INFO]   保存最佳模型，验证损失: 0.047178
[2026-05-24 22:13:44] [INFO] Epoch 168/200 | Train Loss: 0.063708 | Val Loss: 0.046249
[2026-05-24 22:13:44] [INFO]   保存最佳模型，验证损失: 0.046249
[2026-05-24 22:13:44] [INFO] Epoch 169/200 | Train Loss: 0.066289 | Val Loss: 0.045429
[2026-05-24 22:13:44] [INFO]   保存最佳模型，验证损失: 0.045429
[2026-05-24 22:13:44] [INFO] Epoch 170/200 | Train Loss: 0.060369 | Val Loss: 0.044617
[2026-05-24 22:13:44] [INFO]   保存最佳模型，验证损失: 0.044617
[2026-05-24 22:13:44] [INFO] Epoch 171/200 | Train Loss: 0.063079 | Val Loss: 0.043835
[2026-05-24 22:13:44] [INFO]   保存最佳模型，验证损失: 0.043835
[2026-05-24 22:13:44] [INFO] Epoch 172/200 | Train Loss: 0.056704 | Val Loss: 0.043122
[2026-05-24 22:13:44] [INFO]   保存最佳模型，验证损失: 0.043122
[2026-05-24 22:13:44] [INFO] Epoch 173/200 | Train Loss: 0.057310 | Val Loss: 0.042443
[2026-05-24 22:13:44] [INFO]   保存最佳模型，验证损失: 0.042443
[2026-05-24 22:13:44] [INFO] Epoch 174/200 | Train Loss: 0.057484 | Val Loss: 0.041859
[2026-05-24 22:13:44] [INFO]   保存最佳模型，验证损失: 0.041859
[2026-05-24 22:13:44] [INFO] Epoch 175/200 | Train Loss: 0.059602 | Val Loss: 0.041353
[2026-05-24 22:13:44] [INFO]   保存最佳模型，验证损失: 0.041353
[2026-05-24 22:13:44] [INFO] Epoch 176/200 | Train Loss: 0.054636 | Val Loss: 0.040866
[2026-05-24 22:13:44] [INFO]   保存最佳模型，验证损失: 0.040866
[2026-05-24 22:13:44] [INFO] Epoch 177/200 | Train Loss: 0.058037 | Val Loss: 0.040417
[2026-05-24 22:13:44] [INFO]   保存最佳模型，验证损失: 0.040417
[2026-05-24 22:13:44] [INFO] Epoch 178/200 | Train Loss: 0.055070 | Val Loss: 0.039977
[2026-05-24 22:13:44] [INFO]   保存最佳模型，验证损失: 0.039977
[2026-05-24 22:13:44] [INFO] Epoch 179/200 | Train Loss: 0.058457 | Val Loss: 0.039587
[2026-05-24 22:13:44] [INFO]   保存最佳模型，验证损失: 0.039587
[2026-05-24 22:13:44] [INFO] Epoch 180/200 | Train Loss: 0.056994 | Val Loss: 0.039221
[2026-05-24 22:13:44] [INFO]   保存最佳模型，验证损失: 0.039221
[2026-05-24 22:13:44] [INFO] Epoch 181/200 | Train Loss: 0.051296 | Val Loss: 0.038862
[2026-05-24 22:13:44] [INFO]   保存最佳模型，验证损失: 0.038862
[2026-05-24 22:13:45] [INFO] Epoch 182/200 | Train Loss: 0.054614 | Val Loss: 0.038442
[2026-05-24 22:13:45] [INFO]   保存最佳模型，验证损失: 0.038442
[2026-05-24 22:13:45] [INFO] Epoch 183/200 | Train Loss: 0.054031 | Val Loss: 0.038009
[2026-05-24 22:13:45] [INFO]   保存最佳模型，验证损失: 0.038009
[2026-05-24 22:13:45] [INFO] Epoch 184/200 | Train Loss: 0.049049 | Val Loss: 0.037608
[2026-05-24 22:13:45] [INFO]   保存最佳模型，验证损失: 0.037608
[2026-05-24 22:13:45] [INFO] Epoch 185/200 | Train Loss: 0.054380 | Val Loss: 0.037202
[2026-05-24 22:13:45] [INFO]   保存最佳模型，验证损失: 0.037202
[2026-05-24 22:13:45] [INFO] Epoch 186/200 | Train Loss: 0.046756 | Val Loss: 0.036820
[2026-05-24 22:13:45] [INFO]   保存最佳模型，验证损失: 0.036820
[2026-05-24 22:13:45] [INFO] Epoch 187/200 | Train Loss: 0.050679 | Val Loss: 0.036444
[2026-05-24 22:13:45] [INFO]   保存最佳模型，验证损失: 0.036444
[2026-05-24 22:13:45] [INFO] Epoch 188/200 | Train Loss: 0.051299 | Val Loss: 0.036018
[2026-05-24 22:13:45] [INFO]   保存最佳模型，验证损失: 0.036018
[2026-05-24 22:13:45] [INFO] Epoch 189/200 | Train Loss: 0.054367 | Val Loss: 0.035631
[2026-05-24 22:13:45] [INFO]   保存最佳模型，验证损失: 0.035631
[2026-05-24 22:13:45] [INFO] Epoch 190/200 | Train Loss: 0.051790 | Val Loss: 0.035240
[2026-05-24 22:13:45] [INFO]   保存最佳模型，验证损失: 0.035240
[2026-05-24 22:13:45] [INFO] Epoch 191/200 | Train Loss: 0.049936 | Val Loss: 0.034869
[2026-05-24 22:13:45] [INFO]   保存最佳模型，验证损失: 0.034869
[2026-05-24 22:13:45] [INFO] Epoch 192/200 | Train Loss: 0.051235 | Val Loss: 0.034478
[2026-05-24 22:13:45] [INFO]   保存最佳模型，验证损失: 0.034478
[2026-05-24 22:13:45] [INFO] Epoch 193/200 | Train Loss: 0.052554 | Val Loss: 0.034073
[2026-05-24 22:13:45] [INFO]   保存最佳模型，验证损失: 0.034073
[2026-05-24 22:13:45] [INFO] Epoch 194/200 | Train Loss: 0.050048 | Val Loss: 0.033689
[2026-05-24 22:13:45] [INFO]   保存最佳模型，验证损失: 0.033689
[2026-05-24 22:13:45] [INFO] Epoch 195/200 | Train Loss: 0.051433 | Val Loss: 0.033316
[2026-05-24 22:13:45] [INFO]   保存最佳模型，验证损失: 0.033316
[2026-05-24 22:13:45] [INFO] Epoch 196/200 | Train Loss: 0.051716 | Val Loss: 0.032931
[2026-05-24 22:13:45] [INFO]   保存最佳模型，验证损失: 0.032931
[2026-05-24 22:13:45] [INFO] Epoch 197/200 | Train Loss: 0.046166 | Val Loss: 0.032569
[2026-05-24 22:13:45] [INFO]   保存最佳模型，验证损失: 0.032569
[2026-05-24 22:13:45] [INFO] Epoch 198/200 | Train Loss: 0.050466 | Val Loss: 0.032153
[2026-05-24 22:13:45] [INFO]   保存最佳模型，验证损失: 0.032153
[2026-05-24 22:13:45] [INFO] Epoch 199/200 | Train Loss: 0.048971 | Val Loss: 0.031716
[2026-05-24 22:13:45] [INFO]   保存最佳模型，验证损失: 0.031716
[2026-05-24 22:13:46] [INFO] Epoch 200/200 | Train Loss: 0.048535 | Val Loss: 0.031276
[2026-05-24 22:13:46] [INFO]   保存最佳模型，验证损失: 0.031276
[2026-05-24 22:13:46] [INFO] 训练结束，最佳验证损失: 0.031276
[2026-05-24 22:13:46] [INFO] 开始验证集预测并生成对比图...
[2026-05-24 22:16:24] [INFO] Residual LSTM 训练开始 (残差预测)
[2026-05-24 22:16:32] [INFO] Device: cpu, Batch size: 256, Hist: 15, Pred: 10, Norm: True
[2026-05-24 22:16:32] [INFO] 加载 1 个文件...
[2026-05-24 22:16:32] [INFO] 已加载 0/1 文件
[2026-05-24 22:16:32] [INFO] 批量拟合完成 - 状态: (1359, 4), 控制: (1359, 2), 基础: (1359, 4), 差异: (1359, 4)
[2026-05-24 22:16:32] [INFO] 开始归一化train集样本...
[2026-05-24 22:16:32] [INFO] 归一化完成
[2026-05-24 22:16:32] [INFO] train数据集: 1个文件，84个样本
[2026-05-24 22:16:32] [INFO] 归一化器已保存到: ./results/residual_lstm_20260524_2216\checkpoints\scalers.pkl
[2026-05-24 22:16:32] [INFO] 总样本数: 84, 训练: 67, 验证: 17
[2026-05-24 22:16:32] [INFO] 开始训练...
[2026-05-24 22:16:33] [INFO] Epoch   1/200 | Train Loss: 0.232933 | Val Loss: 0.333675
[2026-05-24 22:16:33] [INFO]   保存最佳模型，验证损失: 0.333675
[2026-05-24 22:16:33] [INFO] Epoch   2/200 | Train Loss: 0.231239 | Val Loss: 0.332900
[2026-05-24 22:16:33] [INFO]   保存最佳模型，验证损失: 0.332900
[2026-05-24 22:16:33] [INFO] Epoch   3/200 | Train Loss: 0.233894 | Val Loss: 0.332128
[2026-05-24 22:16:33] [INFO]   保存最佳模型，验证损失: 0.332128
[2026-05-24 22:16:33] [INFO] Epoch   4/200 | Train Loss: 0.232574 | Val Loss: 0.331351
[2026-05-24 22:16:33] [INFO]   保存最佳模型，验证损失: 0.331351
[2026-05-24 22:16:33] [INFO] Epoch   5/200 | Train Loss: 0.231898 | Val Loss: 0.330572
[2026-05-24 22:16:33] [INFO]   保存最佳模型，验证损失: 0.330572
[2026-05-24 22:16:33] [INFO] Epoch   6/200 | Train Loss: 0.230480 | Val Loss: 0.329797
[2026-05-24 22:16:33] [INFO]   保存最佳模型，验证损失: 0.329797
[2026-05-24 22:16:33] [INFO] Epoch   7/200 | Train Loss: 0.231418 | Val Loss: 0.329020
[2026-05-24 22:16:33] [INFO]   保存最佳模型，验证损失: 0.329020
[2026-05-24 22:16:33] [INFO] Epoch   8/200 | Train Loss: 0.230604 | Val Loss: 0.328244
[2026-05-24 22:16:33] [INFO]   保存最佳模型，验证损失: 0.328244
[2026-05-24 22:16:33] [INFO] Epoch   9/200 | Train Loss: 0.232376 | Val Loss: 0.327469
[2026-05-24 22:16:33] [INFO]   保存最佳模型，验证损失: 0.327469
[2026-05-24 22:16:33] [INFO] Epoch  10/200 | Train Loss: 0.228366 | Val Loss: 0.326698
[2026-05-24 22:16:33] [INFO]   保存最佳模型，验证损失: 0.326698
[2026-05-24 22:16:33] [INFO] Epoch  11/200 | Train Loss: 0.229859 | Val Loss: 0.325927
[2026-05-24 22:16:33] [INFO]   保存最佳模型，验证损失: 0.325927
[2026-05-24 22:16:33] [INFO] Epoch  12/200 | Train Loss: 0.228177 | Val Loss: 0.325155
[2026-05-24 22:16:33] [INFO]   保存最佳模型，验证损失: 0.325155
[2026-05-24 22:16:34] [INFO] Epoch  13/200 | Train Loss: 0.228651 | Val Loss: 0.324380
[2026-05-24 22:16:34] [INFO]   保存最佳模型，验证损失: 0.324380
[2026-05-24 22:16:34] [INFO] Epoch  14/200 | Train Loss: 0.225899 | Val Loss: 0.323603
[2026-05-24 22:16:34] [INFO]   保存最佳模型，验证损失: 0.323603
[2026-05-24 22:16:34] [INFO] Epoch  15/200 | Train Loss: 0.226441 | Val Loss: 0.322823
[2026-05-24 22:16:34] [INFO]   保存最佳模型，验证损失: 0.322823
[2026-05-24 22:16:34] [INFO] Epoch  16/200 | Train Loss: 0.226359 | Val Loss: 0.322044
[2026-05-24 22:16:34] [INFO]   保存最佳模型，验证损失: 0.322044
[2026-05-24 22:16:34] [INFO] Epoch  17/200 | Train Loss: 0.225921 | Val Loss: 0.321273
[2026-05-24 22:16:34] [INFO]   保存最佳模型，验证损失: 0.321273
[2026-05-24 22:16:34] [INFO] Epoch  18/200 | Train Loss: 0.225888 | Val Loss: 0.320506
[2026-05-24 22:16:34] [INFO]   保存最佳模型，验证损失: 0.320506
[2026-05-24 22:16:34] [INFO] Epoch  19/200 | Train Loss: 0.223716 | Val Loss: 0.319743
[2026-05-24 22:16:34] [INFO]   保存最佳模型，验证损失: 0.319743
[2026-05-24 22:16:34] [INFO] Epoch  20/200 | Train Loss: 0.224473 | Val Loss: 0.318986
[2026-05-24 22:16:34] [INFO]   保存最佳模型，验证损失: 0.318986
[2026-05-24 22:16:34] [INFO] Epoch  21/200 | Train Loss: 0.223935 | Val Loss: 0.318233
[2026-05-24 22:16:34] [INFO]   保存最佳模型，验证损失: 0.318233
[2026-05-24 22:16:34] [INFO] Epoch  22/200 | Train Loss: 0.221420 | Val Loss: 0.317477
[2026-05-24 22:16:34] [INFO]   保存最佳模型，验证损失: 0.317477
[2026-05-24 22:16:34] [INFO] Epoch  23/200 | Train Loss: 0.221263 | Val Loss: 0.316721
[2026-05-24 22:16:34] [INFO]   保存最佳模型，验证损失: 0.316721
[2026-05-24 22:16:34] [INFO] Epoch  24/200 | Train Loss: 0.222043 | Val Loss: 0.315958
[2026-05-24 22:16:34] [INFO]   保存最佳模型，验证损失: 0.315958
[2026-05-24 22:16:34] [INFO] Epoch  25/200 | Train Loss: 0.221025 | Val Loss: 0.315194
[2026-05-24 22:16:34] [INFO]   保存最佳模型，验证损失: 0.315194
[2026-05-24 22:16:35] [INFO] Epoch  26/200 | Train Loss: 0.221028 | Val Loss: 0.314428
[2026-05-24 22:16:35] [INFO]   保存最佳模型，验证损失: 0.314428
[2026-05-24 22:16:35] [INFO] Epoch  27/200 | Train Loss: 0.221241 | Val Loss: 0.313666
[2026-05-24 22:16:35] [INFO]   保存最佳模型，验证损失: 0.313666
[2026-05-24 22:16:35] [INFO] Epoch  28/200 | Train Loss: 0.220133 | Val Loss: 0.312903
[2026-05-24 22:16:35] [INFO]   保存最佳模型，验证损失: 0.312903
[2026-05-24 22:16:35] [INFO] Epoch  29/200 | Train Loss: 0.221155 | Val Loss: 0.312133
[2026-05-24 22:16:35] [INFO]   保存最佳模型，验证损失: 0.312133
[2026-05-24 22:16:35] [INFO] Epoch  30/200 | Train Loss: 0.217844 | Val Loss: 0.311353
[2026-05-24 22:16:35] [INFO]   保存最佳模型，验证损失: 0.311353
[2026-05-24 22:16:35] [INFO] Epoch  31/200 | Train Loss: 0.216686 | Val Loss: 0.310568
[2026-05-24 22:16:35] [INFO]   保存最佳模型，验证损失: 0.310568
[2026-05-24 22:16:35] [INFO] Epoch  32/200 | Train Loss: 0.217119 | Val Loss: 0.309778
[2026-05-24 22:16:35] [INFO]   保存最佳模型，验证损失: 0.309778
[2026-05-24 22:16:35] [INFO] Epoch  33/200 | Train Loss: 0.218138 | Val Loss: 0.308992
[2026-05-24 22:16:35] [INFO]   保存最佳模型，验证损失: 0.308992
[2026-05-24 22:16:35] [INFO] Epoch  34/200 | Train Loss: 0.217756 | Val Loss: 0.308208
[2026-05-24 22:16:35] [INFO]   保存最佳模型，验证损失: 0.308208
[2026-05-24 22:16:35] [INFO] Epoch  35/200 | Train Loss: 0.218586 | Val Loss: 0.307425
[2026-05-24 22:16:35] [INFO]   保存最佳模型，验证损失: 0.307425
[2026-05-24 22:16:35] [INFO] Epoch  36/200 | Train Loss: 0.217382 | Val Loss: 0.306642
[2026-05-24 22:16:35] [INFO]   保存最佳模型，验证损失: 0.306642
[2026-05-24 22:16:35] [INFO] Epoch  37/200 | Train Loss: 0.215449 | Val Loss: 0.305850
[2026-05-24 22:16:35] [INFO]   保存最佳模型，验证损失: 0.305850
[2026-05-24 22:16:35] [INFO] Epoch  38/200 | Train Loss: 0.214794 | Val Loss: 0.305050
[2026-05-24 22:16:35] [INFO]   保存最佳模型，验证损失: 0.305050
[2026-05-24 22:16:36] [INFO] Epoch  39/200 | Train Loss: 0.212603 | Val Loss: 0.304243
[2026-05-24 22:16:36] [INFO]   保存最佳模型，验证损失: 0.304243
[2026-05-24 22:16:36] [INFO] Epoch  40/200 | Train Loss: 0.215156 | Val Loss: 0.303439
[2026-05-24 22:16:36] [INFO]   保存最佳模型，验证损失: 0.303439
[2026-05-24 22:16:36] [INFO] Epoch  41/200 | Train Loss: 0.211350 | Val Loss: 0.302628
[2026-05-24 22:16:36] [INFO]   保存最佳模型，验证损失: 0.302628
[2026-05-24 22:16:36] [INFO] Epoch  42/200 | Train Loss: 0.211545 | Val Loss: 0.301805
[2026-05-24 22:16:36] [INFO]   保存最佳模型，验证损失: 0.301805
[2026-05-24 22:16:36] [INFO] Epoch  43/200 | Train Loss: 0.213881 | Val Loss: 0.300979
[2026-05-24 22:16:36] [INFO]   保存最佳模型，验证损失: 0.300979
[2026-05-24 22:16:36] [INFO] Epoch  44/200 | Train Loss: 0.211278 | Val Loss: 0.300145
[2026-05-24 22:16:36] [INFO]   保存最佳模型，验证损失: 0.300145
[2026-05-24 22:16:36] [INFO] Epoch  45/200 | Train Loss: 0.211640 | Val Loss: 0.299305
[2026-05-24 22:16:36] [INFO]   保存最佳模型，验证损失: 0.299305
[2026-05-24 22:16:36] [INFO] Epoch  46/200 | Train Loss: 0.211271 | Val Loss: 0.298454
[2026-05-24 22:16:36] [INFO]   保存最佳模型，验证损失: 0.298454
[2026-05-24 22:16:36] [INFO] Epoch  47/200 | Train Loss: 0.209952 | Val Loss: 0.297591
[2026-05-24 22:16:36] [INFO]   保存最佳模型，验证损失: 0.297591
[2026-05-24 22:16:36] [INFO] Epoch  48/200 | Train Loss: 0.208825 | Val Loss: 0.296714
[2026-05-24 22:16:36] [INFO]   保存最佳模型，验证损失: 0.296714
[2026-05-24 22:16:36] [INFO] Epoch  49/200 | Train Loss: 0.208123 | Val Loss: 0.295825
[2026-05-24 22:16:36] [INFO]   保存最佳模型，验证损失: 0.295825
[2026-05-24 22:16:36] [INFO] Epoch  50/200 | Train Loss: 0.206734 | Val Loss: 0.294915
[2026-05-24 22:16:36] [INFO]   保存最佳模型，验证损失: 0.294915
[2026-05-24 22:16:36] [INFO] Epoch  51/200 | Train Loss: 0.208009 | Val Loss: 0.293993
[2026-05-24 22:16:36] [INFO]   保存最佳模型，验证损失: 0.293993
[2026-05-24 22:16:37] [INFO] Epoch  52/200 | Train Loss: 0.207889 | Val Loss: 0.293055
[2026-05-24 22:16:37] [INFO]   保存最佳模型，验证损失: 0.293055
[2026-05-24 22:16:37] [INFO] Epoch  53/200 | Train Loss: 0.205457 | Val Loss: 0.292102
[2026-05-24 22:16:37] [INFO]   保存最佳模型，验证损失: 0.292102
[2026-05-24 22:16:37] [INFO] Epoch  54/200 | Train Loss: 0.206035 | Val Loss: 0.291134
[2026-05-24 22:16:37] [INFO]   保存最佳模型，验证损失: 0.291134
[2026-05-24 22:16:37] [INFO] Epoch  55/200 | Train Loss: 0.203697 | Val Loss: 0.290154
[2026-05-24 22:16:37] [INFO]   保存最佳模型，验证损失: 0.290154
[2026-05-24 22:16:37] [INFO] Epoch  56/200 | Train Loss: 0.203604 | Val Loss: 0.289157
[2026-05-24 22:16:37] [INFO]   保存最佳模型，验证损失: 0.289157
[2026-05-24 22:16:37] [INFO] Epoch  57/200 | Train Loss: 0.202912 | Val Loss: 0.288141
[2026-05-24 22:16:37] [INFO]   保存最佳模型，验证损失: 0.288141
[2026-05-24 22:16:37] [INFO] Epoch  58/200 | Train Loss: 0.202876 | Val Loss: 0.287112
[2026-05-24 22:16:37] [INFO]   保存最佳模型，验证损失: 0.287112
[2026-05-24 22:16:37] [INFO] Epoch  59/200 | Train Loss: 0.202171 | Val Loss: 0.286071
[2026-05-24 22:16:37] [INFO]   保存最佳模型，验证损失: 0.286071
[2026-05-24 22:16:37] [INFO] Epoch  60/200 | Train Loss: 0.200552 | Val Loss: 0.285018
[2026-05-24 22:16:37] [INFO]   保存最佳模型，验证损失: 0.285018
[2026-05-24 22:16:37] [INFO] Epoch  61/200 | Train Loss: 0.201112 | Val Loss: 0.283945
[2026-05-24 22:16:37] [INFO]   保存最佳模型，验证损失: 0.283945
[2026-05-24 22:16:37] [INFO] Epoch  62/200 | Train Loss: 0.200225 | Val Loss: 0.282848
[2026-05-24 22:16:37] [INFO]   保存最佳模型，验证损失: 0.282848
[2026-05-24 22:16:37] [INFO] Epoch  63/200 | Train Loss: 0.201042 | Val Loss: 0.281737
[2026-05-24 22:16:37] [INFO]   保存最佳模型，验证损失: 0.281737
[2026-05-24 22:16:37] [INFO] Epoch  64/200 | Train Loss: 0.200603 | Val Loss: 0.280607
[2026-05-24 22:16:37] [INFO]   保存最佳模型，验证损失: 0.280607
[2026-05-24 22:16:38] [INFO] Epoch  65/200 | Train Loss: 0.198488 | Val Loss: 0.279463
[2026-05-24 22:16:38] [INFO]   保存最佳模型，验证损失: 0.279463
[2026-05-24 22:16:38] [INFO] Epoch  66/200 | Train Loss: 0.198913 | Val Loss: 0.278309
[2026-05-24 22:16:38] [INFO]   保存最佳模型，验证损失: 0.278309
[2026-05-24 22:16:38] [INFO] Epoch  67/200 | Train Loss: 0.195656 | Val Loss: 0.277135
[2026-05-24 22:16:38] [INFO]   保存最佳模型，验证损失: 0.277135
[2026-05-24 22:16:38] [INFO] Epoch  68/200 | Train Loss: 0.194596 | Val Loss: 0.275948
[2026-05-24 22:16:38] [INFO]   保存最佳模型，验证损失: 0.275948
[2026-05-24 22:16:38] [INFO] Epoch  69/200 | Train Loss: 0.196286 | Val Loss: 0.274746
[2026-05-24 22:16:38] [INFO]   保存最佳模型，验证损失: 0.274746
[2026-05-24 22:16:38] [INFO] Epoch  70/200 | Train Loss: 0.194758 | Val Loss: 0.273530
[2026-05-24 22:16:38] [INFO]   保存最佳模型，验证损失: 0.273530
[2026-05-24 22:16:38] [INFO] Epoch  71/200 | Train Loss: 0.191103 | Val Loss: 0.272293
[2026-05-24 22:16:38] [INFO]   保存最佳模型，验证损失: 0.272293
[2026-05-24 22:16:38] [INFO] Epoch  72/200 | Train Loss: 0.194734 | Val Loss: 0.271042
[2026-05-24 22:16:38] [INFO]   保存最佳模型，验证损失: 0.271042
[2026-05-24 22:16:38] [INFO] Epoch  73/200 | Train Loss: 0.192080 | Val Loss: 0.269779
[2026-05-24 22:16:38] [INFO]   保存最佳模型，验证损失: 0.269779
[2026-05-24 22:16:38] [INFO] Epoch  74/200 | Train Loss: 0.192211 | Val Loss: 0.268494
[2026-05-24 22:16:38] [INFO]   保存最佳模型，验证损失: 0.268494
[2026-05-24 22:16:38] [INFO] Epoch  75/200 | Train Loss: 0.191345 | Val Loss: 0.267193
[2026-05-24 22:16:38] [INFO]   保存最佳模型，验证损失: 0.267193
[2026-05-24 22:16:39] [INFO] Epoch  76/200 | Train Loss: 0.189756 | Val Loss: 0.265864
[2026-05-24 22:16:39] [INFO]   保存最佳模型，验证损失: 0.265864
[2026-05-24 22:16:39] [INFO] Epoch  77/200 | Train Loss: 0.186585 | Val Loss: 0.264510
[2026-05-24 22:16:39] [INFO]   保存最佳模型，验证损失: 0.264510
[2026-05-24 22:16:39] [INFO] Epoch  78/200 | Train Loss: 0.189730 | Val Loss: 0.263138
[2026-05-24 22:16:39] [INFO]   保存最佳模型，验证损失: 0.263138
[2026-05-24 22:16:39] [INFO] Epoch  79/200 | Train Loss: 0.188695 | Val Loss: 0.261744
[2026-05-24 22:16:39] [INFO]   保存最佳模型，验证损失: 0.261744
[2026-05-24 22:16:39] [INFO] Epoch  80/200 | Train Loss: 0.187009 | Val Loss: 0.260324
[2026-05-24 22:16:39] [INFO]   保存最佳模型，验证损失: 0.260324
[2026-05-24 22:16:39] [INFO] Epoch  81/200 | Train Loss: 0.185180 | Val Loss: 0.258871
[2026-05-24 22:16:39] [INFO]   保存最佳模型，验证损失: 0.258871
[2026-05-24 22:16:39] [INFO] Epoch  82/200 | Train Loss: 0.180773 | Val Loss: 0.257386
[2026-05-24 22:16:39] [INFO]   保存最佳模型，验证损失: 0.257386
[2026-05-24 22:16:39] [INFO] Epoch  83/200 | Train Loss: 0.181740 | Val Loss: 0.255873
[2026-05-24 22:16:39] [INFO]   保存最佳模型，验证损失: 0.255873
[2026-05-24 22:16:39] [INFO] Epoch  84/200 | Train Loss: 0.180918 | Val Loss: 0.254332
[2026-05-24 22:16:39] [INFO]   保存最佳模型，验证损失: 0.254332
[2026-05-24 22:16:39] [INFO] Epoch  85/200 | Train Loss: 0.179710 | Val Loss: 0.252756
[2026-05-24 22:16:39] [INFO]   保存最佳模型，验证损失: 0.252756
[2026-05-24 22:16:39] [INFO] Epoch  86/200 | Train Loss: 0.181022 | Val Loss: 0.251144
[2026-05-24 22:16:39] [INFO]   保存最佳模型，验证损失: 0.251144
[2026-05-24 22:16:39] [INFO] Epoch  87/200 | Train Loss: 0.180293 | Val Loss: 0.249495
[2026-05-24 22:16:39] [INFO]   保存最佳模型，验证损失: 0.249495
[2026-05-24 22:16:39] [INFO] Epoch  88/200 | Train Loss: 0.178446 | Val Loss: 0.247811
[2026-05-24 22:16:40] [INFO]   保存最佳模型，验证损失: 0.247811
[2026-05-24 22:16:40] [INFO] Epoch  89/200 | Train Loss: 0.177249 | Val Loss: 0.246092
[2026-05-24 22:16:40] [INFO]   保存最佳模型，验证损失: 0.246092
[2026-05-24 22:16:40] [INFO] Epoch  90/200 | Train Loss: 0.175203 | Val Loss: 0.244336
[2026-05-24 22:16:40] [INFO]   保存最佳模型，验证损失: 0.244336
[2026-05-24 22:16:40] [INFO] Epoch  91/200 | Train Loss: 0.176814 | Val Loss: 0.242550
[2026-05-24 22:16:40] [INFO]   保存最佳模型，验证损失: 0.242550
[2026-05-24 22:16:40] [INFO] Epoch  92/200 | Train Loss: 0.171848 | Val Loss: 0.240720
[2026-05-24 22:16:40] [INFO]   保存最佳模型，验证损失: 0.240720
[2026-05-24 22:16:40] [INFO] Epoch  93/200 | Train Loss: 0.172902 | Val Loss: 0.238854
[2026-05-24 22:16:40] [INFO]   保存最佳模型，验证损失: 0.238854
[2026-05-24 22:16:40] [INFO] Epoch  94/200 | Train Loss: 0.170688 | Val Loss: 0.236952
[2026-05-24 22:16:40] [INFO]   保存最佳模型，验证损失: 0.236952
[2026-05-24 22:16:40] [INFO] Epoch  95/200 | Train Loss: 0.169977 | Val Loss: 0.235016
[2026-05-24 22:16:40] [INFO]   保存最佳模型，验证损失: 0.235016
[2026-05-24 22:16:40] [INFO] Epoch  96/200 | Train Loss: 0.169098 | Val Loss: 0.233050
[2026-05-24 22:16:40] [INFO]   保存最佳模型，验证损失: 0.233050
[2026-05-24 22:16:40] [INFO] Epoch  97/200 | Train Loss: 0.167234 | Val Loss: 0.231038
[2026-05-24 22:16:40] [INFO]   保存最佳模型，验证损失: 0.231038
[2026-05-24 22:16:40] [INFO] Epoch  98/200 | Train Loss: 0.168414 | Val Loss: 0.228974
[2026-05-24 22:16:40] [INFO]   保存最佳模型，验证损失: 0.228974
[2026-05-24 22:16:40] [INFO] Epoch  99/200 | Train Loss: 0.166676 | Val Loss: 0.226864
[2026-05-24 22:16:40] [INFO]   保存最佳模型，验证损失: 0.226864
[2026-05-24 22:16:41] [INFO] Epoch 100/200 | Train Loss: 0.162227 | Val Loss: 0.224706
[2026-05-24 22:16:41] [INFO]   保存最佳模型，验证损失: 0.224706
[2026-05-24 22:16:41] [INFO] Epoch 101/200 | Train Loss: 0.162682 | Val Loss: 0.222505
[2026-05-24 22:16:41] [INFO]   保存最佳模型，验证损失: 0.222505
[2026-05-24 22:16:41] [INFO] Epoch 102/200 | Train Loss: 0.163716 | Val Loss: 0.220263
[2026-05-24 22:16:41] [INFO]   保存最佳模型，验证损失: 0.220263
[2026-05-24 22:16:41] [INFO] Epoch 103/200 | Train Loss: 0.163509 | Val Loss: 0.217982
[2026-05-24 22:16:41] [INFO]   保存最佳模型，验证损失: 0.217982
[2026-05-24 22:16:41] [INFO] Epoch 104/200 | Train Loss: 0.157250 | Val Loss: 0.215660
[2026-05-24 22:16:41] [INFO]   保存最佳模型，验证损失: 0.215660
[2026-05-24 22:16:41] [INFO] Epoch 105/200 | Train Loss: 0.160377 | Val Loss: 0.213295
[2026-05-24 22:16:41] [INFO]   保存最佳模型，验证损失: 0.213295
[2026-05-24 22:16:41] [INFO] Epoch 106/200 | Train Loss: 0.160619 | Val Loss: 0.210901
[2026-05-24 22:16:41] [INFO]   保存最佳模型，验证损失: 0.210901
[2026-05-24 22:16:41] [INFO] Epoch 107/200 | Train Loss: 0.157076 | Val Loss: 0.208454
[2026-05-24 22:16:41] [INFO]   保存最佳模型，验证损失: 0.208454
[2026-05-24 22:16:41] [INFO] Epoch 108/200 | Train Loss: 0.152893 | Val Loss: 0.205957
[2026-05-24 22:16:41] [INFO]   保存最佳模型，验证损失: 0.205957
[2026-05-24 22:16:42] [INFO] Epoch 109/200 | Train Loss: 0.150751 | Val Loss: 0.203376
[2026-05-24 22:16:42] [INFO]   保存最佳模型，验证损失: 0.203376
[2026-05-24 22:16:42] [INFO] Epoch 110/200 | Train Loss: 0.150863 | Val Loss: 0.200741
[2026-05-24 22:16:42] [INFO]   保存最佳模型，验证损失: 0.200741
[2026-05-24 22:16:42] [INFO] Epoch 111/200 | Train Loss: 0.149548 | Val Loss: 0.198047
[2026-05-24 22:16:42] [INFO]   保存最佳模型，验证损失: 0.198047
[2026-05-24 22:16:42] [INFO] Epoch 112/200 | Train Loss: 0.145821 | Val Loss: 0.195293
[2026-05-24 22:16:42] [INFO]   保存最佳模型，验证损失: 0.195293
[2026-05-24 22:16:42] [INFO] Epoch 113/200 | Train Loss: 0.147495 | Val Loss: 0.192487
[2026-05-24 22:16:42] [INFO]   保存最佳模型，验证损失: 0.192487
[2026-05-24 22:16:42] [INFO] Epoch 114/200 | Train Loss: 0.145314 | Val Loss: 0.189645
[2026-05-24 22:16:42] [INFO]   保存最佳模型，验证损失: 0.189645
[2026-05-24 22:16:43] [INFO] Epoch 115/200 | Train Loss: 0.140945 | Val Loss: 0.186752
[2026-05-24 22:16:43] [INFO]   保存最佳模型，验证损失: 0.186752
[2026-05-24 22:16:43] [INFO] Epoch 116/200 | Train Loss: 0.140001 | Val Loss: 0.183824
[2026-05-24 22:16:43] [INFO]   保存最佳模型，验证损失: 0.183824
[2026-05-24 22:16:43] [INFO] Epoch 117/200 | Train Loss: 0.138786 | Val Loss: 0.180869
[2026-05-24 22:16:43] [INFO]   保存最佳模型，验证损失: 0.180869
[2026-05-24 22:16:43] [INFO] Epoch 118/200 | Train Loss: 0.139349 | Val Loss: 0.177890
[2026-05-24 22:16:43] [INFO]   保存最佳模型，验证损失: 0.177890
[2026-05-24 22:16:43] [INFO] Epoch 119/200 | Train Loss: 0.133434 | Val Loss: 0.174867
[2026-05-24 22:16:43] [INFO]   保存最佳模型，验证损失: 0.174867
[2026-05-24 22:16:43] [INFO] Epoch 120/200 | Train Loss: 0.135930 | Val Loss: 0.171818
[2026-05-24 22:16:43] [INFO]   保存最佳模型，验证损失: 0.171818
[2026-05-24 22:16:43] [INFO] Epoch 121/200 | Train Loss: 0.127572 | Val Loss: 0.168725
[2026-05-24 22:16:43] [INFO]   保存最佳模型，验证损失: 0.168725
[2026-05-24 22:16:43] [INFO] Epoch 122/200 | Train Loss: 0.127315 | Val Loss: 0.165595
[2026-05-24 22:16:43] [INFO]   保存最佳模型，验证损失: 0.165595
[2026-05-24 22:16:43] [INFO] Epoch 123/200 | Train Loss: 0.133033 | Val Loss: 0.162435
[2026-05-24 22:16:43] [INFO]   保存最佳模型，验证损失: 0.162435
[2026-05-24 22:16:43] [INFO] Epoch 124/200 | Train Loss: 0.125201 | Val Loss: 0.159241
[2026-05-24 22:16:43] [INFO]   保存最佳模型，验证损失: 0.159241
[2026-05-24 22:16:43] [INFO] Epoch 125/200 | Train Loss: 0.123358 | Val Loss: 0.156012
[2026-05-24 22:16:43] [INFO]   保存最佳模型，验证损失: 0.156012
[2026-05-24 22:16:44] [INFO] Epoch 126/200 | Train Loss: 0.122455 | Val Loss: 0.152761
[2026-05-24 22:16:44] [INFO]   保存最佳模型，验证损失: 0.152761
[2026-05-24 22:16:44] [INFO] Epoch 127/200 | Train Loss: 0.121514 | Val Loss: 0.149495
[2026-05-24 22:16:44] [INFO]   保存最佳模型，验证损失: 0.149495
[2026-05-24 22:16:44] [INFO] Epoch 128/200 | Train Loss: 0.122515 | Val Loss: 0.146195
[2026-05-24 22:16:44] [INFO]   保存最佳模型，验证损失: 0.146195
[2026-05-24 22:16:44] [INFO] Epoch 129/200 | Train Loss: 0.120837 | Val Loss: 0.142872
[2026-05-24 22:16:44] [INFO]   保存最佳模型，验证损失: 0.142872
[2026-05-24 22:16:44] [INFO] Epoch 130/200 | Train Loss: 0.117576 | Val Loss: 0.139533
[2026-05-24 22:16:44] [INFO]   保存最佳模型，验证损失: 0.139533
[2026-05-24 22:16:44] [INFO] Epoch 131/200 | Train Loss: 0.118124 | Val Loss: 0.136199
[2026-05-24 22:16:44] [INFO]   保存最佳模型，验证损失: 0.136199
[2026-05-24 22:16:44] [INFO] Epoch 132/200 | Train Loss: 0.111316 | Val Loss: 0.132857
[2026-05-24 22:16:44] [INFO]   保存最佳模型，验证损失: 0.132857
[2026-05-24 22:16:44] [INFO] Epoch 133/200 | Train Loss: 0.110725 | Val Loss: 0.129502
[2026-05-24 22:16:44] [INFO]   保存最佳模型，验证损失: 0.129502
[2026-05-24 22:16:44] [INFO] Epoch 134/200 | Train Loss: 0.107116 | Val Loss: 0.126144
[2026-05-24 22:16:44] [INFO]   保存最佳模型，验证损失: 0.126144
[2026-05-24 22:16:44] [INFO] Epoch 135/200 | Train Loss: 0.107750 | Val Loss: 0.122804
[2026-05-24 22:16:44] [INFO]   保存最佳模型，验证损失: 0.122804
[2026-05-24 22:16:44] [INFO] Epoch 136/200 | Train Loss: 0.103392 | Val Loss: 0.119486
[2026-05-24 22:16:44] [INFO]   保存最佳模型，验证损失: 0.119486
[2026-05-24 22:16:44] [INFO] Epoch 137/200 | Train Loss: 0.105572 | Val Loss: 0.116190
[2026-05-24 22:16:44] [INFO]   保存最佳模型，验证损失: 0.116190
[2026-05-24 22:16:45] [INFO] Epoch 138/200 | Train Loss: 0.100869 | Val Loss: 0.112912
[2026-05-24 22:16:45] [INFO]   保存最佳模型，验证损失: 0.112912
[2026-05-24 22:16:45] [INFO] Epoch 139/200 | Train Loss: 0.101240 | Val Loss: 0.109651
[2026-05-24 22:16:45] [INFO]   保存最佳模型，验证损失: 0.109651
[2026-05-24 22:16:45] [INFO] Epoch 140/200 | Train Loss: 0.092962 | Val Loss: 0.106394
[2026-05-24 22:16:45] [INFO]   保存最佳模型，验证损失: 0.106394
[2026-05-24 22:16:45] [INFO] Epoch 141/200 | Train Loss: 0.094221 | Val Loss: 0.103187
[2026-05-24 22:16:45] [INFO]   保存最佳模型，验证损失: 0.103187
[2026-05-24 22:16:45] [INFO] Epoch 142/200 | Train Loss: 0.089591 | Val Loss: 0.100007
[2026-05-24 22:16:45] [INFO]   保存最佳模型，验证损失: 0.100007
[2026-05-24 22:16:45] [INFO] Epoch 143/200 | Train Loss: 0.086597 | Val Loss: 0.096864
[2026-05-24 22:16:45] [INFO]   保存最佳模型，验证损失: 0.096864
[2026-05-24 22:16:45] [INFO] Epoch 144/200 | Train Loss: 0.085422 | Val Loss: 0.093764
[2026-05-24 22:16:45] [INFO]   保存最佳模型，验证损失: 0.093764
[2026-05-24 22:16:45] [INFO] Epoch 145/200 | Train Loss: 0.090337 | Val Loss: 0.090724
[2026-05-24 22:16:45] [INFO]   保存最佳模型，验证损失: 0.090724
[2026-05-24 22:16:45] [INFO] Epoch 146/200 | Train Loss: 0.085627 | Val Loss: 0.087754
[2026-05-24 22:16:45] [INFO]   保存最佳模型，验证损失: 0.087754
[2026-05-24 22:16:45] [INFO] Epoch 147/200 | Train Loss: 0.094927 | Val Loss: 0.084880
[2026-05-24 22:16:45] [INFO]   保存最佳模型，验证损失: 0.084880
[2026-05-24 22:16:45] [INFO] Epoch 148/200 | Train Loss: 0.080490 | Val Loss: 0.082079
[2026-05-24 22:16:45] [INFO]   保存最佳模型，验证损失: 0.082079
[2026-05-24 22:16:45] [INFO] Epoch 149/200 | Train Loss: 0.080421 | Val Loss: 0.079356
[2026-05-24 22:16:45] [INFO]   保存最佳模型，验证损失: 0.079356
[2026-05-24 22:16:46] [INFO] Epoch 150/200 | Train Loss: 0.078844 | Val Loss: 0.076737
[2026-05-24 22:16:46] [INFO]   保存最佳模型，验证损失: 0.076737
[2026-05-24 22:16:46] [INFO] Epoch 151/200 | Train Loss: 0.077914 | Val Loss: 0.074228
[2026-05-24 22:16:46] [INFO]   保存最佳模型，验证损失: 0.074228
[2026-05-24 22:16:46] [INFO] Epoch 152/200 | Train Loss: 0.077297 | Val Loss: 0.071825
[2026-05-24 22:16:46] [INFO]   保存最佳模型，验证损失: 0.071825
[2026-05-24 22:16:46] [INFO] Epoch 153/200 | Train Loss: 0.069985 | Val Loss: 0.069524
[2026-05-24 22:16:46] [INFO]   保存最佳模型，验证损失: 0.069524
[2026-05-24 22:16:46] [INFO] Epoch 154/200 | Train Loss: 0.067320 | Val Loss: 0.067309
[2026-05-24 22:16:46] [INFO]   保存最佳模型，验证损失: 0.067309
[2026-05-24 22:16:46] [INFO] Epoch 155/200 | Train Loss: 0.074310 | Val Loss: 0.065188
[2026-05-24 22:16:46] [INFO]   保存最佳模型，验证损失: 0.065188
[2026-05-24 22:16:46] [INFO] Epoch 156/200 | Train Loss: 0.072777 | Val Loss: 0.063176
[2026-05-24 22:16:46] [INFO]   保存最佳模型，验证损失: 0.063176
[2026-05-24 22:16:46] [INFO] Epoch 157/200 | Train Loss: 0.075053 | Val Loss: 0.061258
[2026-05-24 22:16:46] [INFO]   保存最佳模型，验证损失: 0.061258
[2026-05-24 22:16:46] [INFO] Epoch 158/200 | Train Loss: 0.069849 | Val Loss: 0.059460
[2026-05-24 22:16:46] [INFO]   保存最佳模型，验证损失: 0.059460
[2026-05-24 22:16:46] [INFO] Epoch 159/200 | Train Loss: 0.068453 | Val Loss: 0.057720
[2026-05-24 22:16:46] [INFO]   保存最佳模型，验证损失: 0.057720
[2026-05-24 22:16:46] [INFO] Epoch 160/200 | Train Loss: 0.064721 | Val Loss: 0.056060
[2026-05-24 22:16:46] [INFO]   保存最佳模型，验证损失: 0.056060
[2026-05-24 22:16:46] [INFO] Epoch 161/200 | Train Loss: 0.067214 | Val Loss: 0.054501
[2026-05-24 22:16:47] [INFO]   保存最佳模型，验证损失: 0.054501
[2026-05-24 22:16:47] [INFO] Epoch 162/200 | Train Loss: 0.065918 | Val Loss: 0.053054
[2026-05-24 22:16:47] [INFO]   保存最佳模型，验证损失: 0.053054
[2026-05-24 22:16:47] [INFO] Epoch 163/200 | Train Loss: 0.067762 | Val Loss: 0.051686
[2026-05-24 22:16:47] [INFO]   保存最佳模型，验证损失: 0.051686
[2026-05-24 22:16:47] [INFO] Epoch 164/200 | Train Loss: 0.060618 | Val Loss: 0.050401
[2026-05-24 22:16:47] [INFO]   保存最佳模型，验证损失: 0.050401
[2026-05-24 22:16:47] [INFO] Epoch 165/200 | Train Loss: 0.066261 | Val Loss: 0.049249
[2026-05-24 22:16:47] [INFO]   保存最佳模型，验证损失: 0.049249
[2026-05-24 22:16:47] [INFO] Epoch 166/200 | Train Loss: 0.058945 | Val Loss: 0.048170
[2026-05-24 22:16:47] [INFO]   保存最佳模型，验证损失: 0.048170
[2026-05-24 22:16:47] [INFO] Epoch 167/200 | Train Loss: 0.063238 | Val Loss: 0.047178
[2026-05-24 22:16:47] [INFO]   保存最佳模型，验证损失: 0.047178
[2026-05-24 22:16:47] [INFO] Epoch 168/200 | Train Loss: 0.063708 | Val Loss: 0.046249
[2026-05-24 22:16:47] [INFO]   保存最佳模型，验证损失: 0.046249
[2026-05-24 22:16:48] [INFO] Epoch 169/200 | Train Loss: 0.066289 | Val Loss: 0.045429
[2026-05-24 22:16:48] [INFO]   保存最佳模型，验证损失: 0.045429
[2026-05-24 22:16:48] [INFO] Epoch 170/200 | Train Loss: 0.060369 | Val Loss: 0.044617
[2026-05-24 22:16:48] [INFO]   保存最佳模型，验证损失: 0.044617
[2026-05-24 22:16:48] [INFO] Epoch 171/200 | Train Loss: 0.063079 | Val Loss: 0.043835
[2026-05-24 22:16:48] [INFO]   保存最佳模型，验证损失: 0.043835
[2026-05-24 22:16:48] [INFO] Epoch 172/200 | Train Loss: 0.056704 | Val Loss: 0.043122
[2026-05-24 22:16:48] [INFO]   保存最佳模型，验证损失: 0.043122
[2026-05-24 22:16:48] [INFO] Epoch 173/200 | Train Loss: 0.057310 | Val Loss: 0.042443
[2026-05-24 22:16:48] [INFO]   保存最佳模型，验证损失: 0.042443
[2026-05-24 22:16:48] [INFO] Epoch 174/200 | Train Loss: 0.057484 | Val Loss: 0.041859
[2026-05-24 22:16:48] [INFO]   保存最佳模型，验证损失: 0.041859
[2026-05-24 22:16:48] [INFO] Epoch 175/200 | Train Loss: 0.059602 | Val Loss: 0.041353
[2026-05-24 22:16:48] [INFO]   保存最佳模型，验证损失: 0.041353
[2026-05-24 22:16:48] [INFO] Epoch 176/200 | Train Loss: 0.054636 | Val Loss: 0.040866
[2026-05-24 22:16:48] [INFO]   保存最佳模型，验证损失: 0.040866
[2026-05-24 22:16:48] [INFO] Epoch 177/200 | Train Loss: 0.058037 | Val Loss: 0.040417
[2026-05-24 22:16:48] [INFO]   保存最佳模型，验证损失: 0.040417
[2026-05-24 22:16:48] [INFO] Epoch 178/200 | Train Loss: 0.055070 | Val Loss: 0.039977
[2026-05-24 22:16:48] [INFO]   保存最佳模型，验证损失: 0.039977
[2026-05-24 22:16:49] [INFO] Epoch 179/200 | Train Loss: 0.058457 | Val Loss: 0.039587
[2026-05-24 22:16:49] [INFO]   保存最佳模型，验证损失: 0.039587
[2026-05-24 22:16:49] [INFO] Epoch 180/200 | Train Loss: 0.056994 | Val Loss: 0.039221
[2026-05-24 22:16:49] [INFO]   保存最佳模型，验证损失: 0.039221
[2026-05-24 22:16:49] [INFO] Epoch 181/200 | Train Loss: 0.051296 | Val Loss: 0.038862
[2026-05-24 22:16:49] [INFO]   保存最佳模型，验证损失: 0.038862
[2026-05-24 22:16:49] [INFO] Epoch 182/200 | Train Loss: 0.054614 | Val Loss: 0.038442
[2026-05-24 22:16:49] [INFO]   保存最佳模型，验证损失: 0.038442
[2026-05-24 22:16:49] [INFO] Epoch 183/200 | Train Loss: 0.054031 | Val Loss: 0.038009
[2026-05-24 22:16:49] [INFO]   保存最佳模型，验证损失: 0.038009
[2026-05-24 22:16:49] [INFO] Epoch 184/200 | Train Loss: 0.049049 | Val Loss: 0.037608
[2026-05-24 22:16:49] [INFO]   保存最佳模型，验证损失: 0.037608
[2026-05-24 22:16:49] [INFO] Epoch 185/200 | Train Loss: 0.054380 | Val Loss: 0.037202
[2026-05-24 22:16:49] [INFO]   保存最佳模型，验证损失: 0.037202
[2026-05-24 22:16:49] [INFO] Epoch 186/200 | Train Loss: 0.046756 | Val Loss: 0.036820
[2026-05-24 22:16:49] [INFO]   保存最佳模型，验证损失: 0.036820
[2026-05-24 22:16:49] [INFO] Epoch 187/200 | Train Loss: 0.050679 | Val Loss: 0.036444
[2026-05-24 22:16:49] [INFO]   保存最佳模型，验证损失: 0.036444
[2026-05-24 22:16:49] [INFO] Epoch 188/200 | Train Loss: 0.051299 | Val Loss: 0.036018
[2026-05-24 22:16:49] [INFO]   保存最佳模型，验证损失: 0.036018
[2026-05-24 22:16:50] [INFO] Epoch 189/200 | Train Loss: 0.054367 | Val Loss: 0.035631
[2026-05-24 22:16:50] [INFO]   保存最佳模型，验证损失: 0.035631
[2026-05-24 22:16:50] [INFO] Epoch 190/200 | Train Loss: 0.051790 | Val Loss: 0.035240
[2026-05-24 22:16:50] [INFO]   保存最佳模型，验证损失: 0.035240
[2026-05-24 22:16:50] [INFO] Epoch 191/200 | Train Loss: 0.049936 | Val Loss: 0.034869
[2026-05-24 22:16:50] [INFO]   保存最佳模型，验证损失: 0.034869
[2026-05-24 22:16:50] [INFO] Epoch 192/200 | Train Loss: 0.051235 | Val Loss: 0.034478
[2026-05-24 22:16:50] [INFO]   保存最佳模型，验证损失: 0.034478
[2026-05-24 22:16:50] [INFO] Epoch 193/200 | Train Loss: 0.052554 | Val Loss: 0.034073
[2026-05-24 22:16:50] [INFO]   保存最佳模型，验证损失: 0.034073
[2026-05-24 22:16:50] [INFO] Epoch 194/200 | Train Loss: 0.050048 | Val Loss: 0.033689
[2026-05-24 22:16:50] [INFO]   保存最佳模型，验证损失: 0.033689
[2026-05-24 22:16:50] [INFO] Epoch 195/200 | Train Loss: 0.051433 | Val Loss: 0.033316
[2026-05-24 22:16:50] [INFO]   保存最佳模型，验证损失: 0.033316
[2026-05-24 22:16:50] [INFO] Epoch 196/200 | Train Loss: 0.051716 | Val Loss: 0.032931
[2026-05-24 22:16:50] [INFO]   保存最佳模型，验证损失: 0.032931
[2026-05-24 22:16:50] [INFO] Epoch 197/200 | Train Loss: 0.046166 | Val Loss: 0.032569
[2026-05-24 22:16:51] [INFO]   保存最佳模型，验证损失: 0.032569
[2026-05-24 22:16:51] [INFO] Epoch 198/200 | Train Loss: 0.050466 | Val Loss: 0.032153
[2026-05-24 22:16:51] [INFO]   保存最佳模型，验证损失: 0.032153
[2026-05-24 22:16:51] [INFO] Epoch 199/200 | Train Loss: 0.048971 | Val Loss: 0.031716
[2026-05-24 22:16:51] [INFO]   保存最佳模型，验证损失: 0.031716
[2026-05-24 22:16:51] [INFO] Epoch 200/200 | Train Loss: 0.048535 | Val Loss: 0.031276
[2026-05-24 22:16:51] [INFO]   保存最佳模型，验证损失: 0.031276
[2026-05-24 22:16:51] [INFO] 训练结束，最佳验证损失: 0.031276
[2026-05-24 22:16:52] [INFO] 开始验证集预测并生成对比图...
[2026-05-24 22:16:53] [INFO] 加载最佳模型（从checkpoint字典）: ./results/residual_lstm_20260524_2216\checkpoints\best_model.pth
[2026-05-24 22:18:14] [INFO] Residual LSTM 训练开始 (残差预测)
[2026-05-24 22:18:21] [INFO] Device: cpu, Batch size: 256, Hist: 15, Pred: 10, Norm: True
[2026-05-24 22:18:21] [INFO] 加载 1 个文件...
[2026-05-24 22:18:21] [INFO] 已加载 0/1 文件
[2026-05-24 22:18:21] [INFO] 批量拟合完成 - 状态: (1359, 4), 控制: (1359, 2), 基础: (1359, 4), 差异: (1359, 4)
[2026-05-24 22:18:21] [INFO] 开始归一化train集样本...
[2026-05-24 22:18:22] [INFO] 归一化完成
[2026-05-24 22:18:22] [INFO] train数据集: 1个文件，84个样本
[2026-05-24 22:18:22] [INFO] 归一化器已保存到: ./results/residual_lstm_20260524_2218\checkpoints\scalers.pkl
[2026-05-24 22:18:22] [INFO] 总样本数: 84, 训练: 67, 验证: 17
[2026-05-24 22:18:22] [INFO] 开始训练...
[2026-05-24 22:18:22] [INFO] Epoch   1/200 | Train Loss: 0.232933 | Val Loss: 0.333675
[2026-05-24 22:18:22] [INFO]   保存最佳模型，验证损失: 0.333675
[2026-05-24 22:18:22] [INFO] Epoch   2/200 | Train Loss: 0.231239 | Val Loss: 0.332900
[2026-05-24 22:18:22] [INFO]   保存最佳模型，验证损失: 0.332900
[2026-05-24 22:18:22] [INFO] Epoch   3/200 | Train Loss: 0.233894 | Val Loss: 0.332128
[2026-05-24 22:18:22] [INFO]   保存最佳模型，验证损失: 0.332128
[2026-05-24 22:18:22] [INFO] Epoch   4/200 | Train Loss: 0.232574 | Val Loss: 0.331351
[2026-05-24 22:18:22] [INFO]   保存最佳模型，验证损失: 0.331351
[2026-05-24 22:18:22] [INFO] Epoch   5/200 | Train Loss: 0.231898 | Val Loss: 0.330572
[2026-05-24 22:18:22] [INFO]   保存最佳模型，验证损失: 0.330572
[2026-05-24 22:18:22] [INFO] Epoch   6/200 | Train Loss: 0.230480 | Val Loss: 0.329797
[2026-05-24 22:18:22] [INFO]   保存最佳模型，验证损失: 0.329797
[2026-05-24 22:18:22] [INFO] Epoch   7/200 | Train Loss: 0.231418 | Val Loss: 0.329020
[2026-05-24 22:18:22] [INFO]   保存最佳模型，验证损失: 0.329020
[2026-05-24 22:18:22] [INFO] Epoch   8/200 | Train Loss: 0.230604 | Val Loss: 0.328244
[2026-05-24 22:18:22] [INFO]   保存最佳模型，验证损失: 0.328244
[2026-05-24 22:18:22] [INFO] Epoch   9/200 | Train Loss: 0.232376 | Val Loss: 0.327469
[2026-05-24 22:18:23] [INFO]   保存最佳模型，验证损失: 0.327469
[2026-05-24 22:18:23] [INFO] Epoch  10/200 | Train Loss: 0.228366 | Val Loss: 0.326698
[2026-05-24 22:18:23] [INFO]   保存最佳模型，验证损失: 0.326698
[2026-05-24 22:18:23] [INFO] Epoch  11/200 | Train Loss: 0.229859 | Val Loss: 0.325927
[2026-05-24 22:18:23] [INFO]   保存最佳模型，验证损失: 0.325927
[2026-05-24 22:18:23] [INFO] Epoch  12/200 | Train Loss: 0.228177 | Val Loss: 0.325155
[2026-05-24 22:18:23] [INFO]   保存最佳模型，验证损失: 0.325155
[2026-05-24 22:18:23] [INFO] Epoch  13/200 | Train Loss: 0.228651 | Val Loss: 0.324380
[2026-05-24 22:18:23] [INFO]   保存最佳模型，验证损失: 0.324380
[2026-05-24 22:18:23] [INFO] Epoch  14/200 | Train Loss: 0.225899 | Val Loss: 0.323603
[2026-05-24 22:18:23] [INFO]   保存最佳模型，验证损失: 0.323603
[2026-05-24 22:18:23] [INFO] Epoch  15/200 | Train Loss: 0.226441 | Val Loss: 0.322823
[2026-05-24 22:18:23] [INFO]   保存最佳模型，验证损失: 0.322823
[2026-05-24 22:18:24] [INFO] Epoch  16/200 | Train Loss: 0.226359 | Val Loss: 0.322044
[2026-05-24 22:18:24] [INFO]   保存最佳模型，验证损失: 0.322044
[2026-05-24 22:18:24] [INFO] Epoch  17/200 | Train Loss: 0.225921 | Val Loss: 0.321273
[2026-05-24 22:18:24] [INFO]   保存最佳模型，验证损失: 0.321273
[2026-05-24 22:18:24] [INFO] Epoch  18/200 | Train Loss: 0.225888 | Val Loss: 0.320506
[2026-05-24 22:18:24] [INFO]   保存最佳模型，验证损失: 0.320506
[2026-05-24 22:18:24] [INFO] Epoch  19/200 | Train Loss: 0.223716 | Val Loss: 0.319743
[2026-05-24 22:18:24] [INFO]   保存最佳模型，验证损失: 0.319743
[2026-05-24 22:18:24] [INFO] Epoch  20/200 | Train Loss: 0.224473 | Val Loss: 0.318986
[2026-05-24 22:18:24] [INFO]   保存最佳模型，验证损失: 0.318986
[2026-05-24 22:18:24] [INFO] Epoch  21/200 | Train Loss: 0.223935 | Val Loss: 0.318233
[2026-05-24 22:18:24] [INFO]   保存最佳模型，验证损失: 0.318233
[2026-05-24 22:18:24] [INFO] Epoch  22/200 | Train Loss: 0.221420 | Val Loss: 0.317477
[2026-05-24 22:18:24] [INFO]   保存最佳模型，验证损失: 0.317477
[2026-05-24 22:18:24] [INFO] Epoch  23/200 | Train Loss: 0.221263 | Val Loss: 0.316721
[2026-05-24 22:18:24] [INFO]   保存最佳模型，验证损失: 0.316721
[2026-05-24 22:18:24] [INFO] Epoch  24/200 | Train Loss: 0.222043 | Val Loss: 0.315958
[2026-05-24 22:18:24] [INFO]   保存最佳模型，验证损失: 0.315958
[2026-05-24 22:18:24] [INFO] Epoch  25/200 | Train Loss: 0.221025 | Val Loss: 0.315194
[2026-05-24 22:18:24] [INFO]   保存最佳模型，验证损失: 0.315194
[2026-05-24 22:18:24] [INFO] Epoch  26/200 | Train Loss: 0.221028 | Val Loss: 0.314428
[2026-05-24 22:18:25] [INFO]   保存最佳模型，验证损失: 0.314428
[2026-05-24 22:18:25] [INFO] Epoch  27/200 | Train Loss: 0.221241 | Val Loss: 0.313666
[2026-05-24 22:18:25] [INFO]   保存最佳模型，验证损失: 0.313666
[2026-05-24 22:18:25] [INFO] Epoch  28/200 | Train Loss: 0.220133 | Val Loss: 0.312903
[2026-05-24 22:18:25] [INFO]   保存最佳模型，验证损失: 0.312903
[2026-05-24 22:18:25] [INFO] Epoch  29/200 | Train Loss: 0.221155 | Val Loss: 0.312133
[2026-05-24 22:18:25] [INFO]   保存最佳模型，验证损失: 0.312133
[2026-05-24 22:18:25] [INFO] Epoch  30/200 | Train Loss: 0.217844 | Val Loss: 0.311353
[2026-05-24 22:18:25] [INFO]   保存最佳模型，验证损失: 0.311353
[2026-05-24 22:18:25] [INFO] Epoch  31/200 | Train Loss: 0.216686 | Val Loss: 0.310568
[2026-05-24 22:18:25] [INFO]   保存最佳模型，验证损失: 0.310568
[2026-05-24 22:18:25] [INFO] Epoch  32/200 | Train Loss: 0.217119 | Val Loss: 0.309778
[2026-05-24 22:18:25] [INFO]   保存最佳模型，验证损失: 0.309778
[2026-05-24 22:18:25] [INFO] Epoch  33/200 | Train Loss: 0.218138 | Val Loss: 0.308992
[2026-05-24 22:18:25] [INFO]   保存最佳模型，验证损失: 0.308992
[2026-05-24 22:18:25] [INFO] Epoch  34/200 | Train Loss: 0.217756 | Val Loss: 0.308208
[2026-05-24 22:18:25] [INFO]   保存最佳模型，验证损失: 0.308208
[2026-05-24 22:18:25] [INFO] Epoch  35/200 | Train Loss: 0.218586 | Val Loss: 0.307425
[2026-05-24 22:18:25] [INFO]   保存最佳模型，验证损失: 0.307425
[2026-05-24 22:18:26] [INFO] Epoch  36/200 | Train Loss: 0.217382 | Val Loss: 0.306642
[2026-05-24 22:18:26] [INFO]   保存最佳模型，验证损失: 0.306642
[2026-05-24 22:18:26] [INFO] Epoch  37/200 | Train Loss: 0.215449 | Val Loss: 0.305850
[2026-05-24 22:18:26] [INFO]   保存最佳模型，验证损失: 0.305850
[2026-05-24 22:18:26] [INFO] Epoch  38/200 | Train Loss: 0.214794 | Val Loss: 0.305050
[2026-05-24 22:18:26] [INFO]   保存最佳模型，验证损失: 0.305050
[2026-05-24 22:18:26] [INFO] Epoch  39/200 | Train Loss: 0.212603 | Val Loss: 0.304243
[2026-05-24 22:18:26] [INFO]   保存最佳模型，验证损失: 0.304243
[2026-05-24 22:18:26] [INFO] Epoch  40/200 | Train Loss: 0.215156 | Val Loss: 0.303439
[2026-05-24 22:18:26] [INFO]   保存最佳模型，验证损失: 0.303439
[2026-05-24 22:18:26] [INFO] Epoch  41/200 | Train Loss: 0.211350 | Val Loss: 0.302628
[2026-05-24 22:18:26] [INFO]   保存最佳模型，验证损失: 0.302628
[2026-05-24 22:18:26] [INFO] Epoch  42/200 | Train Loss: 0.211545 | Val Loss: 0.301805
[2026-05-24 22:18:26] [INFO]   保存最佳模型，验证损失: 0.301805
[2026-05-24 22:18:26] [INFO] Epoch  43/200 | Train Loss: 0.213881 | Val Loss: 0.300979
[2026-05-24 22:18:26] [INFO]   保存最佳模型，验证损失: 0.300979
[2026-05-24 22:18:26] [INFO] Epoch  44/200 | Train Loss: 0.211278 | Val Loss: 0.300145
[2026-05-24 22:18:26] [INFO]   保存最佳模型，验证损失: 0.300145
[2026-05-24 22:18:26] [INFO] Epoch  45/200 | Train Loss: 0.211640 | Val Loss: 0.299305
[2026-05-24 22:18:27] [INFO]   保存最佳模型，验证损失: 0.299305
[2026-05-24 22:18:27] [INFO] Epoch  46/200 | Train Loss: 0.211271 | Val Loss: 0.298454
[2026-05-24 22:18:27] [INFO]   保存最佳模型，验证损失: 0.298454
[2026-05-24 22:18:27] [INFO] Epoch  47/200 | Train Loss: 0.209952 | Val Loss: 0.297591
[2026-05-24 22:18:27] [INFO]   保存最佳模型，验证损失: 0.297591
[2026-05-24 22:18:27] [INFO] Epoch  48/200 | Train Loss: 0.208825 | Val Loss: 0.296714
[2026-05-24 22:18:27] [INFO]   保存最佳模型，验证损失: 0.296714
[2026-05-24 22:18:27] [INFO] Epoch  49/200 | Train Loss: 0.208123 | Val Loss: 0.295825
[2026-05-24 22:18:27] [INFO]   保存最佳模型，验证损失: 0.295825
[2026-05-24 22:18:27] [INFO] Epoch  50/200 | Train Loss: 0.206734 | Val Loss: 0.294915
[2026-05-24 22:18:27] [INFO]   保存最佳模型，验证损失: 0.294915
[2026-05-24 22:18:27] [INFO] Epoch  51/200 | Train Loss: 0.208009 | Val Loss: 0.293993
[2026-05-24 22:18:27] [INFO]   保存最佳模型，验证损失: 0.293993
[2026-05-24 22:18:27] [INFO] Epoch  52/200 | Train Loss: 0.207889 | Val Loss: 0.293055
[2026-05-24 22:18:27] [INFO]   保存最佳模型，验证损失: 0.293055
[2026-05-24 22:18:27] [INFO] Epoch  53/200 | Train Loss: 0.205457 | Val Loss: 0.292102
[2026-05-24 22:18:27] [INFO]   保存最佳模型，验证损失: 0.292102
[2026-05-24 22:18:27] [INFO] Epoch  54/200 | Train Loss: 0.206035 | Val Loss: 0.291134
[2026-05-24 22:18:27] [INFO]   保存最佳模型，验证损失: 0.291134
[2026-05-24 22:18:27] [INFO] Epoch  55/200 | Train Loss: 0.203697 | Val Loss: 0.290154
[2026-05-24 22:18:27] [INFO]   保存最佳模型，验证损失: 0.290154
[2026-05-24 22:18:28] [INFO] Epoch  56/200 | Train Loss: 0.203604 | Val Loss: 0.289157
[2026-05-24 22:18:28] [INFO]   保存最佳模型，验证损失: 0.289157
[2026-05-24 22:18:28] [INFO] Epoch  57/200 | Train Loss: 0.202912 | Val Loss: 0.288141
[2026-05-24 22:18:28] [INFO]   保存最佳模型，验证损失: 0.288141
[2026-05-24 22:18:28] [INFO] Epoch  58/200 | Train Loss: 0.202876 | Val Loss: 0.287112
[2026-05-24 22:18:28] [INFO]   保存最佳模型，验证损失: 0.287112
[2026-05-24 22:18:28] [INFO] Epoch  59/200 | Train Loss: 0.202171 | Val Loss: 0.286071
[2026-05-24 22:18:28] [INFO]   保存最佳模型，验证损失: 0.286071
[2026-05-24 22:18:28] [INFO] Epoch  60/200 | Train Loss: 0.200552 | Val Loss: 0.285018
[2026-05-24 22:18:28] [INFO]   保存最佳模型，验证损失: 0.285018
[2026-05-24 22:18:28] [INFO] Epoch  61/200 | Train Loss: 0.201112 | Val Loss: 0.283945
[2026-05-24 22:18:28] [INFO]   保存最佳模型，验证损失: 0.283945
[2026-05-24 22:18:28] [INFO] Epoch  62/200 | Train Loss: 0.200225 | Val Loss: 0.282848
[2026-05-24 22:18:28] [INFO]   保存最佳模型，验证损失: 0.282848
[2026-05-24 22:18:28] [INFO] Epoch  63/200 | Train Loss: 0.201042 | Val Loss: 0.281737
[2026-05-24 22:18:28] [INFO]   保存最佳模型，验证损失: 0.281737
[2026-05-24 22:18:28] [INFO] Epoch  64/200 | Train Loss: 0.200603 | Val Loss: 0.280607
[2026-05-24 22:18:28] [INFO]   保存最佳模型，验证损失: 0.280607
[2026-05-24 22:18:28] [INFO] Epoch  65/200 | Train Loss: 0.198488 | Val Loss: 0.279463
[2026-05-24 22:18:28] [INFO]   保存最佳模型，验证损失: 0.279463
[2026-05-24 22:18:28] [INFO] Epoch  66/200 | Train Loss: 0.198913 | Val Loss: 0.278309
[2026-05-24 22:18:28] [INFO]   保存最佳模型，验证损失: 0.278309
[2026-05-24 22:18:28] [INFO] Epoch  67/200 | Train Loss: 0.195656 | Val Loss: 0.277135
[2026-05-24 22:18:28] [INFO]   保存最佳模型，验证损失: 0.277135
[2026-05-24 22:18:28] [INFO] Epoch  68/200 | Train Loss: 0.194596 | Val Loss: 0.275948
[2026-05-24 22:18:28] [INFO]   保存最佳模型，验证损失: 0.275948
[2026-05-24 22:18:29] [INFO] Epoch  69/200 | Train Loss: 0.196286 | Val Loss: 0.274746
[2026-05-24 22:18:29] [INFO]   保存最佳模型，验证损失: 0.274746
[2026-05-24 22:18:29] [INFO] Epoch  70/200 | Train Loss: 0.194758 | Val Loss: 0.273530
[2026-05-24 22:18:29] [INFO]   保存最佳模型，验证损失: 0.273530
[2026-05-24 22:18:29] [INFO] Epoch  71/200 | Train Loss: 0.191103 | Val Loss: 0.272293
[2026-05-24 22:18:29] [INFO]   保存最佳模型，验证损失: 0.272293
[2026-05-24 22:18:29] [INFO] Epoch  72/200 | Train Loss: 0.194734 | Val Loss: 0.271042
[2026-05-24 22:18:29] [INFO]   保存最佳模型，验证损失: 0.271042
[2026-05-24 22:18:29] [INFO] Epoch  73/200 | Train Loss: 0.192080 | Val Loss: 0.269779
[2026-05-24 22:18:29] [INFO]   保存最佳模型，验证损失: 0.269779
[2026-05-24 22:18:29] [INFO] Epoch  74/200 | Train Loss: 0.192211 | Val Loss: 0.268494
[2026-05-24 22:18:29] [INFO]   保存最佳模型，验证损失: 0.268494
[2026-05-24 22:18:29] [INFO] Epoch  75/200 | Train Loss: 0.191345 | Val Loss: 0.267193
[2026-05-24 22:18:29] [INFO]   保存最佳模型，验证损失: 0.267193
[2026-05-24 22:18:29] [INFO] Epoch  76/200 | Train Loss: 0.189756 | Val Loss: 0.265864
[2026-05-24 22:18:29] [INFO]   保存最佳模型，验证损失: 0.265864
[2026-05-24 22:18:29] [INFO] Epoch  77/200 | Train Loss: 0.186585 | Val Loss: 0.264510
[2026-05-24 22:18:29] [INFO]   保存最佳模型，验证损失: 0.264510
[2026-05-24 22:18:29] [INFO] Epoch  78/200 | Train Loss: 0.189730 | Val Loss: 0.263138
[2026-05-24 22:18:29] [INFO]   保存最佳模型，验证损失: 0.263138
[2026-05-24 22:18:29] [INFO] Epoch  79/200 | Train Loss: 0.188695 | Val Loss: 0.261744
[2026-05-24 22:18:29] [INFO]   保存最佳模型，验证损失: 0.261744
[2026-05-24 22:18:29] [INFO] Epoch  80/200 | Train Loss: 0.187009 | Val Loss: 0.260324
[2026-05-24 22:18:29] [INFO]   保存最佳模型，验证损失: 0.260324
[2026-05-24 22:18:29] [INFO] Epoch  81/200 | Train Loss: 0.185180 | Val Loss: 0.258871
[2026-05-24 22:18:29] [INFO]   保存最佳模型，验证损失: 0.258871
[2026-05-24 22:18:30] [INFO] Epoch  82/200 | Train Loss: 0.180773 | Val Loss: 0.257386
[2026-05-24 22:18:30] [INFO]   保存最佳模型，验证损失: 0.257386
[2026-05-24 22:18:30] [INFO] Epoch  83/200 | Train Loss: 0.181740 | Val Loss: 0.255873
[2026-05-24 22:18:30] [INFO]   保存最佳模型，验证损失: 0.255873
[2026-05-24 22:18:30] [INFO] Epoch  84/200 | Train Loss: 0.180918 | Val Loss: 0.254332
[2026-05-24 22:18:30] [INFO]   保存最佳模型，验证损失: 0.254332
[2026-05-24 22:18:30] [INFO] Epoch  85/200 | Train Loss: 0.179710 | Val Loss: 0.252756
[2026-05-24 22:18:30] [INFO]   保存最佳模型，验证损失: 0.252756
[2026-05-24 22:18:30] [INFO] Epoch  86/200 | Train Loss: 0.181022 | Val Loss: 0.251144
[2026-05-24 22:18:30] [INFO]   保存最佳模型，验证损失: 0.251144
[2026-05-24 22:18:30] [INFO] Epoch  87/200 | Train Loss: 0.180293 | Val Loss: 0.249495
[2026-05-24 22:18:30] [INFO]   保存最佳模型，验证损失: 0.249495
[2026-05-24 22:18:30] [INFO] Epoch  88/200 | Train Loss: 0.178446 | Val Loss: 0.247811
[2026-05-24 22:18:30] [INFO]   保存最佳模型，验证损失: 0.247811
[2026-05-24 22:18:30] [INFO] Epoch  89/200 | Train Loss: 0.177249 | Val Loss: 0.246092
[2026-05-24 22:18:30] [INFO]   保存最佳模型，验证损失: 0.246092
[2026-05-24 22:18:30] [INFO] Epoch  90/200 | Train Loss: 0.175203 | Val Loss: 0.244336
[2026-05-24 22:18:30] [INFO]   保存最佳模型，验证损失: 0.244336
[2026-05-24 22:18:31] [INFO] Epoch  91/200 | Train Loss: 0.176814 | Val Loss: 0.242550
[2026-05-24 22:18:31] [INFO]   保存最佳模型，验证损失: 0.242550
[2026-05-24 22:18:31] [INFO] Epoch  92/200 | Train Loss: 0.171848 | Val Loss: 0.240720
[2026-05-24 22:18:31] [INFO]   保存最佳模型，验证损失: 0.240720
[2026-05-24 22:18:31] [INFO] Epoch  93/200 | Train Loss: 0.172902 | Val Loss: 0.238854
[2026-05-24 22:18:31] [INFO]   保存最佳模型，验证损失: 0.238854
[2026-05-24 22:18:31] [INFO] Epoch  94/200 | Train Loss: 0.170688 | Val Loss: 0.236952
[2026-05-24 22:18:31] [INFO]   保存最佳模型，验证损失: 0.236952
[2026-05-24 22:18:31] [INFO] Epoch  95/200 | Train Loss: 0.169977 | Val Loss: 0.235016
[2026-05-24 22:18:31] [INFO]   保存最佳模型，验证损失: 0.235016
[2026-05-24 22:18:31] [INFO] Epoch  96/200 | Train Loss: 0.169098 | Val Loss: 0.233050
[2026-05-24 22:18:31] [INFO]   保存最佳模型，验证损失: 0.233050
[2026-05-24 22:18:31] [INFO] Epoch  97/200 | Train Loss: 0.167234 | Val Loss: 0.231038
[2026-05-24 22:18:31] [INFO]   保存最佳模型，验证损失: 0.231038
[2026-05-24 22:18:31] [INFO] Epoch  98/200 | Train Loss: 0.168414 | Val Loss: 0.228974
[2026-05-24 22:18:31] [INFO]   保存最佳模型，验证损失: 0.228974
[2026-05-24 22:18:31] [INFO] Epoch  99/200 | Train Loss: 0.166676 | Val Loss: 0.226864
[2026-05-24 22:18:31] [INFO]   保存最佳模型，验证损失: 0.226864
[2026-05-24 22:18:31] [INFO] Epoch 100/200 | Train Loss: 0.162227 | Val Loss: 0.224706
[2026-05-24 22:18:31] [INFO]   保存最佳模型，验证损失: 0.224706
[2026-05-24 22:18:31] [INFO] Epoch 101/200 | Train Loss: 0.162682 | Val Loss: 0.222505
[2026-05-24 22:18:31] [INFO]   保存最佳模型，验证损失: 0.222505
[2026-05-24 22:18:32] [INFO] Epoch 102/200 | Train Loss: 0.163716 | Val Loss: 0.220263
[2026-05-24 22:18:32] [INFO]   保存最佳模型，验证损失: 0.220263
[2026-05-24 22:18:32] [INFO] Epoch 103/200 | Train Loss: 0.163509 | Val Loss: 0.217982
[2026-05-24 22:18:32] [INFO]   保存最佳模型，验证损失: 0.217982
[2026-05-24 22:18:32] [INFO] Epoch 104/200 | Train Loss: 0.157250 | Val Loss: 0.215660
[2026-05-24 22:18:32] [INFO]   保存最佳模型，验证损失: 0.215660
[2026-05-24 22:18:32] [INFO] Epoch 105/200 | Train Loss: 0.160377 | Val Loss: 0.213295
[2026-05-24 22:18:32] [INFO]   保存最佳模型，验证损失: 0.213295
[2026-05-24 22:18:32] [INFO] Epoch 106/200 | Train Loss: 0.160619 | Val Loss: 0.210901
[2026-05-24 22:18:32] [INFO]   保存最佳模型，验证损失: 0.210901
[2026-05-24 22:18:32] [INFO] Epoch 107/200 | Train Loss: 0.157076 | Val Loss: 0.208454
[2026-05-24 22:18:32] [INFO]   保存最佳模型，验证损失: 0.208454
[2026-05-24 22:18:32] [INFO] Epoch 108/200 | Train Loss: 0.152893 | Val Loss: 0.205957
[2026-05-24 22:18:32] [INFO]   保存最佳模型，验证损失: 0.205957
[2026-05-24 22:18:32] [INFO] Epoch 109/200 | Train Loss: 0.150751 | Val Loss: 0.203376
[2026-05-24 22:18:32] [INFO]   保存最佳模型，验证损失: 0.203376
[2026-05-24 22:18:32] [INFO] Epoch 110/200 | Train Loss: 0.150863 | Val Loss: 0.200741
[2026-05-24 22:18:32] [INFO]   保存最佳模型，验证损失: 0.200741
[2026-05-24 22:18:32] [INFO] Epoch 111/200 | Train Loss: 0.149548 | Val Loss: 0.198047
[2026-05-24 22:18:32] [INFO]   保存最佳模型，验证损失: 0.198047
[2026-05-24 22:18:32] [INFO] Epoch 112/200 | Train Loss: 0.145821 | Val Loss: 0.195293
[2026-05-24 22:18:32] [INFO]   保存最佳模型，验证损失: 0.195293
[2026-05-24 22:18:32] [INFO] Epoch 113/200 | Train Loss: 0.147495 | Val Loss: 0.192487
[2026-05-24 22:18:32] [INFO]   保存最佳模型，验证损失: 0.192487
[2026-05-24 22:18:33] [INFO] Epoch 114/200 | Train Loss: 0.145314 | Val Loss: 0.189645
[2026-05-24 22:18:33] [INFO]   保存最佳模型，验证损失: 0.189645
[2026-05-24 22:18:33] [INFO] Epoch 115/200 | Train Loss: 0.140945 | Val Loss: 0.186752
[2026-05-24 22:18:33] [INFO]   保存最佳模型，验证损失: 0.186752
[2026-05-24 22:18:33] [INFO] Epoch 116/200 | Train Loss: 0.140001 | Val Loss: 0.183824
[2026-05-24 22:18:33] [INFO]   保存最佳模型，验证损失: 0.183824
[2026-05-24 22:18:33] [INFO] Epoch 117/200 | Train Loss: 0.138786 | Val Loss: 0.180869
[2026-05-24 22:18:33] [INFO]   保存最佳模型，验证损失: 0.180869
[2026-05-24 22:18:33] [INFO] Epoch 118/200 | Train Loss: 0.139349 | Val Loss: 0.177890
[2026-05-24 22:18:33] [INFO]   保存最佳模型，验证损失: 0.177890
[2026-05-24 22:18:33] [INFO] Epoch 119/200 | Train Loss: 0.133434 | Val Loss: 0.174867
[2026-05-24 22:18:33] [INFO]   保存最佳模型，验证损失: 0.174867
[2026-05-24 22:18:33] [INFO] Epoch 120/200 | Train Loss: 0.135930 | Val Loss: 0.171818
[2026-05-24 22:18:33] [INFO]   保存最佳模型，验证损失: 0.171818
[2026-05-24 22:18:33] [INFO] Epoch 121/200 | Train Loss: 0.127572 | Val Loss: 0.168725
[2026-05-24 22:18:33] [INFO]   保存最佳模型，验证损失: 0.168725
[2026-05-24 22:18:33] [INFO] Epoch 122/200 | Train Loss: 0.127315 | Val Loss: 0.165595
[2026-05-24 22:18:33] [INFO]   保存最佳模型，验证损失: 0.165595
[2026-05-24 22:18:33] [INFO] Epoch 123/200 | Train Loss: 0.133033 | Val Loss: 0.162435
[2026-05-24 22:18:33] [INFO]   保存最佳模型，验证损失: 0.162435
[2026-05-24 22:18:33] [INFO] Epoch 124/200 | Train Loss: 0.125201 | Val Loss: 0.159241
[2026-05-24 22:18:33] [INFO]   保存最佳模型，验证损失: 0.159241
[2026-05-24 22:18:34] [INFO] Epoch 125/200 | Train Loss: 0.123358 | Val Loss: 0.156012
[2026-05-24 22:18:34] [INFO]   保存最佳模型，验证损失: 0.156012
[2026-05-24 22:18:34] [INFO] Epoch 126/200 | Train Loss: 0.122455 | Val Loss: 0.152761
[2026-05-24 22:18:34] [INFO]   保存最佳模型，验证损失: 0.152761
[2026-05-24 22:18:34] [INFO] Epoch 127/200 | Train Loss: 0.121514 | Val Loss: 0.149495
[2026-05-24 22:18:34] [INFO]   保存最佳模型，验证损失: 0.149495
[2026-05-24 22:18:34] [INFO] Epoch 128/200 | Train Loss: 0.122515 | Val Loss: 0.146195
[2026-05-24 22:18:34] [INFO]   保存最佳模型，验证损失: 0.146195
[2026-05-24 22:18:34] [INFO] Epoch 129/200 | Train Loss: 0.120837 | Val Loss: 0.142872
[2026-05-24 22:18:34] [INFO]   保存最佳模型，验证损失: 0.142872
[2026-05-24 22:18:34] [INFO] Epoch 130/200 | Train Loss: 0.117576 | Val Loss: 0.139533
[2026-05-24 22:18:34] [INFO]   保存最佳模型，验证损失: 0.139533
[2026-05-24 22:18:34] [INFO] Epoch 131/200 | Train Loss: 0.118124 | Val Loss: 0.136199
[2026-05-24 22:18:34] [INFO]   保存最佳模型，验证损失: 0.136199
[2026-05-24 22:18:34] [INFO] Epoch 132/200 | Train Loss: 0.111316 | Val Loss: 0.132857
[2026-05-24 22:18:34] [INFO]   保存最佳模型，验证损失: 0.132857
[2026-05-24 22:18:35] [INFO] Epoch 133/200 | Train Loss: 0.110725 | Val Loss: 0.129502
[2026-05-24 22:18:35] [INFO]   保存最佳模型，验证损失: 0.129502
[2026-05-24 22:18:35] [INFO] Epoch 134/200 | Train Loss: 0.107116 | Val Loss: 0.126144
[2026-05-24 22:18:35] [INFO]   保存最佳模型，验证损失: 0.126144
[2026-05-24 22:18:35] [INFO] Epoch 135/200 | Train Loss: 0.107750 | Val Loss: 0.122804
[2026-05-24 22:18:35] [INFO]   保存最佳模型，验证损失: 0.122804
[2026-05-24 22:18:35] [INFO] Epoch 136/200 | Train Loss: 0.103392 | Val Loss: 0.119486
[2026-05-24 22:18:35] [INFO]   保存最佳模型，验证损失: 0.119486
[2026-05-24 22:18:35] [INFO] Epoch 137/200 | Train Loss: 0.105572 | Val Loss: 0.116190
[2026-05-24 22:18:35] [INFO]   保存最佳模型，验证损失: 0.116190
[2026-05-24 22:18:35] [INFO] Epoch 138/200 | Train Loss: 0.100869 | Val Loss: 0.112912
[2026-05-24 22:18:35] [INFO]   保存最佳模型，验证损失: 0.112912
[2026-05-24 22:18:35] [INFO] Epoch 139/200 | Train Loss: 0.101240 | Val Loss: 0.109651
[2026-05-24 22:18:35] [INFO]   保存最佳模型，验证损失: 0.109651
[2026-05-24 22:18:35] [INFO] Epoch 140/200 | Train Loss: 0.092962 | Val Loss: 0.106394
[2026-05-24 22:18:35] [INFO]   保存最佳模型，验证损失: 0.106394
[2026-05-24 22:18:35] [INFO] Epoch 141/200 | Train Loss: 0.094221 | Val Loss: 0.103187
[2026-05-24 22:18:35] [INFO]   保存最佳模型，验证损失: 0.103187
[2026-05-24 22:18:35] [INFO] Epoch 142/200 | Train Loss: 0.089591 | Val Loss: 0.100007
[2026-05-24 22:18:35] [INFO]   保存最佳模型，验证损失: 0.100007
[2026-05-24 22:18:36] [INFO] Epoch 143/200 | Train Loss: 0.086597 | Val Loss: 0.096864
[2026-05-24 22:18:36] [INFO]   保存最佳模型，验证损失: 0.096864
[2026-05-24 22:18:36] [INFO] Epoch 144/200 | Train Loss: 0.085422 | Val Loss: 0.093764
[2026-05-24 22:18:36] [INFO]   保存最佳模型，验证损失: 0.093764
[2026-05-24 22:18:36] [INFO] Epoch 145/200 | Train Loss: 0.090337 | Val Loss: 0.090724
[2026-05-24 22:18:36] [INFO]   保存最佳模型，验证损失: 0.090724
[2026-05-24 22:18:36] [INFO] Epoch 146/200 | Train Loss: 0.085627 | Val Loss: 0.087754
[2026-05-24 22:18:36] [INFO]   保存最佳模型，验证损失: 0.087754
[2026-05-24 22:18:36] [INFO] Epoch 147/200 | Train Loss: 0.094927 | Val Loss: 0.084880
[2026-05-24 22:18:36] [INFO]   保存最佳模型，验证损失: 0.084880
[2026-05-24 22:18:36] [INFO] Epoch 148/200 | Train Loss: 0.080490 | Val Loss: 0.082079
[2026-05-24 22:18:36] [INFO]   保存最佳模型，验证损失: 0.082079
[2026-05-24 22:18:36] [INFO] Epoch 149/200 | Train Loss: 0.080421 | Val Loss: 0.079356
[2026-05-24 22:18:36] [INFO]   保存最佳模型，验证损失: 0.079356
[2026-05-24 22:18:36] [INFO] Epoch 150/200 | Train Loss: 0.078844 | Val Loss: 0.076737
[2026-05-24 22:18:36] [INFO]   保存最佳模型，验证损失: 0.076737
[2026-05-24 22:18:36] [INFO] Epoch 151/200 | Train Loss: 0.077914 | Val Loss: 0.074228
[2026-05-24 22:18:36] [INFO]   保存最佳模型，验证损失: 0.074228
[2026-05-24 22:18:36] [INFO] Epoch 152/200 | Train Loss: 0.077297 | Val Loss: 0.071825
[2026-05-24 22:18:36] [INFO]   保存最佳模型，验证损失: 0.071825
[2026-05-24 22:18:36] [INFO] Epoch 153/200 | Train Loss: 0.069985 | Val Loss: 0.069524
[2026-05-24 22:18:36] [INFO]   保存最佳模型，验证损失: 0.069524
[2026-05-24 22:18:36] [INFO] Epoch 154/200 | Train Loss: 0.067320 | Val Loss: 0.067309
[2026-05-24 22:18:36] [INFO]   保存最佳模型，验证损失: 0.067309
[2026-05-24 22:18:37] [INFO] Epoch 155/200 | Train Loss: 0.074310 | Val Loss: 0.065188
[2026-05-24 22:18:37] [INFO]   保存最佳模型，验证损失: 0.065188
[2026-05-24 22:18:37] [INFO] Epoch 156/200 | Train Loss: 0.072777 | Val Loss: 0.063176
[2026-05-24 22:18:37] [INFO]   保存最佳模型，验证损失: 0.063176
[2026-05-24 22:18:37] [INFO] Epoch 157/200 | Train Loss: 0.075053 | Val Loss: 0.061258
[2026-05-24 22:18:37] [INFO]   保存最佳模型，验证损失: 0.061258
[2026-05-24 22:18:37] [INFO] Epoch 158/200 | Train Loss: 0.069849 | Val Loss: 0.059460
[2026-05-24 22:18:37] [INFO]   保存最佳模型，验证损失: 0.059460
[2026-05-24 22:18:37] [INFO] Epoch 159/200 | Train Loss: 0.068453 | Val Loss: 0.057720
[2026-05-24 22:18:37] [INFO]   保存最佳模型，验证损失: 0.057720
[2026-05-24 22:18:37] [INFO] Epoch 160/200 | Train Loss: 0.064721 | Val Loss: 0.056060
[2026-05-24 22:18:37] [INFO]   保存最佳模型，验证损失: 0.056060
[2026-05-24 22:18:37] [INFO] Epoch 161/200 | Train Loss: 0.067214 | Val Loss: 0.054501
[2026-05-24 22:18:37] [INFO]   保存最佳模型，验证损失: 0.054501
[2026-05-24 22:18:37] [INFO] Epoch 162/200 | Train Loss: 0.065918 | Val Loss: 0.053054
[2026-05-24 22:18:37] [INFO]   保存最佳模型，验证损失: 0.053054
[2026-05-24 22:18:37] [INFO] Epoch 163/200 | Train Loss: 0.067762 | Val Loss: 0.051686
[2026-05-24 22:18:37] [INFO]   保存最佳模型，验证损失: 0.051686
[2026-05-24 22:18:37] [INFO] Epoch 164/200 | Train Loss: 0.060618 | Val Loss: 0.050401
[2026-05-24 22:18:37] [INFO]   保存最佳模型，验证损失: 0.050401
[2026-05-24 22:18:37] [INFO] Epoch 165/200 | Train Loss: 0.066261 | Val Loss: 0.049249
[2026-05-24 22:18:37] [INFO]   保存最佳模型，验证损失: 0.049249
[2026-05-24 22:18:37] [INFO] Epoch 166/200 | Train Loss: 0.058945 | Val Loss: 0.048170
[2026-05-24 22:18:37] [INFO]   保存最佳模型，验证损失: 0.048170
[2026-05-24 22:18:37] [INFO] Epoch 167/200 | Train Loss: 0.063238 | Val Loss: 0.047178
[2026-05-24 22:18:38] [INFO]   保存最佳模型，验证损失: 0.047178
[2026-05-24 22:18:38] [INFO] Epoch 168/200 | Train Loss: 0.063708 | Val Loss: 0.046249
[2026-05-24 22:18:38] [INFO]   保存最佳模型，验证损失: 0.046249
[2026-05-24 22:18:38] [INFO] Epoch 169/200 | Train Loss: 0.066289 | Val Loss: 0.045429
[2026-05-24 22:18:38] [INFO]   保存最佳模型，验证损失: 0.045429
[2026-05-24 22:18:38] [INFO] Epoch 170/200 | Train Loss: 0.060369 | Val Loss: 0.044617
[2026-05-24 22:18:38] [INFO]   保存最佳模型，验证损失: 0.044617
[2026-05-24 22:18:38] [INFO] Epoch 171/200 | Train Loss: 0.063079 | Val Loss: 0.043835
[2026-05-24 22:18:38] [INFO]   保存最佳模型，验证损失: 0.043835
[2026-05-24 22:18:38] [INFO] Epoch 172/200 | Train Loss: 0.056704 | Val Loss: 0.043122
[2026-05-24 22:18:38] [INFO]   保存最佳模型，验证损失: 0.043122
[2026-05-24 22:18:38] [INFO] Epoch 173/200 | Train Loss: 0.057310 | Val Loss: 0.042443
[2026-05-24 22:18:38] [INFO]   保存最佳模型，验证损失: 0.042443
[2026-05-24 22:18:38] [INFO] Epoch 174/200 | Train Loss: 0.057484 | Val Loss: 0.041859
[2026-05-24 22:18:38] [INFO]   保存最佳模型，验证损失: 0.041859
[2026-05-24 22:18:38] [INFO] Epoch 175/200 | Train Loss: 0.059602 | Val Loss: 0.041353
[2026-05-24 22:18:38] [INFO]   保存最佳模型，验证损失: 0.041353
[2026-05-24 22:18:38] [INFO] Epoch 176/200 | Train Loss: 0.054636 | Val Loss: 0.040866
[2026-05-24 22:18:38] [INFO]   保存最佳模型，验证损失: 0.040866
[2026-05-24 22:18:38] [INFO] Epoch 177/200 | Train Loss: 0.058037 | Val Loss: 0.040417
[2026-05-24 22:18:38] [INFO]   保存最佳模型，验证损失: 0.040417
[2026-05-24 22:18:38] [INFO] Epoch 178/200 | Train Loss: 0.055070 | Val Loss: 0.039977
[2026-05-24 22:18:38] [INFO]   保存最佳模型，验证损失: 0.039977
[2026-05-24 22:18:38] [INFO] Epoch 179/200 | Train Loss: 0.058457 | Val Loss: 0.039587
[2026-05-24 22:18:38] [INFO]   保存最佳模型，验证损失: 0.039587
[2026-05-24 22:18:39] [INFO] Epoch 180/200 | Train Loss: 0.056994 | Val Loss: 0.039221
[2026-05-24 22:18:39] [INFO]   保存最佳模型，验证损失: 0.039221
[2026-05-24 22:18:39] [INFO] Epoch 181/200 | Train Loss: 0.051296 | Val Loss: 0.038862
[2026-05-24 22:18:39] [INFO]   保存最佳模型，验证损失: 0.038862
[2026-05-24 22:18:39] [INFO] Epoch 182/200 | Train Loss: 0.054614 | Val Loss: 0.038442
[2026-05-24 22:18:39] [INFO]   保存最佳模型，验证损失: 0.038442
[2026-05-24 22:18:39] [INFO] Epoch 183/200 | Train Loss: 0.054031 | Val Loss: 0.038009
[2026-05-24 22:18:39] [INFO]   保存最佳模型，验证损失: 0.038009
[2026-05-24 22:18:39] [INFO] Epoch 184/200 | Train Loss: 0.049049 | Val Loss: 0.037608
[2026-05-24 22:18:39] [INFO]   保存最佳模型，验证损失: 0.037608
[2026-05-24 22:18:39] [INFO] Epoch 185/200 | Train Loss: 0.054380 | Val Loss: 0.037202
[2026-05-24 22:18:39] [INFO]   保存最佳模型，验证损失: 0.037202
[2026-05-24 22:18:39] [INFO] Epoch 186/200 | Train Loss: 0.046756 | Val Loss: 0.036820
[2026-05-24 22:18:39] [INFO]   保存最佳模型，验证损失: 0.036820
[2026-05-24 22:18:39] [INFO] Epoch 187/200 | Train Loss: 0.050679 | Val Loss: 0.036444
[2026-05-24 22:18:39] [INFO]   保存最佳模型，验证损失: 0.036444
[2026-05-24 22:18:39] [INFO] Epoch 188/200 | Train Loss: 0.051299 | Val Loss: 0.036018
[2026-05-24 22:18:39] [INFO]   保存最佳模型，验证损失: 0.036018
[2026-05-24 22:18:39] [INFO] Epoch 189/200 | Train Loss: 0.054367 | Val Loss: 0.035631
[2026-05-24 22:18:39] [INFO]   保存最佳模型，验证损失: 0.035631
[2026-05-24 22:18:39] [INFO] Epoch 190/200 | Train Loss: 0.051790 | Val Loss: 0.035240
[2026-05-24 22:18:39] [INFO]   保存最佳模型，验证损失: 0.035240
[2026-05-24 22:18:39] [INFO] Epoch 191/200 | Train Loss: 0.049936 | Val Loss: 0.034869
[2026-05-24 22:18:39] [INFO]   保存最佳模型，验证损失: 0.034869
[2026-05-24 22:18:39] [INFO] Epoch 192/200 | Train Loss: 0.051235 | Val Loss: 0.034478
[2026-05-24 22:18:39] [INFO]   保存最佳模型，验证损失: 0.034478
[2026-05-24 22:18:40] [INFO] Epoch 193/200 | Train Loss: 0.052554 | Val Loss: 0.034073
[2026-05-24 22:18:40] [INFO]   保存最佳模型，验证损失: 0.034073
[2026-05-24 22:18:40] [INFO] Epoch 194/200 | Train Loss: 0.050048 | Val Loss: 0.033689
[2026-05-24 22:18:40] [INFO]   保存最佳模型，验证损失: 0.033689
[2026-05-24 22:18:40] [INFO] Epoch 195/200 | Train Loss: 0.051433 | Val Loss: 0.033316
[2026-05-24 22:18:40] [INFO]   保存最佳模型，验证损失: 0.033316
[2026-05-24 22:18:40] [INFO] Epoch 196/200 | Train Loss: 0.051716 | Val Loss: 0.032931
[2026-05-24 22:18:40] [INFO]   保存最佳模型，验证损失: 0.032931
[2026-05-24 22:18:40] [INFO] Epoch 197/200 | Train Loss: 0.046166 | Val Loss: 0.032569
[2026-05-24 22:18:40] [INFO]   保存最佳模型，验证损失: 0.032569
[2026-05-24 22:18:40] [INFO] Epoch 198/200 | Train Loss: 0.050466 | Val Loss: 0.032153
[2026-05-24 22:18:40] [INFO]   保存最佳模型，验证损失: 0.032153
[2026-05-24 22:18:40] [INFO] Epoch 199/200 | Train Loss: 0.048971 | Val Loss: 0.031716
[2026-05-24 22:18:40] [INFO]   保存最佳模型，验证损失: 0.031716
[2026-05-24 22:18:40] [INFO] Epoch 200/200 | Train Loss: 0.048535 | Val Loss: 0.031276
[2026-05-24 22:18:40] [INFO]   保存最佳模型，验证损失: 0.031276
[2026-05-24 22:18:40] [INFO] 训练结束，最佳验证损失: 0.031276
[2026-05-24 22:18:42] [INFO] 开始验证集预测并生成对比图...
[2026-05-24 22:18:42] [INFO] 加载最佳模型（从checkpoint字典）: ./results/residual_lstm_20260524_2218\checkpoints\best_model.pth
[2026-05-24 22:19:12] [INFO] Residual LSTM 训练开始 (残差预测)
[2026-05-24 22:19:18] [INFO] Device: cpu, Batch size: 256, Hist: 15, Pred: 10, Norm: True
[2026-05-24 22:19:18] [INFO] 加载 1 个文件...
[2026-05-24 22:19:18] [INFO] 已加载 0/1 文件
[2026-05-24 22:19:18] [INFO] 批量拟合完成 - 状态: (1359, 4), 控制: (1359, 2), 基础: (1359, 4), 差异: (1359, 4)
[2026-05-24 22:19:18] [INFO] 开始归一化train集样本...
[2026-05-24 22:19:18] [INFO] 归一化完成
[2026-05-24 22:19:18] [INFO] train数据集: 1个文件，84个样本
[2026-05-24 22:19:18] [INFO] 归一化器已保存到: ./results/residual_lstm_20260524_2219\checkpoints\scalers.pkl
[2026-05-24 22:19:18] [INFO] 总样本数: 84, 训练: 67, 验证: 17
[2026-05-24 22:19:18] [INFO] 开始训练...
[2026-05-24 22:19:19] [INFO] Epoch   1/200 | Train Loss: 0.232933 | Val Loss: 0.333675
[2026-05-24 22:19:19] [INFO]   保存最佳模型，验证损失: 0.333675
[2026-05-24 22:19:19] [INFO] Epoch   2/200 | Train Loss: 0.231239 | Val Loss: 0.332900
[2026-05-24 22:19:19] [INFO]   保存最佳模型，验证损失: 0.332900
[2026-05-24 22:19:19] [INFO] Epoch   3/200 | Train Loss: 0.233894 | Val Loss: 0.332128
[2026-05-24 22:19:19] [INFO]   保存最佳模型，验证损失: 0.332128
[2026-05-24 22:19:19] [INFO] Epoch   4/200 | Train Loss: 0.232574 | Val Loss: 0.331351
[2026-05-24 22:19:19] [INFO]   保存最佳模型，验证损失: 0.331351
[2026-05-24 22:19:19] [INFO] Epoch   5/200 | Train Loss: 0.231898 | Val Loss: 0.330572
[2026-05-24 22:19:19] [INFO]   保存最佳模型，验证损失: 0.330572
[2026-05-24 22:19:19] [INFO] Epoch   6/200 | Train Loss: 0.230480 | Val Loss: 0.329797
[2026-05-24 22:19:19] [INFO]   保存最佳模型，验证损失: 0.329797
[2026-05-24 22:19:19] [INFO] Epoch   7/200 | Train Loss: 0.231418 | Val Loss: 0.329020
[2026-05-24 22:19:19] [INFO]   保存最佳模型，验证损失: 0.329020
[2026-05-24 22:19:19] [INFO] Epoch   8/200 | Train Loss: 0.230604 | Val Loss: 0.328244
[2026-05-24 22:19:19] [INFO]   保存最佳模型，验证损失: 0.328244
[2026-05-24 22:19:19] [INFO] Epoch   9/200 | Train Loss: 0.232376 | Val Loss: 0.327469
[2026-05-24 22:19:19] [INFO]   保存最佳模型，验证损失: 0.327469
[2026-05-24 22:19:19] [INFO] Epoch  10/200 | Train Loss: 0.228366 | Val Loss: 0.326698
[2026-05-24 22:19:19] [INFO]   保存最佳模型，验证损失: 0.326698
[2026-05-24 22:19:19] [INFO] Epoch  11/200 | Train Loss: 0.229859 | Val Loss: 0.325927
[2026-05-24 22:19:19] [INFO]   保存最佳模型，验证损失: 0.325927
[2026-05-24 22:19:19] [INFO] Epoch  12/200 | Train Loss: 0.228177 | Val Loss: 0.325155
[2026-05-24 22:19:19] [INFO]   保存最佳模型，验证损失: 0.325155
[2026-05-24 22:19:19] [INFO] Epoch  13/200 | Train Loss: 0.228651 | Val Loss: 0.324380
[2026-05-24 22:19:19] [INFO]   保存最佳模型，验证损失: 0.324380
[2026-05-24 22:19:19] [INFO] Epoch  14/200 | Train Loss: 0.225899 | Val Loss: 0.323603
[2026-05-24 22:19:19] [INFO]   保存最佳模型，验证损失: 0.323603
[2026-05-24 22:19:19] [INFO] Epoch  15/200 | Train Loss: 0.226441 | Val Loss: 0.322823
[2026-05-24 22:19:19] [INFO]   保存最佳模型，验证损失: 0.322823
[2026-05-24 22:19:20] [INFO] Epoch  16/200 | Train Loss: 0.226359 | Val Loss: 0.322044
[2026-05-24 22:19:20] [INFO]   保存最佳模型，验证损失: 0.322044
[2026-05-24 22:19:20] [INFO] Epoch  17/200 | Train Loss: 0.225921 | Val Loss: 0.321273
[2026-05-24 22:19:20] [INFO]   保存最佳模型，验证损失: 0.321273
[2026-05-24 22:19:20] [INFO] Epoch  18/200 | Train Loss: 0.225888 | Val Loss: 0.320506
[2026-05-24 22:19:20] [INFO]   保存最佳模型，验证损失: 0.320506
[2026-05-24 22:19:20] [INFO] Epoch  19/200 | Train Loss: 0.223716 | Val Loss: 0.319743
[2026-05-24 22:19:20] [INFO]   保存最佳模型，验证损失: 0.319743
[2026-05-24 22:19:20] [INFO] Epoch  20/200 | Train Loss: 0.224473 | Val Loss: 0.318986
[2026-05-24 22:19:20] [INFO]   保存最佳模型，验证损失: 0.318986
[2026-05-24 22:19:20] [INFO] Epoch  21/200 | Train Loss: 0.223935 | Val Loss: 0.318233
[2026-05-24 22:19:20] [INFO]   保存最佳模型，验证损失: 0.318233
[2026-05-24 22:19:20] [INFO] Epoch  22/200 | Train Loss: 0.221420 | Val Loss: 0.317477
[2026-05-24 22:19:20] [INFO]   保存最佳模型，验证损失: 0.317477
[2026-05-24 22:19:20] [INFO] Epoch  23/200 | Train Loss: 0.221263 | Val Loss: 0.316721
[2026-05-24 22:19:20] [INFO]   保存最佳模型，验证损失: 0.316721
[2026-05-24 22:19:20] [INFO] Epoch  24/200 | Train Loss: 0.222043 | Val Loss: 0.315958
[2026-05-24 22:19:20] [INFO]   保存最佳模型，验证损失: 0.315958
[2026-05-24 22:19:20] [INFO] Epoch  25/200 | Train Loss: 0.221025 | Val Loss: 0.315194
[2026-05-24 22:19:20] [INFO]   保存最佳模型，验证损失: 0.315194
[2026-05-24 22:19:20] [INFO] Epoch  26/200 | Train Loss: 0.221028 | Val Loss: 0.314428
[2026-05-24 22:19:20] [INFO]   保存最佳模型，验证损失: 0.314428
[2026-05-24 22:19:20] [INFO] Epoch  27/200 | Train Loss: 0.221241 | Val Loss: 0.313666
[2026-05-24 22:19:20] [INFO]   保存最佳模型，验证损失: 0.313666
[2026-05-24 22:19:20] [INFO] Epoch  28/200 | Train Loss: 0.220133 | Val Loss: 0.312903
[2026-05-24 22:19:20] [INFO]   保存最佳模型，验证损失: 0.312903
[2026-05-24 22:19:20] [INFO] Epoch  29/200 | Train Loss: 0.221155 | Val Loss: 0.312133
[2026-05-24 22:19:20] [INFO]   保存最佳模型，验证损失: 0.312133
[2026-05-24 22:19:20] [INFO] Epoch  30/200 | Train Loss: 0.217844 | Val Loss: 0.311353
[2026-05-24 22:19:20] [INFO]   保存最佳模型，验证损失: 0.311353
[2026-05-24 22:19:21] [INFO] Epoch  31/200 | Train Loss: 0.216686 | Val Loss: 0.310568
[2026-05-24 22:19:21] [INFO]   保存最佳模型，验证损失: 0.310568
[2026-05-24 22:19:21] [INFO] Epoch  32/200 | Train Loss: 0.217119 | Val Loss: 0.309778
[2026-05-24 22:19:21] [INFO]   保存最佳模型，验证损失: 0.309778
[2026-05-24 22:19:21] [INFO] Epoch  33/200 | Train Loss: 0.218138 | Val Loss: 0.308992
[2026-05-24 22:19:21] [INFO]   保存最佳模型，验证损失: 0.308992
[2026-05-24 22:19:21] [INFO] Epoch  34/200 | Train Loss: 0.217756 | Val Loss: 0.308208
[2026-05-24 22:19:21] [INFO]   保存最佳模型，验证损失: 0.308208
[2026-05-24 22:19:21] [INFO] Epoch  35/200 | Train Loss: 0.218586 | Val Loss: 0.307425
[2026-05-24 22:19:21] [INFO]   保存最佳模型，验证损失: 0.307425
[2026-05-24 22:19:21] [INFO] Epoch  36/200 | Train Loss: 0.217382 | Val Loss: 0.306642
[2026-05-24 22:19:21] [INFO]   保存最佳模型，验证损失: 0.306642
[2026-05-24 22:19:21] [INFO] Epoch  37/200 | Train Loss: 0.215449 | Val Loss: 0.305850
[2026-05-24 22:19:21] [INFO]   保存最佳模型，验证损失: 0.305850
[2026-05-24 22:19:21] [INFO] Epoch  38/200 | Train Loss: 0.214794 | Val Loss: 0.305050
[2026-05-24 22:19:21] [INFO]   保存最佳模型，验证损失: 0.305050
[2026-05-24 22:19:21] [INFO] Epoch  39/200 | Train Loss: 0.212603 | Val Loss: 0.304243
[2026-05-24 22:19:21] [INFO]   保存最佳模型，验证损失: 0.304243
[2026-05-24 22:19:21] [INFO] Epoch  40/200 | Train Loss: 0.215156 | Val Loss: 0.303439
[2026-05-24 22:19:21] [INFO]   保存最佳模型，验证损失: 0.303439
[2026-05-24 22:19:21] [INFO] Epoch  41/200 | Train Loss: 0.211350 | Val Loss: 0.302628
[2026-05-24 22:19:21] [INFO]   保存最佳模型，验证损失: 0.302628
[2026-05-24 22:19:21] [INFO] Epoch  42/200 | Train Loss: 0.211545 | Val Loss: 0.301805
[2026-05-24 22:19:21] [INFO]   保存最佳模型，验证损失: 0.301805
[2026-05-24 22:19:21] [INFO] Epoch  43/200 | Train Loss: 0.213881 | Val Loss: 0.300979
[2026-05-24 22:19:21] [INFO]   保存最佳模型，验证损失: 0.300979
[2026-05-24 22:19:21] [INFO] Epoch  44/200 | Train Loss: 0.211278 | Val Loss: 0.300145
[2026-05-24 22:19:21] [INFO]   保存最佳模型，验证损失: 0.300145
[2026-05-24 22:19:21] [INFO] Epoch  45/200 | Train Loss: 0.211640 | Val Loss: 0.299305
[2026-05-24 22:19:21] [INFO]   保存最佳模型，验证损失: 0.299305
[2026-05-24 22:19:22] [INFO] Epoch  46/200 | Train Loss: 0.211271 | Val Loss: 0.298454
[2026-05-24 22:19:22] [INFO]   保存最佳模型，验证损失: 0.298454
[2026-05-24 22:19:22] [INFO] Epoch  47/200 | Train Loss: 0.209952 | Val Loss: 0.297591
[2026-05-24 22:19:22] [INFO]   保存最佳模型，验证损失: 0.297591
[2026-05-24 22:19:22] [INFO] Epoch  48/200 | Train Loss: 0.208825 | Val Loss: 0.296714
[2026-05-24 22:19:22] [INFO]   保存最佳模型，验证损失: 0.296714
[2026-05-24 22:19:22] [INFO] Epoch  49/200 | Train Loss: 0.208123 | Val Loss: 0.295825
[2026-05-24 22:19:22] [INFO]   保存最佳模型，验证损失: 0.295825
[2026-05-24 22:19:22] [INFO] Epoch  50/200 | Train Loss: 0.206734 | Val Loss: 0.294915
[2026-05-24 22:19:22] [INFO]   保存最佳模型，验证损失: 0.294915
[2026-05-24 22:19:22] [INFO] Epoch  51/200 | Train Loss: 0.208009 | Val Loss: 0.293993
[2026-05-24 22:19:22] [INFO]   保存最佳模型，验证损失: 0.293993
[2026-05-24 22:19:22] [INFO] Epoch  52/200 | Train Loss: 0.207889 | Val Loss: 0.293055
[2026-05-24 22:19:22] [INFO]   保存最佳模型，验证损失: 0.293055
[2026-05-24 22:19:22] [INFO] Epoch  53/200 | Train Loss: 0.205457 | Val Loss: 0.292102
[2026-05-24 22:19:22] [INFO]   保存最佳模型，验证损失: 0.292102
[2026-05-24 22:19:22] [INFO] Epoch  54/200 | Train Loss: 0.206035 | Val Loss: 0.291134
[2026-05-24 22:19:22] [INFO]   保存最佳模型，验证损失: 0.291134
[2026-05-24 22:19:22] [INFO] Epoch  55/200 | Train Loss: 0.203697 | Val Loss: 0.290154
[2026-05-24 22:19:22] [INFO]   保存最佳模型，验证损失: 0.290154
[2026-05-24 22:19:22] [INFO] Epoch  56/200 | Train Loss: 0.203604 | Val Loss: 0.289157
[2026-05-24 22:19:22] [INFO]   保存最佳模型，验证损失: 0.289157
[2026-05-24 22:19:22] [INFO] Epoch  57/200 | Train Loss: 0.202912 | Val Loss: 0.288141
[2026-05-24 22:19:22] [INFO]   保存最佳模型，验证损失: 0.288141
[2026-05-24 22:19:22] [INFO] Epoch  58/200 | Train Loss: 0.202876 | Val Loss: 0.287112
[2026-05-24 22:19:22] [INFO]   保存最佳模型，验证损失: 0.287112
[2026-05-24 22:19:22] [INFO] Epoch  59/200 | Train Loss: 0.202171 | Val Loss: 0.286071
[2026-05-24 22:19:22] [INFO]   保存最佳模型，验证损失: 0.286071
[2026-05-24 22:19:22] [INFO] Epoch  60/200 | Train Loss: 0.200552 | Val Loss: 0.285018
[2026-05-24 22:19:23] [INFO]   保存最佳模型，验证损失: 0.285018
[2026-05-24 22:19:23] [INFO] Epoch  61/200 | Train Loss: 0.201112 | Val Loss: 0.283945
[2026-05-24 22:19:23] [INFO]   保存最佳模型，验证损失: 0.283945
[2026-05-24 22:19:23] [INFO] Epoch  62/200 | Train Loss: 0.200225 | Val Loss: 0.282848
[2026-05-24 22:19:23] [INFO]   保存最佳模型，验证损失: 0.282848
[2026-05-24 22:19:23] [INFO] Epoch  63/200 | Train Loss: 0.201042 | Val Loss: 0.281737
[2026-05-24 22:19:23] [INFO]   保存最佳模型，验证损失: 0.281737
[2026-05-24 22:19:23] [INFO] Epoch  64/200 | Train Loss: 0.200603 | Val Loss: 0.280607
[2026-05-24 22:19:23] [INFO]   保存最佳模型，验证损失: 0.280607
[2026-05-24 22:19:23] [INFO] Epoch  65/200 | Train Loss: 0.198488 | Val Loss: 0.279463
[2026-05-24 22:19:23] [INFO]   保存最佳模型，验证损失: 0.279463
[2026-05-24 22:19:23] [INFO] Epoch  66/200 | Train Loss: 0.198913 | Val Loss: 0.278309
[2026-05-24 22:19:23] [INFO]   保存最佳模型，验证损失: 0.278309
[2026-05-24 22:19:23] [INFO] Epoch  67/200 | Train Loss: 0.195656 | Val Loss: 0.277135
[2026-05-24 22:19:23] [INFO]   保存最佳模型，验证损失: 0.277135
[2026-05-24 22:19:23] [INFO] Epoch  68/200 | Train Loss: 0.194596 | Val Loss: 0.275948
[2026-05-24 22:19:23] [INFO]   保存最佳模型，验证损失: 0.275948
[2026-05-24 22:19:23] [INFO] Epoch  69/200 | Train Loss: 0.196286 | Val Loss: 0.274746
[2026-05-24 22:19:23] [INFO]   保存最佳模型，验证损失: 0.274746
[2026-05-24 22:19:23] [INFO] Epoch  70/200 | Train Loss: 0.194758 | Val Loss: 0.273530
[2026-05-24 22:19:23] [INFO]   保存最佳模型，验证损失: 0.273530
[2026-05-24 22:19:23] [INFO] Epoch  71/200 | Train Loss: 0.191103 | Val Loss: 0.272293
[2026-05-24 22:19:23] [INFO]   保存最佳模型，验证损失: 0.272293
[2026-05-24 22:19:23] [INFO] Epoch  72/200 | Train Loss: 0.194734 | Val Loss: 0.271042
[2026-05-24 22:19:23] [INFO]   保存最佳模型，验证损失: 0.271042
[2026-05-24 22:19:23] [INFO] Epoch  73/200 | Train Loss: 0.192080 | Val Loss: 0.269779
[2026-05-24 22:19:23] [INFO]   保存最佳模型，验证损失: 0.269779
[2026-05-24 22:19:23] [INFO] Epoch  74/200 | Train Loss: 0.192211 | Val Loss: 0.268494
[2026-05-24 22:19:23] [INFO]   保存最佳模型，验证损失: 0.268494
[2026-05-24 22:19:23] [INFO] Epoch  75/200 | Train Loss: 0.191345 | Val Loss: 0.267193
[2026-05-24 22:19:23] [INFO]   保存最佳模型，验证损失: 0.267193
[2026-05-24 22:19:24] [INFO] Epoch  76/200 | Train Loss: 0.189756 | Val Loss: 0.265864
[2026-05-24 22:19:24] [INFO]   保存最佳模型，验证损失: 0.265864
[2026-05-24 22:19:24] [INFO] Epoch  77/200 | Train Loss: 0.186585 | Val Loss: 0.264510
[2026-05-24 22:19:24] [INFO]   保存最佳模型，验证损失: 0.264510
[2026-05-24 22:19:24] [INFO] Epoch  78/200 | Train Loss: 0.189730 | Val Loss: 0.263138
[2026-05-24 22:19:24] [INFO]   保存最佳模型，验证损失: 0.263138
[2026-05-24 22:19:24] [INFO] Epoch  79/200 | Train Loss: 0.188695 | Val Loss: 0.261744
[2026-05-24 22:19:24] [INFO]   保存最佳模型，验证损失: 0.261744
[2026-05-24 22:19:24] [INFO] Epoch  80/200 | Train Loss: 0.187009 | Val Loss: 0.260324
[2026-05-24 22:19:24] [INFO]   保存最佳模型，验证损失: 0.260324
[2026-05-24 22:19:24] [INFO] Epoch  81/200 | Train Loss: 0.185180 | Val Loss: 0.258871
[2026-05-24 22:19:24] [INFO]   保存最佳模型，验证损失: 0.258871
[2026-05-24 22:19:24] [INFO] Epoch  82/200 | Train Loss: 0.180773 | Val Loss: 0.257386
[2026-05-24 22:19:24] [INFO]   保存最佳模型，验证损失: 0.257386
[2026-05-24 22:19:24] [INFO] Epoch  83/200 | Train Loss: 0.181740 | Val Loss: 0.255873
[2026-05-24 22:19:24] [INFO]   保存最佳模型，验证损失: 0.255873
[2026-05-24 22:19:24] [INFO] Epoch  84/200 | Train Loss: 0.180918 | Val Loss: 0.254332
[2026-05-24 22:19:24] [INFO]   保存最佳模型，验证损失: 0.254332
[2026-05-24 22:19:24] [INFO] Epoch  85/200 | Train Loss: 0.179710 | Val Loss: 0.252756
[2026-05-24 22:19:24] [INFO]   保存最佳模型，验证损失: 0.252756
[2026-05-24 22:19:24] [INFO] Epoch  86/200 | Train Loss: 0.181022 | Val Loss: 0.251144
[2026-05-24 22:19:24] [INFO]   保存最佳模型，验证损失: 0.251144
[2026-05-24 22:19:24] [INFO] Epoch  87/200 | Train Loss: 0.180293 | Val Loss: 0.249495
[2026-05-24 22:19:24] [INFO]   保存最佳模型，验证损失: 0.249495
[2026-05-24 22:19:24] [INFO] Epoch  88/200 | Train Loss: 0.178446 | Val Loss: 0.247811
[2026-05-24 22:19:24] [INFO]   保存最佳模型，验证损失: 0.247811
[2026-05-24 22:19:24] [INFO] Epoch  89/200 | Train Loss: 0.177249 | Val Loss: 0.246092
[2026-05-24 22:19:24] [INFO]   保存最佳模型，验证损失: 0.246092
[2026-05-24 22:19:24] [INFO] Epoch  90/200 | Train Loss: 0.175203 | Val Loss: 0.244336
[2026-05-24 22:19:24] [INFO]   保存最佳模型，验证损失: 0.244336
[2026-05-24 22:19:25] [INFO] Epoch  91/200 | Train Loss: 0.176814 | Val Loss: 0.242550
[2026-05-24 22:19:25] [INFO]   保存最佳模型，验证损失: 0.242550
[2026-05-24 22:19:25] [INFO] Epoch  92/200 | Train Loss: 0.171848 | Val Loss: 0.240720
[2026-05-24 22:19:25] [INFO]   保存最佳模型，验证损失: 0.240720
[2026-05-24 22:19:25] [INFO] Epoch  93/200 | Train Loss: 0.172902 | Val Loss: 0.238854
[2026-05-24 22:19:25] [INFO]   保存最佳模型，验证损失: 0.238854
[2026-05-24 22:19:25] [INFO] Epoch  94/200 | Train Loss: 0.170688 | Val Loss: 0.236952
[2026-05-24 22:19:25] [INFO]   保存最佳模型，验证损失: 0.236952
[2026-05-24 22:19:25] [INFO] Epoch  95/200 | Train Loss: 0.169977 | Val Loss: 0.235016
[2026-05-24 22:19:25] [INFO]   保存最佳模型，验证损失: 0.235016
[2026-05-24 22:19:25] [INFO] Epoch  96/200 | Train Loss: 0.169098 | Val Loss: 0.233050
[2026-05-24 22:19:25] [INFO]   保存最佳模型，验证损失: 0.233050
[2026-05-24 22:19:25] [INFO] Epoch  97/200 | Train Loss: 0.167234 | Val Loss: 0.231038
[2026-05-24 22:19:25] [INFO]   保存最佳模型，验证损失: 0.231038
[2026-05-24 22:19:25] [INFO] Epoch  98/200 | Train Loss: 0.168414 | Val Loss: 0.228974
[2026-05-24 22:19:25] [INFO]   保存最佳模型，验证损失: 0.228974
[2026-05-24 22:19:25] [INFO] Epoch  99/200 | Train Loss: 0.166676 | Val Loss: 0.226864
[2026-05-24 22:19:25] [INFO]   保存最佳模型，验证损失: 0.226864
[2026-05-24 22:19:25] [INFO] Epoch 100/200 | Train Loss: 0.162227 | Val Loss: 0.224706
[2026-05-24 22:19:25] [INFO]   保存最佳模型，验证损失: 0.224706
[2026-05-24 22:19:25] [INFO] Epoch 101/200 | Train Loss: 0.162682 | Val Loss: 0.222505
[2026-05-24 22:19:25] [INFO]   保存最佳模型，验证损失: 0.222505
[2026-05-24 22:19:25] [INFO] Epoch 102/200 | Train Loss: 0.163716 | Val Loss: 0.220263
[2026-05-24 22:19:25] [INFO]   保存最佳模型，验证损失: 0.220263
[2026-05-24 22:19:25] [INFO] Epoch 103/200 | Train Loss: 0.163509 | Val Loss: 0.217982
[2026-05-24 22:19:25] [INFO]   保存最佳模型，验证损失: 0.217982
[2026-05-24 22:19:25] [INFO] Epoch 104/200 | Train Loss: 0.157250 | Val Loss: 0.215660
[2026-05-24 22:19:25] [INFO]   保存最佳模型，验证损失: 0.215660
[2026-05-24 22:19:26] [INFO] Epoch 105/200 | Train Loss: 0.160377 | Val Loss: 0.213295
[2026-05-24 22:19:26] [INFO]   保存最佳模型，验证损失: 0.213295
[2026-05-24 22:19:26] [INFO] Epoch 106/200 | Train Loss: 0.160619 | Val Loss: 0.210901
[2026-05-24 22:19:26] [INFO]   保存最佳模型，验证损失: 0.210901
[2026-05-24 22:19:26] [INFO] Epoch 107/200 | Train Loss: 0.157076 | Val Loss: 0.208454
[2026-05-24 22:19:26] [INFO]   保存最佳模型，验证损失: 0.208454
[2026-05-24 22:19:26] [INFO] Epoch 108/200 | Train Loss: 0.152893 | Val Loss: 0.205957
[2026-05-24 22:19:26] [INFO]   保存最佳模型，验证损失: 0.205957
[2026-05-24 22:19:26] [INFO] Epoch 109/200 | Train Loss: 0.150751 | Val Loss: 0.203376
[2026-05-24 22:19:26] [INFO]   保存最佳模型，验证损失: 0.203376
[2026-05-24 22:19:26] [INFO] Epoch 110/200 | Train Loss: 0.150863 | Val Loss: 0.200741
[2026-05-24 22:19:26] [INFO]   保存最佳模型，验证损失: 0.200741
[2026-05-24 22:19:26] [INFO] Epoch 111/200 | Train Loss: 0.149548 | Val Loss: 0.198047
[2026-05-24 22:19:26] [INFO]   保存最佳模型，验证损失: 0.198047
[2026-05-24 22:19:26] [INFO] Epoch 112/200 | Train Loss: 0.145821 | Val Loss: 0.195293
[2026-05-24 22:19:26] [INFO]   保存最佳模型，验证损失: 0.195293
[2026-05-24 22:19:26] [INFO] Epoch 113/200 | Train Loss: 0.147495 | Val Loss: 0.192487
[2026-05-24 22:19:26] [INFO]   保存最佳模型，验证损失: 0.192487
[2026-05-24 22:19:26] [INFO] Epoch 114/200 | Train Loss: 0.145314 | Val Loss: 0.189645
[2026-05-24 22:19:26] [INFO]   保存最佳模型，验证损失: 0.189645
[2026-05-24 22:19:26] [INFO] Epoch 115/200 | Train Loss: 0.140945 | Val Loss: 0.186752
[2026-05-24 22:19:26] [INFO]   保存最佳模型，验证损失: 0.186752
[2026-05-24 22:19:26] [INFO] Epoch 116/200 | Train Loss: 0.140001 | Val Loss: 0.183824
[2026-05-24 22:19:26] [INFO]   保存最佳模型，验证损失: 0.183824
[2026-05-24 22:19:26] [INFO] Epoch 117/200 | Train Loss: 0.138786 | Val Loss: 0.180869
[2026-05-24 22:19:26] [INFO]   保存最佳模型，验证损失: 0.180869
[2026-05-24 22:19:26] [INFO] Epoch 118/200 | Train Loss: 0.139349 | Val Loss: 0.177890
[2026-05-24 22:19:26] [INFO]   保存最佳模型，验证损失: 0.177890
[2026-05-24 22:19:26] [INFO] Epoch 119/200 | Train Loss: 0.133434 | Val Loss: 0.174867
[2026-05-24 22:19:27] [INFO]   保存最佳模型，验证损失: 0.174867
[2026-05-24 22:19:27] [INFO] Epoch 120/200 | Train Loss: 0.135930 | Val Loss: 0.171818
[2026-05-24 22:19:27] [INFO]   保存最佳模型，验证损失: 0.171818
[2026-05-24 22:19:27] [INFO] Epoch 121/200 | Train Loss: 0.127572 | Val Loss: 0.168725
[2026-05-24 22:19:27] [INFO]   保存最佳模型，验证损失: 0.168725
[2026-05-24 22:19:27] [INFO] Epoch 122/200 | Train Loss: 0.127315 | Val Loss: 0.165595
[2026-05-24 22:19:27] [INFO]   保存最佳模型，验证损失: 0.165595
[2026-05-24 22:19:27] [INFO] Epoch 123/200 | Train Loss: 0.133033 | Val Loss: 0.162435
[2026-05-24 22:19:27] [INFO]   保存最佳模型，验证损失: 0.162435
[2026-05-24 22:19:27] [INFO] Epoch 124/200 | Train Loss: 0.125201 | Val Loss: 0.159241
[2026-05-24 22:19:27] [INFO]   保存最佳模型，验证损失: 0.159241
[2026-05-24 22:19:27] [INFO] Epoch 125/200 | Train Loss: 0.123358 | Val Loss: 0.156012
[2026-05-24 22:19:27] [INFO]   保存最佳模型，验证损失: 0.156012
[2026-05-24 22:19:27] [INFO] Epoch 126/200 | Train Loss: 0.122455 | Val Loss: 0.152761
[2026-05-24 22:19:27] [INFO]   保存最佳模型，验证损失: 0.152761
[2026-05-24 22:19:27] [INFO] Epoch 127/200 | Train Loss: 0.121514 | Val Loss: 0.149495
[2026-05-24 22:19:27] [INFO]   保存最佳模型，验证损失: 0.149495
[2026-05-24 22:19:27] [INFO] Epoch 128/200 | Train Loss: 0.122515 | Val Loss: 0.146195
[2026-05-24 22:19:27] [INFO]   保存最佳模型，验证损失: 0.146195
[2026-05-24 22:19:27] [INFO] Epoch 129/200 | Train Loss: 0.120837 | Val Loss: 0.142872
[2026-05-24 22:19:27] [INFO]   保存最佳模型，验证损失: 0.142872
[2026-05-24 22:19:27] [INFO] Epoch 130/200 | Train Loss: 0.117576 | Val Loss: 0.139533
[2026-05-24 22:19:27] [INFO]   保存最佳模型，验证损失: 0.139533
[2026-05-24 22:19:27] [INFO] Epoch 131/200 | Train Loss: 0.118124 | Val Loss: 0.136199
[2026-05-24 22:19:27] [INFO]   保存最佳模型，验证损失: 0.136199
[2026-05-24 22:19:27] [INFO] Epoch 132/200 | Train Loss: 0.111316 | Val Loss: 0.132857
[2026-05-24 22:19:27] [INFO]   保存最佳模型，验证损失: 0.132857
[2026-05-24 22:19:27] [INFO] Epoch 133/200 | Train Loss: 0.110725 | Val Loss: 0.129502
[2026-05-24 22:19:27] [INFO]   保存最佳模型，验证损失: 0.129502
[2026-05-24 22:19:28] [INFO] Epoch 134/200 | Train Loss: 0.107116 | Val Loss: 0.126144
[2026-05-24 22:19:28] [INFO]   保存最佳模型，验证损失: 0.126144
[2026-05-24 22:19:28] [INFO] Epoch 135/200 | Train Loss: 0.107750 | Val Loss: 0.122804
[2026-05-24 22:19:28] [INFO]   保存最佳模型，验证损失: 0.122804
[2026-05-24 22:19:28] [INFO] Epoch 136/200 | Train Loss: 0.103392 | Val Loss: 0.119486
[2026-05-24 22:19:28] [INFO]   保存最佳模型，验证损失: 0.119486
[2026-05-24 22:19:28] [INFO] Epoch 137/200 | Train Loss: 0.105572 | Val Loss: 0.116190
[2026-05-24 22:19:28] [INFO]   保存最佳模型，验证损失: 0.116190
[2026-05-24 22:19:28] [INFO] Epoch 138/200 | Train Loss: 0.100869 | Val Loss: 0.112912
[2026-05-24 22:19:28] [INFO]   保存最佳模型，验证损失: 0.112912
[2026-05-24 22:19:28] [INFO] Epoch 139/200 | Train Loss: 0.101240 | Val Loss: 0.109651
[2026-05-24 22:19:28] [INFO]   保存最佳模型，验证损失: 0.109651
[2026-05-24 22:19:28] [INFO] Epoch 140/200 | Train Loss: 0.092962 | Val Loss: 0.106394
[2026-05-24 22:19:28] [INFO]   保存最佳模型，验证损失: 0.106394
[2026-05-24 22:19:28] [INFO] Epoch 141/200 | Train Loss: 0.094221 | Val Loss: 0.103187
[2026-05-24 22:19:28] [INFO]   保存最佳模型，验证损失: 0.103187
[2026-05-24 22:19:28] [INFO] Epoch 142/200 | Train Loss: 0.089591 | Val Loss: 0.100007
[2026-05-24 22:19:28] [INFO]   保存最佳模型，验证损失: 0.100007
[2026-05-24 22:19:28] [INFO] Epoch 143/200 | Train Loss: 0.086597 | Val Loss: 0.096864
[2026-05-24 22:19:28] [INFO]   保存最佳模型，验证损失: 0.096864
[2026-05-24 22:19:28] [INFO] Epoch 144/200 | Train Loss: 0.085422 | Val Loss: 0.093764
[2026-05-24 22:19:28] [INFO]   保存最佳模型，验证损失: 0.093764
[2026-05-24 22:19:28] [INFO] Epoch 145/200 | Train Loss: 0.090337 | Val Loss: 0.090724
[2026-05-24 22:19:28] [INFO]   保存最佳模型，验证损失: 0.090724
[2026-05-24 22:19:28] [INFO] Epoch 146/200 | Train Loss: 0.085627 | Val Loss: 0.087754
[2026-05-24 22:19:28] [INFO]   保存最佳模型，验证损失: 0.087754
[2026-05-24 22:19:29] [INFO] Epoch 147/200 | Train Loss: 0.094927 | Val Loss: 0.084880
[2026-05-24 22:19:29] [INFO]   保存最佳模型，验证损失: 0.084880
[2026-05-24 22:19:29] [INFO] Epoch 148/200 | Train Loss: 0.080490 | Val Loss: 0.082079
[2026-05-24 22:19:29] [INFO]   保存最佳模型，验证损失: 0.082079
[2026-05-24 22:19:29] [INFO] Epoch 149/200 | Train Loss: 0.080421 | Val Loss: 0.079356
[2026-05-24 22:19:29] [INFO]   保存最佳模型，验证损失: 0.079356
[2026-05-24 22:19:29] [INFO] Epoch 150/200 | Train Loss: 0.078844 | Val Loss: 0.076737
[2026-05-24 22:19:29] [INFO]   保存最佳模型，验证损失: 0.076737
[2026-05-24 22:19:29] [INFO] Epoch 151/200 | Train Loss: 0.077914 | Val Loss: 0.074228
[2026-05-24 22:19:29] [INFO]   保存最佳模型，验证损失: 0.074228
[2026-05-24 22:19:29] [INFO] Epoch 152/200 | Train Loss: 0.077297 | Val Loss: 0.071825
[2026-05-24 22:19:29] [INFO]   保存最佳模型，验证损失: 0.071825
[2026-05-24 22:19:29] [INFO] Epoch 153/200 | Train Loss: 0.069985 | Val Loss: 0.069524
[2026-05-24 22:19:29] [INFO]   保存最佳模型，验证损失: 0.069524
[2026-05-24 22:19:29] [INFO] Epoch 154/200 | Train Loss: 0.067320 | Val Loss: 0.067309
[2026-05-24 22:19:29] [INFO]   保存最佳模型，验证损失: 0.067309
[2026-05-24 22:19:29] [INFO] Epoch 155/200 | Train Loss: 0.074310 | Val Loss: 0.065188
[2026-05-24 22:19:29] [INFO]   保存最佳模型，验证损失: 0.065188
[2026-05-24 22:19:29] [INFO] Epoch 156/200 | Train Loss: 0.072777 | Val Loss: 0.063176
[2026-05-24 22:19:29] [INFO]   保存最佳模型，验证损失: 0.063176
[2026-05-24 22:19:29] [INFO] Epoch 157/200 | Train Loss: 0.075053 | Val Loss: 0.061258
[2026-05-24 22:19:29] [INFO]   保存最佳模型，验证损失: 0.061258
[2026-05-24 22:19:29] [INFO] Epoch 158/200 | Train Loss: 0.069849 | Val Loss: 0.059460
[2026-05-24 22:19:29] [INFO]   保存最佳模型，验证损失: 0.059460
[2026-05-24 22:19:29] [INFO] Epoch 159/200 | Train Loss: 0.068453 | Val Loss: 0.057720
[2026-05-24 22:19:29] [INFO]   保存最佳模型，验证损失: 0.057720
[2026-05-24 22:19:29] [INFO] Epoch 160/200 | Train Loss: 0.064721 | Val Loss: 0.056060
[2026-05-24 22:19:29] [INFO]   保存最佳模型，验证损失: 0.056060
[2026-05-24 22:19:30] [INFO] Epoch 161/200 | Train Loss: 0.067214 | Val Loss: 0.054501
[2026-05-24 22:19:30] [INFO]   保存最佳模型，验证损失: 0.054501
[2026-05-24 22:19:30] [INFO] Epoch 162/200 | Train Loss: 0.065918 | Val Loss: 0.053054
[2026-05-24 22:19:30] [INFO]   保存最佳模型，验证损失: 0.053054
[2026-05-24 22:19:30] [INFO] Epoch 163/200 | Train Loss: 0.067762 | Val Loss: 0.051686
[2026-05-24 22:19:30] [INFO]   保存最佳模型，验证损失: 0.051686
[2026-05-24 22:19:30] [INFO] Epoch 164/200 | Train Loss: 0.060618 | Val Loss: 0.050401
[2026-05-24 22:19:30] [INFO]   保存最佳模型，验证损失: 0.050401
[2026-05-24 22:19:30] [INFO] Epoch 165/200 | Train Loss: 0.066261 | Val Loss: 0.049249
[2026-05-24 22:19:30] [INFO]   保存最佳模型，验证损失: 0.049249
[2026-05-24 22:19:30] [INFO] Epoch 166/200 | Train Loss: 0.058945 | Val Loss: 0.048170
[2026-05-24 22:19:30] [INFO]   保存最佳模型，验证损失: 0.048170
[2026-05-24 22:19:30] [INFO] Epoch 167/200 | Train Loss: 0.063238 | Val Loss: 0.047178
[2026-05-24 22:19:30] [INFO]   保存最佳模型，验证损失: 0.047178
[2026-05-24 22:19:30] [INFO] Epoch 168/200 | Train Loss: 0.063708 | Val Loss: 0.046249
[2026-05-24 22:19:30] [INFO]   保存最佳模型，验证损失: 0.046249
[2026-05-24 22:19:30] [INFO] Epoch 169/200 | Train Loss: 0.066289 | Val Loss: 0.045429
[2026-05-24 22:19:30] [INFO]   保存最佳模型，验证损失: 0.045429
[2026-05-24 22:19:30] [INFO] Epoch 170/200 | Train Loss: 0.060369 | Val Loss: 0.044617
[2026-05-24 22:19:30] [INFO]   保存最佳模型，验证损失: 0.044617
[2026-05-24 22:19:30] [INFO] Epoch 171/200 | Train Loss: 0.063079 | Val Loss: 0.043835
[2026-05-24 22:19:30] [INFO]   保存最佳模型，验证损失: 0.043835
[2026-05-24 22:19:30] [INFO] Epoch 172/200 | Train Loss: 0.056704 | Val Loss: 0.043122
[2026-05-24 22:19:30] [INFO]   保存最佳模型，验证损失: 0.043122
[2026-05-24 22:19:31] [INFO] Epoch 173/200 | Train Loss: 0.057310 | Val Loss: 0.042443
[2026-05-24 22:19:31] [INFO]   保存最佳模型，验证损失: 0.042443
[2026-05-24 22:19:31] [INFO] Epoch 174/200 | Train Loss: 0.057484 | Val Loss: 0.041859
[2026-05-24 22:19:31] [INFO]   保存最佳模型，验证损失: 0.041859
[2026-05-24 22:19:31] [INFO] Epoch 175/200 | Train Loss: 0.059602 | Val Loss: 0.041353
[2026-05-24 22:19:31] [INFO]   保存最佳模型，验证损失: 0.041353
[2026-05-24 22:19:31] [INFO] Epoch 176/200 | Train Loss: 0.054636 | Val Loss: 0.040866
[2026-05-24 22:19:31] [INFO]   保存最佳模型，验证损失: 0.040866
[2026-05-24 22:19:31] [INFO] Epoch 177/200 | Train Loss: 0.058037 | Val Loss: 0.040417
[2026-05-24 22:19:31] [INFO]   保存最佳模型，验证损失: 0.040417
[2026-05-24 22:19:31] [INFO] Epoch 178/200 | Train Loss: 0.055070 | Val Loss: 0.039977
[2026-05-24 22:19:31] [INFO]   保存最佳模型，验证损失: 0.039977
[2026-05-24 22:19:31] [INFO] Epoch 179/200 | Train Loss: 0.058457 | Val Loss: 0.039587
[2026-05-24 22:19:31] [INFO]   保存最佳模型，验证损失: 0.039587
[2026-05-24 22:19:31] [INFO] Epoch 180/200 | Train Loss: 0.056994 | Val Loss: 0.039221
[2026-05-24 22:19:31] [INFO]   保存最佳模型，验证损失: 0.039221
[2026-05-24 22:19:31] [INFO] Epoch 181/200 | Train Loss: 0.051296 | Val Loss: 0.038862
[2026-05-24 22:19:31] [INFO]   保存最佳模型，验证损失: 0.038862
[2026-05-24 22:19:31] [INFO] Epoch 182/200 | Train Loss: 0.054614 | Val Loss: 0.038442
[2026-05-24 22:19:31] [INFO]   保存最佳模型，验证损失: 0.038442
[2026-05-24 22:19:31] [INFO] Epoch 183/200 | Train Loss: 0.054031 | Val Loss: 0.038009
[2026-05-24 22:19:31] [INFO]   保存最佳模型，验证损失: 0.038009
[2026-05-24 22:19:31] [INFO] Epoch 184/200 | Train Loss: 0.049049 | Val Loss: 0.037608
[2026-05-24 22:19:31] [INFO]   保存最佳模型，验证损失: 0.037608
[2026-05-24 22:19:32] [INFO] Epoch 185/200 | Train Loss: 0.054380 | Val Loss: 0.037202
[2026-05-24 22:19:32] [INFO]   保存最佳模型，验证损失: 0.037202
[2026-05-24 22:19:32] [INFO] Epoch 186/200 | Train Loss: 0.046756 | Val Loss: 0.036820
[2026-05-24 22:19:32] [INFO]   保存最佳模型，验证损失: 0.036820
[2026-05-24 22:19:32] [INFO] Epoch 187/200 | Train Loss: 0.050679 | Val Loss: 0.036444
[2026-05-24 22:19:32] [INFO]   保存最佳模型，验证损失: 0.036444
[2026-05-24 22:19:32] [INFO] Epoch 188/200 | Train Loss: 0.051299 | Val Loss: 0.036018
[2026-05-24 22:19:32] [INFO]   保存最佳模型，验证损失: 0.036018
[2026-05-24 22:19:32] [INFO] Epoch 189/200 | Train Loss: 0.054367 | Val Loss: 0.035631
[2026-05-24 22:19:32] [INFO]   保存最佳模型，验证损失: 0.035631
[2026-05-24 22:19:32] [INFO] Epoch 190/200 | Train Loss: 0.051790 | Val Loss: 0.035240
[2026-05-24 22:19:32] [INFO]   保存最佳模型，验证损失: 0.035240
[2026-05-24 22:19:32] [INFO] Epoch 191/200 | Train Loss: 0.049936 | Val Loss: 0.034869
[2026-05-24 22:19:32] [INFO]   保存最佳模型，验证损失: 0.034869
[2026-05-24 22:19:32] [INFO] Epoch 192/200 | Train Loss: 0.051235 | Val Loss: 0.034478
[2026-05-24 22:19:32] [INFO]   保存最佳模型，验证损失: 0.034478
[2026-05-24 22:19:32] [INFO] Epoch 193/200 | Train Loss: 0.052554 | Val Loss: 0.034073
[2026-05-24 22:19:32] [INFO]   保存最佳模型，验证损失: 0.034073
[2026-05-24 22:19:32] [INFO] Epoch 194/200 | Train Loss: 0.050048 | Val Loss: 0.033689
[2026-05-24 22:19:32] [INFO]   保存最佳模型，验证损失: 0.033689
[2026-05-24 22:19:32] [INFO] Epoch 195/200 | Train Loss: 0.051433 | Val Loss: 0.033316
[2026-05-24 22:19:32] [INFO]   保存最佳模型，验证损失: 0.033316
[2026-05-24 22:19:32] [INFO] Epoch 196/200 | Train Loss: 0.051716 | Val Loss: 0.032931
[2026-05-24 22:19:33] [INFO]   保存最佳模型，验证损失: 0.032931
[2026-05-24 22:19:33] [INFO] Epoch 197/200 | Train Loss: 0.046166 | Val Loss: 0.032569
[2026-05-24 22:19:33] [INFO]   保存最佳模型，验证损失: 0.032569
[2026-05-24 22:19:33] [INFO] Epoch 198/200 | Train Loss: 0.050466 | Val Loss: 0.032153
[2026-05-24 22:19:33] [INFO]   保存最佳模型，验证损失: 0.032153
[2026-05-24 22:19:33] [INFO] Epoch 199/200 | Train Loss: 0.048971 | Val Loss: 0.031716
[2026-05-24 22:19:33] [INFO]   保存最佳模型，验证损失: 0.031716
[2026-05-24 22:19:33] [INFO] Epoch 200/200 | Train Loss: 0.048535 | Val Loss: 0.031276
[2026-05-24 22:19:33] [INFO]   保存最佳模型，验证损失: 0.031276
[2026-05-24 22:19:33] [INFO] 训练结束，最佳验证损失: 0.031276
[2026-05-24 22:19:34] [INFO] 开始验证集预测并生成对比图...
[2026-05-24 22:19:34] [INFO] 加载最佳模型（从checkpoint字典）: ./results/residual_lstm_20260524_2219\checkpoints\best_model.pth
[2026-05-24 22:19:34] [INFO] 加载归一化器用于反归一化
[2026-05-24 22:21:10] [INFO] Residual LSTM 训练开始 (残差预测)
[2026-05-24 22:21:17] [INFO] Device: cpu, Batch size: 256, Hist: 15, Pred: 10, Norm: True
[2026-05-24 22:21:17] [INFO] 加载 1 个文件...
[2026-05-24 22:21:17] [INFO] 已加载 0/1 文件
[2026-05-24 22:21:17] [INFO] 批量拟合完成 - 状态: (1359, 4), 控制: (1359, 2), 基础: (1359, 4), 差异: (1359, 4)
[2026-05-24 22:21:17] [INFO] 开始归一化train集样本...
[2026-05-24 22:21:17] [INFO] 归一化完成
[2026-05-24 22:21:17] [INFO] train数据集: 1个文件，84个样本
[2026-05-24 22:21:17] [INFO] 归一化器已保存到: ./results/residual_lstm_20260524_2221\checkpoints\scalers.pkl
[2026-05-24 22:21:17] [INFO] 总样本数: 84, 训练: 67, 验证: 17
[2026-05-24 22:21:17] [INFO] 开始训练...
[2026-05-24 22:21:17] [INFO] Epoch   1/200 | Train Loss: 0.232933 | Val Loss: 0.333675
[2026-05-24 22:21:17] [INFO]   保存最佳模型，验证损失: 0.333675
[2026-05-24 22:21:17] [INFO] Epoch   2/200 | Train Loss: 0.231239 | Val Loss: 0.332900
[2026-05-24 22:21:17] [INFO]   保存最佳模型，验证损失: 0.332900
[2026-05-24 22:21:18] [INFO] Epoch   3/200 | Train Loss: 0.233894 | Val Loss: 0.332128
[2026-05-24 22:21:18] [INFO]   保存最佳模型，验证损失: 0.332128
[2026-05-24 22:21:18] [INFO] Epoch   4/200 | Train Loss: 0.232574 | Val Loss: 0.331351
[2026-05-24 22:21:18] [INFO]   保存最佳模型，验证损失: 0.331351
[2026-05-24 22:21:18] [INFO] Epoch   5/200 | Train Loss: 0.231898 | Val Loss: 0.330572
[2026-05-24 22:21:18] [INFO]   保存最佳模型，验证损失: 0.330572
[2026-05-24 22:21:18] [INFO] Epoch   6/200 | Train Loss: 0.230480 | Val Loss: 0.329797
[2026-05-24 22:21:18] [INFO]   保存最佳模型，验证损失: 0.329797
[2026-05-24 22:21:18] [INFO] Epoch   7/200 | Train Loss: 0.231418 | Val Loss: 0.329020
[2026-05-24 22:21:18] [INFO]   保存最佳模型，验证损失: 0.329020
[2026-05-24 22:21:18] [INFO] Epoch   8/200 | Train Loss: 0.230604 | Val Loss: 0.328244
[2026-05-24 22:21:18] [INFO]   保存最佳模型，验证损失: 0.328244
[2026-05-24 22:21:18] [INFO] Epoch   9/200 | Train Loss: 0.232376 | Val Loss: 0.327469
[2026-05-24 22:21:18] [INFO]   保存最佳模型，验证损失: 0.327469
[2026-05-24 22:21:18] [INFO] Epoch  10/200 | Train Loss: 0.228366 | Val Loss: 0.326698
[2026-05-24 22:21:18] [INFO]   保存最佳模型，验证损失: 0.326698
[2026-05-24 22:21:18] [INFO] Epoch  11/200 | Train Loss: 0.229859 | Val Loss: 0.325927
[2026-05-24 22:21:18] [INFO]   保存最佳模型，验证损失: 0.325927
[2026-05-24 22:21:18] [INFO] Epoch  12/200 | Train Loss: 0.228177 | Val Loss: 0.325155
[2026-05-24 22:21:18] [INFO]   保存最佳模型，验证损失: 0.325155
[2026-05-24 22:21:18] [INFO] Epoch  13/200 | Train Loss: 0.228651 | Val Loss: 0.324380
[2026-05-24 22:21:18] [INFO]   保存最佳模型，验证损失: 0.324380
[2026-05-24 22:21:18] [INFO] Epoch  14/200 | Train Loss: 0.225899 | Val Loss: 0.323603
[2026-05-24 22:21:18] [INFO]   保存最佳模型，验证损失: 0.323603
[2026-05-24 22:21:18] [INFO] Epoch  15/200 | Train Loss: 0.226441 | Val Loss: 0.322823
[2026-05-24 22:21:18] [INFO]   保存最佳模型，验证损失: 0.322823
[2026-05-24 22:21:19] [INFO] Epoch  16/200 | Train Loss: 0.226359 | Val Loss: 0.322044
[2026-05-24 22:21:19] [INFO]   保存最佳模型，验证损失: 0.322044
[2026-05-24 22:21:19] [INFO] Epoch  17/200 | Train Loss: 0.225921 | Val Loss: 0.321273
[2026-05-24 22:21:19] [INFO]   保存最佳模型，验证损失: 0.321273
[2026-05-24 22:21:19] [INFO] Epoch  18/200 | Train Loss: 0.225888 | Val Loss: 0.320506
[2026-05-24 22:21:19] [INFO]   保存最佳模型，验证损失: 0.320506
[2026-05-24 22:21:19] [INFO] Epoch  19/200 | Train Loss: 0.223716 | Val Loss: 0.319743
[2026-05-24 22:21:19] [INFO]   保存最佳模型，验证损失: 0.319743
[2026-05-24 22:21:19] [INFO] Epoch  20/200 | Train Loss: 0.224473 | Val Loss: 0.318986
[2026-05-24 22:21:19] [INFO]   保存最佳模型，验证损失: 0.318986
[2026-05-24 22:21:19] [INFO] Epoch  21/200 | Train Loss: 0.223935 | Val Loss: 0.318233
[2026-05-24 22:21:19] [INFO]   保存最佳模型，验证损失: 0.318233
[2026-05-24 22:21:19] [INFO] Epoch  22/200 | Train Loss: 0.221420 | Val Loss: 0.317477
[2026-05-24 22:21:19] [INFO]   保存最佳模型，验证损失: 0.317477
[2026-05-24 22:21:19] [INFO] Epoch  23/200 | Train Loss: 0.221263 | Val Loss: 0.316721
[2026-05-24 22:21:19] [INFO]   保存最佳模型，验证损失: 0.316721
[2026-05-24 22:21:19] [INFO] Epoch  24/200 | Train Loss: 0.222043 | Val Loss: 0.315958
[2026-05-24 22:21:19] [INFO]   保存最佳模型，验证损失: 0.315958
[2026-05-24 22:21:19] [INFO] Epoch  25/200 | Train Loss: 0.221025 | Val Loss: 0.315194
[2026-05-24 22:21:19] [INFO]   保存最佳模型，验证损失: 0.315194
[2026-05-24 22:21:19] [INFO] Epoch  26/200 | Train Loss: 0.221028 | Val Loss: 0.314428
[2026-05-24 22:21:19] [INFO]   保存最佳模型，验证损失: 0.314428
[2026-05-24 22:21:19] [INFO] Epoch  27/200 | Train Loss: 0.221241 | Val Loss: 0.313666
[2026-05-24 22:21:19] [INFO]   保存最佳模型，验证损失: 0.313666
[2026-05-24 22:21:19] [INFO] Epoch  28/200 | Train Loss: 0.220133 | Val Loss: 0.312903
[2026-05-24 22:21:20] [INFO]   保存最佳模型，验证损失: 0.312903
[2026-05-24 22:21:20] [INFO] Epoch  29/200 | Train Loss: 0.221155 | Val Loss: 0.312133
[2026-05-24 22:21:20] [INFO]   保存最佳模型，验证损失: 0.312133
[2026-05-24 22:21:20] [INFO] Epoch  30/200 | Train Loss: 0.217844 | Val Loss: 0.311353
[2026-05-24 22:21:20] [INFO]   保存最佳模型，验证损失: 0.311353
[2026-05-24 22:21:20] [INFO] Epoch  31/200 | Train Loss: 0.216686 | Val Loss: 0.310568
[2026-05-24 22:21:20] [INFO]   保存最佳模型，验证损失: 0.310568
[2026-05-24 22:21:20] [INFO] Epoch  32/200 | Train Loss: 0.217119 | Val Loss: 0.309778
[2026-05-24 22:21:20] [INFO]   保存最佳模型，验证损失: 0.309778
[2026-05-24 22:21:20] [INFO] Epoch  33/200 | Train Loss: 0.218138 | Val Loss: 0.308992
[2026-05-24 22:21:20] [INFO]   保存最佳模型，验证损失: 0.308992
[2026-05-24 22:21:20] [INFO] Epoch  34/200 | Train Loss: 0.217756 | Val Loss: 0.308208
[2026-05-24 22:21:20] [INFO]   保存最佳模型，验证损失: 0.308208
[2026-05-24 22:21:20] [INFO] Epoch  35/200 | Train Loss: 0.218586 | Val Loss: 0.307425
[2026-05-24 22:21:20] [INFO]   保存最佳模型，验证损失: 0.307425
[2026-05-24 22:21:20] [INFO] Epoch  36/200 | Train Loss: 0.217382 | Val Loss: 0.306642
[2026-05-24 22:21:20] [INFO]   保存最佳模型，验证损失: 0.306642
[2026-05-24 22:21:20] [INFO] Epoch  37/200 | Train Loss: 0.215449 | Val Loss: 0.305850
[2026-05-24 22:21:20] [INFO]   保存最佳模型，验证损失: 0.305850
[2026-05-24 22:21:20] [INFO] Epoch  38/200 | Train Loss: 0.214794 | Val Loss: 0.305050
[2026-05-24 22:21:20] [INFO]   保存最佳模型，验证损失: 0.305050
[2026-05-24 22:21:21] [INFO] Epoch  39/200 | Train Loss: 0.212603 | Val Loss: 0.304243
[2026-05-24 22:21:21] [INFO]   保存最佳模型，验证损失: 0.304243
[2026-05-24 22:21:21] [INFO] Epoch  40/200 | Train Loss: 0.215156 | Val Loss: 0.303439
[2026-05-24 22:21:21] [INFO]   保存最佳模型，验证损失: 0.303439
[2026-05-24 22:21:21] [INFO] Epoch  41/200 | Train Loss: 0.211350 | Val Loss: 0.302628
[2026-05-24 22:21:21] [INFO]   保存最佳模型，验证损失: 0.302628
[2026-05-24 22:21:21] [INFO] Epoch  42/200 | Train Loss: 0.211545 | Val Loss: 0.301805
[2026-05-24 22:21:21] [INFO]   保存最佳模型，验证损失: 0.301805
[2026-05-24 22:21:21] [INFO] Epoch  43/200 | Train Loss: 0.213881 | Val Loss: 0.300979
[2026-05-24 22:21:21] [INFO]   保存最佳模型，验证损失: 0.300979
[2026-05-24 22:21:21] [INFO] Epoch  44/200 | Train Loss: 0.211278 | Val Loss: 0.300145
[2026-05-24 22:21:21] [INFO]   保存最佳模型，验证损失: 0.300145
[2026-05-24 22:21:21] [INFO] Epoch  45/200 | Train Loss: 0.211640 | Val Loss: 0.299305
[2026-05-24 22:21:21] [INFO]   保存最佳模型，验证损失: 0.299305
[2026-05-24 22:21:21] [INFO] Epoch  46/200 | Train Loss: 0.211271 | Val Loss: 0.298454
[2026-05-24 22:21:21] [INFO]   保存最佳模型，验证损失: 0.298454
[2026-05-24 22:21:21] [INFO] Epoch  47/200 | Train Loss: 0.209952 | Val Loss: 0.297591
[2026-05-24 22:21:21] [INFO]   保存最佳模型，验证损失: 0.297591
[2026-05-24 22:21:21] [INFO] Epoch  48/200 | Train Loss: 0.208825 | Val Loss: 0.296714
[2026-05-24 22:21:21] [INFO]   保存最佳模型，验证损失: 0.296714
[2026-05-24 22:21:21] [INFO] Epoch  49/200 | Train Loss: 0.208123 | Val Loss: 0.295825
[2026-05-24 22:21:21] [INFO]   保存最佳模型，验证损失: 0.295825
[2026-05-24 22:21:22] [INFO] Epoch  50/200 | Train Loss: 0.206734 | Val Loss: 0.294915
[2026-05-24 22:21:22] [INFO]   保存最佳模型，验证损失: 0.294915
[2026-05-24 22:21:22] [INFO] Epoch  51/200 | Train Loss: 0.208009 | Val Loss: 0.293993
[2026-05-24 22:21:22] [INFO]   保存最佳模型，验证损失: 0.293993
[2026-05-24 22:21:22] [INFO] Epoch  52/200 | Train Loss: 0.207889 | Val Loss: 0.293055
[2026-05-24 22:21:22] [INFO]   保存最佳模型，验证损失: 0.293055
[2026-05-24 22:21:22] [INFO] Epoch  53/200 | Train Loss: 0.205457 | Val Loss: 0.292102
[2026-05-24 22:21:22] [INFO]   保存最佳模型，验证损失: 0.292102
[2026-05-24 22:21:22] [INFO] Epoch  54/200 | Train Loss: 0.206035 | Val Loss: 0.291134
[2026-05-24 22:21:22] [INFO]   保存最佳模型，验证损失: 0.291134
[2026-05-24 22:21:22] [INFO] Epoch  55/200 | Train Loss: 0.203697 | Val Loss: 0.290154
[2026-05-24 22:21:22] [INFO]   保存最佳模型，验证损失: 0.290154
[2026-05-24 22:21:22] [INFO] Epoch  56/200 | Train Loss: 0.203604 | Val Loss: 0.289157
[2026-05-24 22:21:22] [INFO]   保存最佳模型，验证损失: 0.289157
[2026-05-24 22:21:22] [INFO] Epoch  57/200 | Train Loss: 0.202912 | Val Loss: 0.288141
[2026-05-24 22:21:22] [INFO]   保存最佳模型，验证损失: 0.288141
[2026-05-24 22:21:22] [INFO] Epoch  58/200 | Train Loss: 0.202876 | Val Loss: 0.287112
[2026-05-24 22:21:22] [INFO]   保存最佳模型，验证损失: 0.287112
[2026-05-24 22:21:22] [INFO] Epoch  59/200 | Train Loss: 0.202171 | Val Loss: 0.286071
[2026-05-24 22:21:22] [INFO]   保存最佳模型，验证损失: 0.286071
[2026-05-24 22:21:22] [INFO] Epoch  60/200 | Train Loss: 0.200552 | Val Loss: 0.285018
[2026-05-24 22:21:22] [INFO]   保存最佳模型，验证损失: 0.285018
[2026-05-24 22:21:22] [INFO] Epoch  61/200 | Train Loss: 0.201112 | Val Loss: 0.283945
[2026-05-24 22:21:22] [INFO]   保存最佳模型，验证损失: 0.283945
[2026-05-24 22:21:22] [INFO] Epoch  62/200 | Train Loss: 0.200225 | Val Loss: 0.282848
[2026-05-24 22:21:22] [INFO]   保存最佳模型，验证损失: 0.282848
[2026-05-24 22:21:22] [INFO] Epoch  63/200 | Train Loss: 0.201042 | Val Loss: 0.281737
[2026-05-24 22:21:22] [INFO]   保存最佳模型，验证损失: 0.281737
[2026-05-24 22:21:23] [INFO] Epoch  64/200 | Train Loss: 0.200603 | Val Loss: 0.280607
[2026-05-24 22:21:23] [INFO]   保存最佳模型，验证损失: 0.280607
[2026-05-24 22:21:23] [INFO] Epoch  65/200 | Train Loss: 0.198488 | Val Loss: 0.279463
[2026-05-24 22:21:23] [INFO]   保存最佳模型，验证损失: 0.279463
[2026-05-24 22:21:23] [INFO] Epoch  66/200 | Train Loss: 0.198913 | Val Loss: 0.278309
[2026-05-24 22:21:23] [INFO]   保存最佳模型，验证损失: 0.278309
[2026-05-24 22:21:23] [INFO] Epoch  67/200 | Train Loss: 0.195656 | Val Loss: 0.277135
[2026-05-24 22:21:23] [INFO]   保存最佳模型，验证损失: 0.277135
[2026-05-24 22:21:23] [INFO] Epoch  68/200 | Train Loss: 0.194596 | Val Loss: 0.275948
[2026-05-24 22:21:23] [INFO]   保存最佳模型，验证损失: 0.275948
[2026-05-24 22:21:23] [INFO] Epoch  69/200 | Train Loss: 0.196286 | Val Loss: 0.274746
[2026-05-24 22:21:23] [INFO]   保存最佳模型，验证损失: 0.274746
[2026-05-24 22:21:23] [INFO] Epoch  70/200 | Train Loss: 0.194758 | Val Loss: 0.273530
[2026-05-24 22:21:23] [INFO]   保存最佳模型，验证损失: 0.273530
[2026-05-24 22:21:23] [INFO] Epoch  71/200 | Train Loss: 0.191103 | Val Loss: 0.272293
[2026-05-24 22:21:23] [INFO]   保存最佳模型，验证损失: 0.272293
[2026-05-24 22:21:23] [INFO] Epoch  72/200 | Train Loss: 0.194734 | Val Loss: 0.271042
[2026-05-24 22:21:23] [INFO]   保存最佳模型，验证损失: 0.271042
[2026-05-24 22:21:23] [INFO] Epoch  73/200 | Train Loss: 0.192080 | Val Loss: 0.269779
[2026-05-24 22:21:23] [INFO]   保存最佳模型，验证损失: 0.269779
[2026-05-24 22:21:23] [INFO] Epoch  74/200 | Train Loss: 0.192211 | Val Loss: 0.268494
[2026-05-24 22:21:23] [INFO]   保存最佳模型，验证损失: 0.268494
[2026-05-24 22:21:23] [INFO] Epoch  75/200 | Train Loss: 0.191345 | Val Loss: 0.267193
[2026-05-24 22:21:23] [INFO]   保存最佳模型，验证损失: 0.267193
[2026-05-24 22:21:23] [INFO] Epoch  76/200 | Train Loss: 0.189756 | Val Loss: 0.265864
[2026-05-24 22:21:23] [INFO]   保存最佳模型，验证损失: 0.265864
[2026-05-24 22:21:23] [INFO] Epoch  77/200 | Train Loss: 0.186585 | Val Loss: 0.264510
[2026-05-24 22:21:23] [INFO]   保存最佳模型，验证损失: 0.264510
[2026-05-24 22:21:24] [INFO] Epoch  78/200 | Train Loss: 0.189730 | Val Loss: 0.263138
[2026-05-24 22:21:24] [INFO]   保存最佳模型，验证损失: 0.263138
[2026-05-24 22:21:24] [INFO] Epoch  79/200 | Train Loss: 0.188695 | Val Loss: 0.261744
[2026-05-24 22:21:24] [INFO]   保存最佳模型，验证损失: 0.261744
[2026-05-24 22:21:24] [INFO] Epoch  80/200 | Train Loss: 0.187009 | Val Loss: 0.260324
[2026-05-24 22:21:24] [INFO]   保存最佳模型，验证损失: 0.260324
[2026-05-24 22:21:24] [INFO] Epoch  81/200 | Train Loss: 0.185180 | Val Loss: 0.258871
[2026-05-24 22:21:24] [INFO]   保存最佳模型，验证损失: 0.258871
[2026-05-24 22:21:24] [INFO] Epoch  82/200 | Train Loss: 0.180773 | Val Loss: 0.257386
[2026-05-24 22:21:24] [INFO]   保存最佳模型，验证损失: 0.257386
[2026-05-24 22:21:24] [INFO] Epoch  83/200 | Train Loss: 0.181740 | Val Loss: 0.255873
[2026-05-24 22:21:24] [INFO]   保存最佳模型，验证损失: 0.255873
[2026-05-24 22:21:24] [INFO] Epoch  84/200 | Train Loss: 0.180918 | Val Loss: 0.254332
[2026-05-24 22:21:24] [INFO]   保存最佳模型，验证损失: 0.254332
[2026-05-24 22:21:24] [INFO] Epoch  85/200 | Train Loss: 0.179710 | Val Loss: 0.252756
[2026-05-24 22:21:24] [INFO]   保存最佳模型，验证损失: 0.252756
[2026-05-24 22:21:24] [INFO] Epoch  86/200 | Train Loss: 0.181022 | Val Loss: 0.251144
[2026-05-24 22:21:24] [INFO]   保存最佳模型，验证损失: 0.251144
[2026-05-24 22:21:24] [INFO] Epoch  87/200 | Train Loss: 0.180293 | Val Loss: 0.249495
[2026-05-24 22:21:24] [INFO]   保存最佳模型，验证损失: 0.249495
[2026-05-24 22:21:24] [INFO] Epoch  88/200 | Train Loss: 0.178446 | Val Loss: 0.247811
[2026-05-24 22:21:24] [INFO]   保存最佳模型，验证损失: 0.247811
[2026-05-24 22:21:24] [INFO] Epoch  89/200 | Train Loss: 0.177249 | Val Loss: 0.246092
[2026-05-24 22:21:24] [INFO]   保存最佳模型，验证损失: 0.246092
[2026-05-24 22:21:25] [INFO] Epoch  90/200 | Train Loss: 0.175203 | Val Loss: 0.244336
[2026-05-24 22:21:25] [INFO]   保存最佳模型，验证损失: 0.244336
[2026-05-24 22:21:25] [INFO] Epoch  91/200 | Train Loss: 0.176814 | Val Loss: 0.242550
[2026-05-24 22:21:25] [INFO]   保存最佳模型，验证损失: 0.242550
[2026-05-24 22:21:25] [INFO] Epoch  92/200 | Train Loss: 0.171848 | Val Loss: 0.240720
[2026-05-24 22:21:25] [INFO]   保存最佳模型，验证损失: 0.240720
[2026-05-24 22:21:25] [INFO] Epoch  93/200 | Train Loss: 0.172902 | Val Loss: 0.238854
[2026-05-24 22:21:25] [INFO]   保存最佳模型，验证损失: 0.238854
[2026-05-24 22:21:25] [INFO] Epoch  94/200 | Train Loss: 0.170688 | Val Loss: 0.236952
[2026-05-24 22:21:25] [INFO]   保存最佳模型，验证损失: 0.236952
[2026-05-24 22:21:25] [INFO] Epoch  95/200 | Train Loss: 0.169977 | Val Loss: 0.235016
[2026-05-24 22:21:25] [INFO]   保存最佳模型，验证损失: 0.235016
[2026-05-24 22:21:25] [INFO] Epoch  96/200 | Train Loss: 0.169098 | Val Loss: 0.233050
[2026-05-24 22:21:25] [INFO]   保存最佳模型，验证损失: 0.233050
[2026-05-24 22:21:25] [INFO] Epoch  97/200 | Train Loss: 0.167234 | Val Loss: 0.231038
[2026-05-24 22:21:25] [INFO]   保存最佳模型，验证损失: 0.231038
[2026-05-24 22:21:25] [INFO] Epoch  98/200 | Train Loss: 0.168414 | Val Loss: 0.228974
[2026-05-24 22:21:25] [INFO]   保存最佳模型，验证损失: 0.228974
[2026-05-24 22:21:25] [INFO] Epoch  99/200 | Train Loss: 0.166676 | Val Loss: 0.226864
[2026-05-24 22:21:25] [INFO]   保存最佳模型，验证损失: 0.226864
[2026-05-24 22:21:25] [INFO] Epoch 100/200 | Train Loss: 0.162227 | Val Loss: 0.224706
[2026-05-24 22:21:25] [INFO]   保存最佳模型，验证损失: 0.224706
[2026-05-24 22:21:25] [INFO] Epoch 101/200 | Train Loss: 0.162682 | Val Loss: 0.222505
[2026-05-24 22:21:26] [INFO]   保存最佳模型，验证损失: 0.222505
[2026-05-24 22:21:26] [INFO] Epoch 102/200 | Train Loss: 0.163716 | Val Loss: 0.220263
[2026-05-24 22:21:26] [INFO]   保存最佳模型，验证损失: 0.220263
[2026-05-24 22:21:26] [INFO] Epoch 103/200 | Train Loss: 0.163509 | Val Loss: 0.217982
[2026-05-24 22:21:26] [INFO]   保存最佳模型，验证损失: 0.217982
[2026-05-24 22:21:26] [INFO] Epoch 104/200 | Train Loss: 0.157250 | Val Loss: 0.215660
[2026-05-24 22:21:26] [INFO]   保存最佳模型，验证损失: 0.215660
[2026-05-24 22:21:26] [INFO] Epoch 105/200 | Train Loss: 0.160377 | Val Loss: 0.213295
[2026-05-24 22:21:26] [INFO]   保存最佳模型，验证损失: 0.213295
[2026-05-24 22:21:26] [INFO] Epoch 106/200 | Train Loss: 0.160619 | Val Loss: 0.210901
[2026-05-24 22:21:26] [INFO]   保存最佳模型，验证损失: 0.210901
[2026-05-24 22:21:26] [INFO] Epoch 107/200 | Train Loss: 0.157076 | Val Loss: 0.208454
[2026-05-24 22:21:26] [INFO]   保存最佳模型，验证损失: 0.208454
[2026-05-24 22:21:26] [INFO] Epoch 108/200 | Train Loss: 0.152893 | Val Loss: 0.205957
[2026-05-24 22:21:26] [INFO]   保存最佳模型，验证损失: 0.205957
[2026-05-24 22:21:26] [INFO] Epoch 109/200 | Train Loss: 0.150751 | Val Loss: 0.203376
[2026-05-24 22:21:26] [INFO]   保存最佳模型，验证损失: 0.203376
[2026-05-24 22:21:26] [INFO] Epoch 110/200 | Train Loss: 0.150863 | Val Loss: 0.200741
[2026-05-24 22:21:26] [INFO]   保存最佳模型，验证损失: 0.200741
[2026-05-24 22:21:26] [INFO] Epoch 111/200 | Train Loss: 0.149548 | Val Loss: 0.198047
[2026-05-24 22:21:26] [INFO]   保存最佳模型，验证损失: 0.198047
[2026-05-24 22:21:26] [INFO] Epoch 112/200 | Train Loss: 0.145821 | Val Loss: 0.195293
[2026-05-24 22:21:26] [INFO]   保存最佳模型，验证损失: 0.195293
[2026-05-24 22:21:26] [INFO] Epoch 113/200 | Train Loss: 0.147495 | Val Loss: 0.192487
[2026-05-24 22:21:26] [INFO]   保存最佳模型，验证损失: 0.192487
[2026-05-24 22:21:27] [INFO] Epoch 114/200 | Train Loss: 0.145314 | Val Loss: 0.189645
[2026-05-24 22:21:27] [INFO]   保存最佳模型，验证损失: 0.189645
[2026-05-24 22:21:27] [INFO] Epoch 115/200 | Train Loss: 0.140945 | Val Loss: 0.186752
[2026-05-24 22:21:27] [INFO]   保存最佳模型，验证损失: 0.186752
[2026-05-24 22:21:27] [INFO] Epoch 116/200 | Train Loss: 0.140001 | Val Loss: 0.183824
[2026-05-24 22:21:27] [INFO]   保存最佳模型，验证损失: 0.183824
[2026-05-24 22:21:27] [INFO] Epoch 117/200 | Train Loss: 0.138786 | Val Loss: 0.180869
[2026-05-24 22:21:27] [INFO]   保存最佳模型，验证损失: 0.180869
[2026-05-24 22:21:27] [INFO] Epoch 118/200 | Train Loss: 0.139349 | Val Loss: 0.177890
[2026-05-24 22:21:27] [INFO]   保存最佳模型，验证损失: 0.177890
[2026-05-24 22:21:27] [INFO] Epoch 119/200 | Train Loss: 0.133434 | Val Loss: 0.174867
[2026-05-24 22:21:27] [INFO]   保存最佳模型，验证损失: 0.174867
[2026-05-24 22:21:27] [INFO] Epoch 120/200 | Train Loss: 0.135930 | Val Loss: 0.171818
[2026-05-24 22:21:27] [INFO]   保存最佳模型，验证损失: 0.171818
[2026-05-24 22:21:27] [INFO] Epoch 121/200 | Train Loss: 0.127572 | Val Loss: 0.168725
[2026-05-24 22:21:27] [INFO]   保存最佳模型，验证损失: 0.168725
[2026-05-24 22:21:27] [INFO] Epoch 122/200 | Train Loss: 0.127315 | Val Loss: 0.165595
[2026-05-24 22:21:27] [INFO]   保存最佳模型，验证损失: 0.165595
[2026-05-24 22:21:27] [INFO] Epoch 123/200 | Train Loss: 0.133033 | Val Loss: 0.162435
[2026-05-24 22:21:27] [INFO]   保存最佳模型，验证损失: 0.162435
[2026-05-24 22:21:27] [INFO] Epoch 124/200 | Train Loss: 0.125201 | Val Loss: 0.159241
[2026-05-24 22:21:27] [INFO]   保存最佳模型，验证损失: 0.159241
[2026-05-24 22:21:28] [INFO] Epoch 125/200 | Train Loss: 0.123358 | Val Loss: 0.156012
[2026-05-24 22:21:28] [INFO]   保存最佳模型，验证损失: 0.156012
[2026-05-24 22:21:28] [INFO] Epoch 126/200 | Train Loss: 0.122455 | Val Loss: 0.152761
[2026-05-24 22:21:28] [INFO]   保存最佳模型，验证损失: 0.152761
[2026-05-24 22:21:28] [INFO] Epoch 127/200 | Train Loss: 0.121514 | Val Loss: 0.149495
[2026-05-24 22:21:28] [INFO]   保存最佳模型，验证损失: 0.149495
[2026-05-24 22:21:28] [INFO] Epoch 128/200 | Train Loss: 0.122515 | Val Loss: 0.146195
[2026-05-24 22:21:28] [INFO]   保存最佳模型，验证损失: 0.146195
[2026-05-24 22:21:28] [INFO] Epoch 129/200 | Train Loss: 0.120837 | Val Loss: 0.142872
[2026-05-24 22:21:28] [INFO]   保存最佳模型，验证损失: 0.142872
[2026-05-24 22:21:28] [INFO] Epoch 130/200 | Train Loss: 0.117576 | Val Loss: 0.139533
[2026-05-24 22:21:28] [INFO]   保存最佳模型，验证损失: 0.139533
[2026-05-24 22:21:28] [INFO] Epoch 131/200 | Train Loss: 0.118124 | Val Loss: 0.136199
[2026-05-24 22:21:28] [INFO]   保存最佳模型，验证损失: 0.136199
[2026-05-24 22:21:28] [INFO] Epoch 132/200 | Train Loss: 0.111316 | Val Loss: 0.132857
[2026-05-24 22:21:28] [INFO]   保存最佳模型，验证损失: 0.132857
[2026-05-24 22:21:28] [INFO] Epoch 133/200 | Train Loss: 0.110725 | Val Loss: 0.129502
[2026-05-24 22:21:28] [INFO]   保存最佳模型，验证损失: 0.129502
[2026-05-24 22:21:28] [INFO] Epoch 134/200 | Train Loss: 0.107116 | Val Loss: 0.126144
[2026-05-24 22:21:28] [INFO]   保存最佳模型，验证损失: 0.126144
[2026-05-24 22:21:28] [INFO] Epoch 135/200 | Train Loss: 0.107750 | Val Loss: 0.122804
[2026-05-24 22:21:28] [INFO]   保存最佳模型，验证损失: 0.122804
[2026-05-24 22:21:28] [INFO] Epoch 136/200 | Train Loss: 0.103392 | Val Loss: 0.119486
[2026-05-24 22:21:28] [INFO]   保存最佳模型，验证损失: 0.119486
[2026-05-24 22:21:29] [INFO] Epoch 137/200 | Train Loss: 0.105572 | Val Loss: 0.116190
[2026-05-24 22:21:29] [INFO]   保存最佳模型，验证损失: 0.116190
[2026-05-24 22:21:29] [INFO] Epoch 138/200 | Train Loss: 0.100869 | Val Loss: 0.112912
[2026-05-24 22:21:29] [INFO]   保存最佳模型，验证损失: 0.112912
[2026-05-24 22:21:29] [INFO] Epoch 139/200 | Train Loss: 0.101240 | Val Loss: 0.109651
[2026-05-24 22:21:29] [INFO]   保存最佳模型，验证损失: 0.109651
[2026-05-24 22:21:29] [INFO] Epoch 140/200 | Train Loss: 0.092962 | Val Loss: 0.106394
[2026-05-24 22:21:29] [INFO]   保存最佳模型，验证损失: 0.106394
[2026-05-24 22:21:29] [INFO] Epoch 141/200 | Train Loss: 0.094221 | Val Loss: 0.103187
[2026-05-24 22:21:29] [INFO]   保存最佳模型，验证损失: 0.103187
[2026-05-24 22:21:29] [INFO] Epoch 142/200 | Train Loss: 0.089591 | Val Loss: 0.100007
[2026-05-24 22:21:29] [INFO]   保存最佳模型，验证损失: 0.100007
[2026-05-24 22:21:29] [INFO] Epoch 143/200 | Train Loss: 0.086597 | Val Loss: 0.096864
[2026-05-24 22:21:29] [INFO]   保存最佳模型，验证损失: 0.096864
[2026-05-24 22:21:29] [INFO] Epoch 144/200 | Train Loss: 0.085422 | Val Loss: 0.093764
[2026-05-24 22:21:29] [INFO]   保存最佳模型，验证损失: 0.093764
[2026-05-24 22:21:29] [INFO] Epoch 145/200 | Train Loss: 0.090337 | Val Loss: 0.090724
[2026-05-24 22:21:29] [INFO]   保存最佳模型，验证损失: 0.090724
[2026-05-24 22:21:29] [INFO] Epoch 146/200 | Train Loss: 0.085627 | Val Loss: 0.087754
[2026-05-24 22:21:29] [INFO]   保存最佳模型，验证损失: 0.087754
[2026-05-24 22:21:29] [INFO] Epoch 147/200 | Train Loss: 0.094927 | Val Loss: 0.084880
[2026-05-24 22:21:29] [INFO]   保存最佳模型，验证损失: 0.084880
[2026-05-24 22:21:29] [INFO] Epoch 148/200 | Train Loss: 0.080490 | Val Loss: 0.082079
[2026-05-24 22:21:29] [INFO]   保存最佳模型，验证损失: 0.082079
[2026-05-24 22:21:30] [INFO] Epoch 149/200 | Train Loss: 0.080421 | Val Loss: 0.079356
[2026-05-24 22:21:30] [INFO]   保存最佳模型，验证损失: 0.079356
[2026-05-24 22:21:30] [INFO] Epoch 150/200 | Train Loss: 0.078844 | Val Loss: 0.076737
[2026-05-24 22:21:30] [INFO]   保存最佳模型，验证损失: 0.076737
[2026-05-24 22:21:30] [INFO] Epoch 151/200 | Train Loss: 0.077914 | Val Loss: 0.074228
[2026-05-24 22:21:30] [INFO]   保存最佳模型，验证损失: 0.074228
[2026-05-24 22:21:30] [INFO] Epoch 152/200 | Train Loss: 0.077297 | Val Loss: 0.071825
[2026-05-24 22:21:30] [INFO]   保存最佳模型，验证损失: 0.071825
[2026-05-24 22:21:30] [INFO] Epoch 153/200 | Train Loss: 0.069985 | Val Loss: 0.069524
[2026-05-24 22:21:30] [INFO]   保存最佳模型，验证损失: 0.069524
[2026-05-24 22:21:30] [INFO] Epoch 154/200 | Train Loss: 0.067320 | Val Loss: 0.067309
[2026-05-24 22:21:30] [INFO]   保存最佳模型，验证损失: 0.067309
[2026-05-24 22:21:30] [INFO] Epoch 155/200 | Train Loss: 0.074310 | Val Loss: 0.065188
[2026-05-24 22:21:30] [INFO]   保存最佳模型，验证损失: 0.065188
[2026-05-24 22:21:30] [INFO] Epoch 156/200 | Train Loss: 0.072777 | Val Loss: 0.063176
[2026-05-24 22:21:30] [INFO]   保存最佳模型，验证损失: 0.063176
[2026-05-24 22:21:30] [INFO] Epoch 157/200 | Train Loss: 0.075053 | Val Loss: 0.061258
[2026-05-24 22:21:30] [INFO]   保存最佳模型，验证损失: 0.061258
[2026-05-24 22:21:30] [INFO] Epoch 158/200 | Train Loss: 0.069849 | Val Loss: 0.059460
[2026-05-24 22:21:30] [INFO]   保存最佳模型，验证损失: 0.059460
[2026-05-24 22:21:30] [INFO] Epoch 159/200 | Train Loss: 0.068453 | Val Loss: 0.057720
[2026-05-24 22:21:30] [INFO]   保存最佳模型，验证损失: 0.057720
[2026-05-24 22:21:30] [INFO] Epoch 160/200 | Train Loss: 0.064721 | Val Loss: 0.056060
[2026-05-24 22:21:30] [INFO]   保存最佳模型，验证损失: 0.056060
[2026-05-24 22:21:31] [INFO] Epoch 161/200 | Train Loss: 0.067214 | Val Loss: 0.054501
[2026-05-24 22:21:31] [INFO]   保存最佳模型，验证损失: 0.054501
[2026-05-24 22:21:31] [INFO] Epoch 162/200 | Train Loss: 0.065918 | Val Loss: 0.053054
[2026-05-24 22:21:31] [INFO]   保存最佳模型，验证损失: 0.053054
[2026-05-24 22:21:31] [INFO] Epoch 163/200 | Train Loss: 0.067762 | Val Loss: 0.051686
[2026-05-24 22:21:31] [INFO]   保存最佳模型，验证损失: 0.051686
[2026-05-24 22:21:31] [INFO] Epoch 164/200 | Train Loss: 0.060618 | Val Loss: 0.050401
[2026-05-24 22:21:31] [INFO]   保存最佳模型，验证损失: 0.050401
[2026-05-24 22:21:31] [INFO] Epoch 165/200 | Train Loss: 0.066261 | Val Loss: 0.049249
[2026-05-24 22:21:31] [INFO]   保存最佳模型，验证损失: 0.049249
[2026-05-24 22:21:31] [INFO] Epoch 166/200 | Train Loss: 0.058945 | Val Loss: 0.048170
[2026-05-24 22:21:31] [INFO]   保存最佳模型，验证损失: 0.048170
[2026-05-24 22:21:31] [INFO] Epoch 167/200 | Train Loss: 0.063238 | Val Loss: 0.047178
[2026-05-24 22:21:31] [INFO]   保存最佳模型，验证损失: 0.047178
[2026-05-24 22:21:31] [INFO] Epoch 168/200 | Train Loss: 0.063708 | Val Loss: 0.046249
[2026-05-24 22:21:31] [INFO]   保存最佳模型，验证损失: 0.046249
[2026-05-24 22:21:31] [INFO] Epoch 169/200 | Train Loss: 0.066289 | Val Loss: 0.045429
[2026-05-24 22:21:31] [INFO]   保存最佳模型，验证损失: 0.045429
[2026-05-24 22:21:31] [INFO] Epoch 170/200 | Train Loss: 0.060369 | Val Loss: 0.044617
[2026-05-24 22:21:31] [INFO]   保存最佳模型，验证损失: 0.044617
[2026-05-24 22:21:31] [INFO] Epoch 171/200 | Train Loss: 0.063079 | Val Loss: 0.043835
[2026-05-24 22:21:31] [INFO]   保存最佳模型，验证损失: 0.043835
[2026-05-24 22:21:31] [INFO] Epoch 172/200 | Train Loss: 0.056704 | Val Loss: 0.043122
[2026-05-24 22:21:31] [INFO]   保存最佳模型，验证损失: 0.043122
[2026-05-24 22:21:31] [INFO] Epoch 173/200 | Train Loss: 0.057310 | Val Loss: 0.042443
[2026-05-24 22:21:31] [INFO]   保存最佳模型，验证损失: 0.042443
[2026-05-24 22:21:32] [INFO] Epoch 174/200 | Train Loss: 0.057484 | Val Loss: 0.041859
[2026-05-24 22:21:32] [INFO]   保存最佳模型，验证损失: 0.041859
[2026-05-24 22:21:32] [INFO] Epoch 175/200 | Train Loss: 0.059602 | Val Loss: 0.041353
[2026-05-24 22:21:32] [INFO]   保存最佳模型，验证损失: 0.041353
[2026-05-24 22:21:32] [INFO] Epoch 176/200 | Train Loss: 0.054636 | Val Loss: 0.040866
[2026-05-24 22:21:32] [INFO]   保存最佳模型，验证损失: 0.040866
[2026-05-24 22:21:32] [INFO] Epoch 177/200 | Train Loss: 0.058037 | Val Loss: 0.040417
[2026-05-24 22:21:32] [INFO]   保存最佳模型，验证损失: 0.040417
[2026-05-24 22:21:32] [INFO] Epoch 178/200 | Train Loss: 0.055070 | Val Loss: 0.039977
[2026-05-24 22:21:32] [INFO]   保存最佳模型，验证损失: 0.039977
[2026-05-24 22:21:32] [INFO] Epoch 179/200 | Train Loss: 0.058457 | Val Loss: 0.039587
[2026-05-24 22:21:32] [INFO]   保存最佳模型，验证损失: 0.039587
[2026-05-24 22:21:32] [INFO] Epoch 180/200 | Train Loss: 0.056994 | Val Loss: 0.039221
[2026-05-24 22:21:32] [INFO]   保存最佳模型，验证损失: 0.039221
[2026-05-24 22:21:32] [INFO] Epoch 181/200 | Train Loss: 0.051296 | Val Loss: 0.038862
[2026-05-24 22:21:32] [INFO]   保存最佳模型，验证损失: 0.038862
[2026-05-24 22:21:32] [INFO] Epoch 182/200 | Train Loss: 0.054614 | Val Loss: 0.038442
[2026-05-24 22:21:32] [INFO]   保存最佳模型，验证损失: 0.038442
[2026-05-24 22:21:32] [INFO] Epoch 183/200 | Train Loss: 0.054031 | Val Loss: 0.038009
[2026-05-24 22:21:32] [INFO]   保存最佳模型，验证损失: 0.038009
[2026-05-24 22:21:32] [INFO] Epoch 184/200 | Train Loss: 0.049049 | Val Loss: 0.037608
[2026-05-24 22:21:32] [INFO]   保存最佳模型，验证损失: 0.037608
[2026-05-24 22:21:32] [INFO] Epoch 185/200 | Train Loss: 0.054380 | Val Loss: 0.037202
[2026-05-24 22:21:32] [INFO]   保存最佳模型，验证损失: 0.037202
[2026-05-24 22:21:32] [INFO] Epoch 186/200 | Train Loss: 0.046756 | Val Loss: 0.036820
[2026-05-24 22:21:32] [INFO]   保存最佳模型，验证损失: 0.036820
[2026-05-24 22:21:33] [INFO] Epoch 187/200 | Train Loss: 0.050679 | Val Loss: 0.036444
[2026-05-24 22:21:33] [INFO]   保存最佳模型，验证损失: 0.036444
[2026-05-24 22:21:33] [INFO] Epoch 188/200 | Train Loss: 0.051299 | Val Loss: 0.036018
[2026-05-24 22:21:33] [INFO]   保存最佳模型，验证损失: 0.036018
[2026-05-24 22:21:33] [INFO] Epoch 189/200 | Train Loss: 0.054367 | Val Loss: 0.035631
[2026-05-24 22:21:33] [INFO]   保存最佳模型，验证损失: 0.035631
[2026-05-24 22:21:33] [INFO] Epoch 190/200 | Train Loss: 0.051790 | Val Loss: 0.035240
[2026-05-24 22:21:33] [INFO]   保存最佳模型，验证损失: 0.035240
[2026-05-24 22:21:33] [INFO] Epoch 191/200 | Train Loss: 0.049936 | Val Loss: 0.034869
[2026-05-24 22:21:33] [INFO]   保存最佳模型，验证损失: 0.034869
[2026-05-24 22:21:33] [INFO] Epoch 192/200 | Train Loss: 0.051235 | Val Loss: 0.034478
[2026-05-24 22:21:33] [INFO]   保存最佳模型，验证损失: 0.034478
[2026-05-24 22:21:33] [INFO] Epoch 193/200 | Train Loss: 0.052554 | Val Loss: 0.034073
[2026-05-24 22:21:33] [INFO]   保存最佳模型，验证损失: 0.034073
[2026-05-24 22:21:33] [INFO] Epoch 194/200 | Train Loss: 0.050048 | Val Loss: 0.033689
[2026-05-24 22:21:33] [INFO]   保存最佳模型，验证损失: 0.033689
[2026-05-24 22:21:33] [INFO] Epoch 195/200 | Train Loss: 0.051433 | Val Loss: 0.033316
[2026-05-24 22:21:33] [INFO]   保存最佳模型，验证损失: 0.033316
[2026-05-24 22:21:33] [INFO] Epoch 196/200 | Train Loss: 0.051716 | Val Loss: 0.032931
[2026-05-24 22:21:33] [INFO]   保存最佳模型，验证损失: 0.032931
[2026-05-24 22:21:33] [INFO] Epoch 197/200 | Train Loss: 0.046166 | Val Loss: 0.032569
[2026-05-24 22:21:33] [INFO]   保存最佳模型，验证损失: 0.032569
[2026-05-24 22:21:33] [INFO] Epoch 198/200 | Train Loss: 0.050466 | Val Loss: 0.032153
[2026-05-24 22:21:33] [INFO]   保存最佳模型，验证损失: 0.032153
[2026-05-24 22:21:34] [INFO] Epoch 199/200 | Train Loss: 0.048971 | Val Loss: 0.031716
[2026-05-24 22:21:34] [INFO]   保存最佳模型，验证损失: 0.031716
[2026-05-24 22:21:34] [INFO] Epoch 200/200 | Train Loss: 0.048535 | Val Loss: 0.031276
[2026-05-24 22:21:34] [INFO]   保存最佳模型，验证损失: 0.031276
[2026-05-24 22:21:34] [INFO] 训练结束，最佳验证损失: 0.031276
[2026-05-24 22:21:35] [INFO] 开始验证集预测并生成对比图...
[2026-05-24 22:21:35] [INFO] 加载最佳模型（从checkpoint字典）: ./results/residual_lstm_20260524_2221\checkpoints\best_model.pth
[2026-05-24 22:21:35] [INFO] 加载归一化器用于反归一化
[2026-05-24 23:06:39] [INFO] DyTR训练开始...
[2026-05-24 23:06:44] [INFO] === DyTR参数配置 ===
                	 using device: cpu
                	 batch_size: 256
                	 历史长度T: 15
                	 预测长度: 10
                	 cfg(车辆质量): 2273.9
                	 num epochs: 200
                	 learning rate: 0.0001
                	 weight decay: 0.001
                	 验证集比例: 0.2
                	 loss权重: [0.0, 1.0, 0.0, 0.0]
                	 early stop patience: 30
                	 early stop delta loss: 0.0001
                	 early stop step: 1
                	 normalize: True
                	 filter_flag: True
                	 === DyTR模型参数配置 ===
                	 state_names: ['v_lon', 'v_lat', 'yaw', 'v_yaw']
                	 control_names: ['accel', 'steering_angle']
                	 state_dim: 4
                	 control_dim: 2
                	 config_dim: 1
                	 feature_dim: 4
                	 layer_nums: 1
                	 pos_kind: sin
                	 dropout_rate: 0.5
                	 ========================
[2026-05-24 23:06:44] [ERROR] No pickle files found in E:\研究生学习\应用实践论文\DytrProject\Dataseteal_base_control
[2026-05-24 23:07:37] [INFO] DyTR训练开始...
[2026-05-24 23:07:42] [INFO] === DyTR参数配置 ===
                	 using device: cpu
                	 batch_size: 256
                	 历史长度T: 15
                	 预测长度: 10
                	 cfg(车辆质量): 2273.9
                	 num epochs: 200
                	 learning rate: 0.0001
                	 weight decay: 0.001
                	 验证集比例: 0.2
                	 loss权重: [0.0, 1.0, 0.0, 0.0]
                	 early stop patience: 30
                	 early stop delta loss: 0.0001
                	 early stop step: 1
                	 normalize: True
                	 filter_flag: True
                	 === DyTR模型参数配置 ===
                	 state_names: ['v_lon', 'v_lat', 'yaw', 'v_yaw']
                	 control_names: ['accel', 'steering_angle']
                	 state_dim: 4
                	 control_dim: 2
                	 config_dim: 1
                	 feature_dim: 4
                	 layer_nums: 1
                	 pos_kind: sin
                	 dropout_rate: 0.5
                	 ========================
[2026-05-24 23:07:42] [INFO] Found 25 pickle files in E:\研究生学习\应用实践论文\DytrProject\Dataset\real_base_control
[2026-05-24 23:07:42] [INFO] Using 20 files for training, 5 files for validation
[2026-05-24 23:07:42] [INFO] 创建训练数据集...
[2026-05-24 23:07:42] [INFO] 加载 20 个文件...
[2026-05-24 23:07:42] [INFO] 已加载 0/20 文件
[2026-05-24 23:07:42] [INFO] 批量拟合完成 - 状态: (29759, 4), 控制: (29759, 2), 基础: (29759, 4), 差异: (29759, 4)
[2026-05-24 23:07:42] [INFO] 开始归一化train集样本...
[2026-05-24 23:07:45] [INFO] 归一化完成
[2026-05-24 23:07:45] [INFO] train数据集: 20个文件，1839个样本
[2026-05-24 23:07:45] [INFO] 训练数据集归一化...
[2026-05-24 23:07:45] [INFO] 归一化器已保存到: /home/luban/dytr/giftdata/dytr_project/residual_model/aqresults/model_3_norm_True_num_epochs200_batch_size256_20260524_2307/checkpoints\scalers.pkl
[2026-05-24 23:07:45] [INFO] 创建验证数据集...
[2026-05-24 23:07:45] [INFO] 加载 5 个文件...
[2026-05-24 23:07:45] [INFO] 已加载 0/5 文件
[2026-05-24 23:07:45] [INFO] val集使用预训练归一化器
[2026-05-24 23:07:45] [INFO] 开始归一化val集样本...
[2026-05-24 23:07:45] [INFO] 归一化完成
[2026-05-24 23:07:45] [INFO] val数据集: 5个文件，468个样本
[2026-05-24 23:07:45] [INFO] 
 ===========================start trainning=================================
[2026-05-24 23:07:45] [INFO]  
[2026-05-24 23:07:45] [INFO] === Training epoch 1/200 ===
[2026-05-24 23:07:45] [INFO] [AR Status] Teacher Forcing Ratio: 0.00
[2026-05-24 23:07:45] [ERROR] Error in training epoch 1: ResidualLSTM.forward() got an unexpected keyword argument 's_next'
[2026-05-24 23:07:45] [INFO]  
[2026-05-24 23:07:45] [INFO] === Training epoch 2/200 ===
[2026-05-24 23:07:45] [INFO] [AR Status] Teacher Forcing Ratio: 0.00
[2026-05-24 23:07:45] [ERROR] Error in training epoch 2: ResidualLSTM.forward() got an unexpected keyword argument 's_next'
[2026-05-24 23:07:45] [INFO]  
[2026-05-24 23:07:45] [INFO] === Training epoch 3/200 ===
[2026-05-24 23:07:45] [INFO] [AR Status] Teacher Forcing Ratio: 0.00
[2026-05-24 23:07:45] [ERROR] Error in training epoch 3: ResidualLSTM.forward() got an unexpected keyword argument 's_next'
[2026-05-24 23:07:45] [INFO]  
[2026-05-24 23:07:45] [INFO] === Training epoch 4/200 ===
[2026-05-24 23:07:45] [INFO] [AR Status] Teacher Forcing Ratio: 0.00
[2026-05-24 23:07:45] [ERROR] Error in training epoch 4: ResidualLSTM.forward() got an unexpected keyword argument 's_next'
[2026-05-24 23:07:45] [INFO]  
[2026-05-24 23:07:45] [INFO] === Training epoch 5/200 ===
[2026-05-24 23:07:45] [INFO] [AR Status] Teacher Forcing Ratio: 0.00
[2026-05-24 23:07:45] [ERROR] Error in training epoch 5: ResidualLSTM.forward() got an unexpected keyword argument 's_next'
[2026-05-24 23:07:45] [INFO]  
[2026-05-24 23:07:45] [INFO] === Training epoch 6/200 ===
[2026-05-24 23:07:45] [INFO] [AR Status] Teacher Forcing Ratio: 0.00
[2026-05-24 23:07:46] [ERROR] Error in training epoch 6: ResidualLSTM.forward() got an unexpected keyword argument 's_next'
[2026-05-24 23:07:46] [INFO]  
[2026-05-24 23:07:46] [INFO] === Training epoch 7/200 ===
[2026-05-24 23:07:46] [INFO] [AR Status] Teacher Forcing Ratio: 0.00
[2026-05-24 23:07:46] [ERROR] Error in training epoch 7: ResidualLSTM.forward() got an unexpected keyword argument 's_next'
[2026-05-24 23:07:46] [INFO]  
[2026-05-24 23:07:46] [INFO] === Training epoch 8/200 ===
[2026-05-24 23:07:46] [INFO] [AR Status] Teacher Forcing Ratio: 0.00
[2026-05-24 23:07:46] [ERROR] Error in training epoch 8: ResidualLSTM.forward() got an unexpected keyword argument 's_next'
[2026-05-24 23:07:46] [INFO]  
[2026-05-24 23:07:46] [INFO] === Training epoch 9/200 ===
[2026-05-24 23:07:46] [INFO] [AR Status] Teacher Forcing Ratio: 0.00
[2026-05-24 23:07:46] [ERROR] Error in training epoch 9: ResidualLSTM.forward() got an unexpected keyword argument 's_next'
[2026-05-24 23:07:46] [INFO]  
[2026-05-24 23:07:46] [INFO] === Training epoch 10/200 ===
[2026-05-24 23:07:46] [INFO] [AR Status] Teacher Forcing Ratio: 0.00
[2026-05-24 23:07:46] [ERROR] Error in training epoch 10: ResidualLSTM.forward() got an unexpected keyword argument 's_next'
[2026-05-24 23:07:46] [INFO]  
[2026-05-24 23:07:46] [INFO] === Training epoch 11/200 ===
[2026-05-24 23:07:46] [INFO] [AR Status] Teacher Forcing Ratio: 0.00
[2026-05-24 23:07:46] [ERROR] Error in training epoch 11: ResidualLSTM.forward() got an unexpected keyword argument 's_next'
[2026-05-24 23:07:46] [INFO]  
[2026-05-24 23:07:46] [INFO] === Training epoch 12/200 ===
[2026-05-24 23:07:46] [INFO] [AR Status] Teacher Forcing Ratio: 0.00
[2026-05-24 23:07:46] [ERROR] Error in training epoch 12: ResidualLSTM.forward() got an unexpected keyword argument 's_next'
[2026-05-24 23:07:46] [INFO]  
[2026-05-24 23:07:46] [INFO] === Training epoch 13/200 ===
[2026-05-24 23:07:46] [INFO] [AR Status] Teacher Forcing Ratio: 0.00
[2026-05-24 23:07:46] [ERROR] Error in training epoch 13: ResidualLSTM.forward() got an unexpected keyword argument 's_next'
[2026-05-24 23:07:46] [INFO]  
[2026-05-24 23:07:46] [INFO] === Training epoch 14/200 ===
[2026-05-24 23:07:46] [INFO] [AR Status] Teacher Forcing Ratio: 0.00
[2026-05-24 23:07:46] [ERROR] Error in training epoch 14: ResidualLSTM.forward() got an unexpected keyword argument 's_next'
[2026-05-24 23:07:46] [INFO]  
[2026-05-24 23:07:46] [INFO] === Training epoch 15/200 ===
[2026-05-24 23:07:46] [INFO] [AR Status] Teacher Forcing Ratio: 0.00
[2026-05-24 23:07:46] [ERROR] Error in training epoch 15: ResidualLSTM.forward() got an unexpected keyword argument 's_next'
[2026-05-24 23:07:46] [INFO]  
[2026-05-24 23:07:46] [INFO] === Training epoch 16/200 ===
[2026-05-24 23:07:46] [INFO] [AR Status] Teacher Forcing Ratio: 0.00
[2026-05-24 23:07:46] [ERROR] Error in training epoch 16: ResidualLSTM.forward() got an unexpected keyword argument 's_next'
[2026-05-24 23:07:46] [INFO]  
[2026-05-24 23:07:46] [INFO] === Training epoch 17/200 ===
[2026-05-24 23:07:46] [INFO] [AR Status] Teacher Forcing Ratio: 0.00
[2026-05-24 23:07:46] [ERROR] Error in training epoch 17: ResidualLSTM.forward() got an unexpected keyword argument 's_next'
[2026-05-24 23:07:46] [INFO]  
[2026-05-24 23:07:46] [INFO] === Training epoch 18/200 ===
[2026-05-24 23:07:46] [INFO] [AR Status] Teacher Forcing Ratio: 0.00
[2026-05-24 23:07:46] [ERROR] Error in training epoch 18: ResidualLSTM.forward() got an unexpected keyword argument 's_next'
[2026-05-24 23:07:46] [INFO]  
[2026-05-24 23:07:46] [INFO] === Training epoch 19/200 ===
[2026-05-24 23:07:46] [INFO] [AR Status] Teacher Forcing Ratio: 0.00
[2026-05-24 23:07:46] [ERROR] Error in training epoch 19: ResidualLSTM.forward() got an unexpected keyword argument 's_next'
[2026-05-24 23:07:46] [INFO]  
[2026-05-24 23:07:46] [INFO] === Training epoch 20/200 ===
[2026-05-24 23:07:46] [INFO] [AR Status] Teacher Forcing Ratio: 0.00
[2026-05-24 23:07:46] [ERROR] Error in training epoch 20: ResidualLSTM.forward() got an unexpected keyword argument 's_next'
[2026-05-24 23:07:46] [INFO]  
[2026-05-24 23:07:46] [INFO] === Training epoch 21/200 ===
[2026-05-24 23:07:46] [INFO] [AR Status] Teacher Forcing Ratio: 0.00
[2026-05-24 23:07:46] [ERROR] Error in training epoch 21: ResidualLSTM.forward() got an unexpected keyword argument 's_next'
[2026-05-24 23:07:46] [INFO]  
[2026-05-24 23:07:46] [INFO] === Training epoch 22/200 ===
[2026-05-24 23:07:46] [INFO] [AR Status] Teacher Forcing Ratio: 0.00
[2026-05-24 23:07:46] [ERROR] Error in training epoch 22: ResidualLSTM.forward() got an unexpected keyword argument 's_next'
[2026-05-24 23:07:46] [INFO]  
[2026-05-24 23:07:46] [INFO] === Training epoch 23/200 ===
[2026-05-24 23:07:46] [INFO] [AR Status] Teacher Forcing Ratio: 0.00
[2026-05-24 23:07:46] [ERROR] Error in training epoch 23: ResidualLSTM.forward() got an unexpected keyword argument 's_next'
[2026-05-24 23:07:46] [INFO]  
[2026-05-24 23:07:46] [INFO] === Training epoch 24/200 ===
[2026-05-24 23:07:46] [INFO] [AR Status] Teacher Forcing Ratio: 0.00
[2026-05-24 23:07:47] [ERROR] Error in training epoch 24: ResidualLSTM.forward() got an unexpected keyword argument 's_next'
[2026-05-24 23:07:47] [INFO]  
[2026-05-24 23:07:47] [INFO] === Training epoch 25/200 ===
[2026-05-24 23:07:47] [INFO] [AR Status] Teacher Forcing Ratio: 0.00
[2026-05-24 23:07:47] [ERROR] Error in training epoch 25: ResidualLSTM.forward() got an unexpected keyword argument 's_next'
[2026-05-24 23:07:47] [INFO]  
[2026-05-24 23:07:47] [INFO] === Training epoch 26/200 ===
[2026-05-24 23:07:47] [INFO] [AR Status] Teacher Forcing Ratio: 0.00
[2026-05-24 23:07:47] [ERROR] Error in training epoch 26: ResidualLSTM.forward() got an unexpected keyword argument 's_next'
[2026-05-24 23:07:47] [INFO]  
[2026-05-24 23:07:47] [INFO] === Training epoch 27/200 ===
[2026-05-24 23:07:47] [INFO] [AR Status] Teacher Forcing Ratio: 0.00
[2026-05-24 23:07:47] [ERROR] Error in training epoch 27: ResidualLSTM.forward() got an unexpected keyword argument 's_next'
[2026-05-24 23:07:47] [INFO]  
[2026-05-24 23:07:47] [INFO] === Training epoch 28/200 ===
[2026-05-24 23:07:47] [INFO] [AR Status] Teacher Forcing Ratio: 0.00
[2026-05-24 23:07:47] [ERROR] Error in training epoch 28: ResidualLSTM.forward() got an unexpected keyword argument 's_next'
[2026-05-24 23:07:47] [INFO]  
[2026-05-24 23:07:47] [INFO] === Training epoch 29/200 ===
[2026-05-24 23:07:47] [INFO] [AR Status] Teacher Forcing Ratio: 0.00
[2026-05-24 23:07:47] [ERROR] Error in training epoch 29: ResidualLSTM.forward() got an unexpected keyword argument 's_next'
[2026-05-24 23:07:47] [INFO]  
[2026-05-24 23:07:47] [INFO] === Training epoch 30/200 ===
[2026-05-24 23:07:47] [INFO] [AR Status] Teacher Forcing Ratio: 0.00
[2026-05-24 23:07:47] [ERROR] Error in training epoch 30: ResidualLSTM.forward() got an unexpected keyword argument 's_next'
[2026-05-24 23:07:47] [INFO]  
[2026-05-24 23:07:47] [INFO] === Training epoch 31/200 ===
[2026-05-24 23:07:47] [INFO] [AR Status] Teacher Forcing Ratio: 0.00
[2026-05-24 23:07:47] [ERROR] Error in training epoch 31: ResidualLSTM.forward() got an unexpected keyword argument 's_next'
[2026-05-24 23:07:47] [INFO]  
[2026-05-24 23:07:47] [INFO] === Training epoch 32/200 ===
[2026-05-24 23:07:47] [INFO] [AR Status] Teacher Forcing Ratio: 0.00
[2026-05-24 23:07:47] [ERROR] Error in training epoch 32: ResidualLSTM.forward() got an unexpected keyword argument 's_next'
[2026-05-24 23:07:47] [INFO]  
[2026-05-24 23:07:47] [INFO] === Training epoch 33/200 ===
[2026-05-24 23:07:47] [INFO] [AR Status] Teacher Forcing Ratio: 0.00
[2026-05-24 23:07:47] [ERROR] Error in training epoch 33: ResidualLSTM.forward() got an unexpected keyword argument 's_next'
[2026-05-24 23:07:47] [INFO]  
[2026-05-24 23:07:47] [INFO] === Training epoch 34/200 ===
[2026-05-24 23:07:47] [INFO] [AR Status] Teacher Forcing Ratio: 0.00
[2026-05-24 23:07:47] [ERROR] Error in training epoch 34: ResidualLSTM.forward() got an unexpected keyword argument 's_next'
[2026-05-24 23:07:47] [INFO]  
[2026-05-24 23:07:47] [INFO] === Training epoch 35/200 ===
[2026-05-24 23:07:47] [INFO] [AR Status] Teacher Forcing Ratio: 0.00
[2026-05-24 23:07:47] [ERROR] Error in training epoch 35: ResidualLSTM.forward() got an unexpected keyword argument 's_next'
[2026-05-24 23:07:47] [INFO]  
[2026-05-24 23:07:47] [INFO] === Training epoch 36/200 ===
[2026-05-24 23:07:47] [INFO] [AR Status] Teacher Forcing Ratio: 0.00
[2026-05-24 23:07:47] [ERROR] Error in training epoch 36: ResidualLSTM.forward() got an unexpected keyword argument 's_next'
[2026-05-24 23:07:47] [INFO]  
[2026-05-24 23:07:47] [INFO] === Training epoch 37/200 ===
[2026-05-24 23:07:47] [INFO] [AR Status] Teacher Forcing Ratio: 0.00
[2026-05-24 23:07:47] [ERROR] Error in training epoch 37: ResidualLSTM.forward() got an unexpected keyword argument 's_next'
[2026-05-24 23:07:47] [INFO]  
[2026-05-24 23:07:47] [INFO] === Training epoch 38/200 ===
[2026-05-24 23:07:47] [INFO] [AR Status] Teacher Forcing Ratio: 0.00
[2026-05-24 23:07:47] [ERROR] Error in training epoch 38: ResidualLSTM.forward() got an unexpected keyword argument 's_next'
[2026-05-24 23:07:47] [INFO]  
[2026-05-24 23:07:47] [INFO] === Training epoch 39/200 ===
[2026-05-24 23:07:47] [INFO] [AR Status] Teacher Forcing Ratio: 0.00
[2026-05-24 23:07:47] [ERROR] Error in training epoch 39: ResidualLSTM.forward() got an unexpected keyword argument 's_next'
[2026-05-24 23:07:47] [INFO]  
[2026-05-24 23:07:47] [INFO] === Training epoch 40/200 ===
[2026-05-24 23:07:47] [INFO] [AR Status] Teacher Forcing Ratio: 0.00
[2026-05-24 23:07:47] [ERROR] Error in training epoch 40: ResidualLSTM.forward() got an unexpected keyword argument 's_next'
[2026-05-24 23:07:47] [INFO]  
[2026-05-24 23:07:47] [INFO] === Training epoch 41/200 ===
[2026-05-24 23:07:47] [INFO] [AR Status] Teacher Forcing Ratio: 0.00
[2026-05-24 23:07:47] [ERROR] Error in training epoch 41: ResidualLSTM.forward() got an unexpected keyword argument 's_next'
[2026-05-24 23:07:47] [INFO]  
[2026-05-24 23:07:47] [INFO] === Training epoch 42/200 ===
[2026-05-24 23:07:47] [INFO] [AR Status] Teacher Forcing Ratio: 0.00
[2026-05-24 23:07:48] [ERROR] Error in training epoch 42: ResidualLSTM.forward() got an unexpected keyword argument 's_next'
[2026-05-24 23:07:48] [INFO]  
[2026-05-24 23:07:48] [INFO] === Training epoch 43/200 ===
[2026-05-24 23:07:48] [INFO] [AR Status] Teacher Forcing Ratio: 0.00
[2026-05-24 23:07:48] [ERROR] Error in training epoch 43: ResidualLSTM.forward() got an unexpected keyword argument 's_next'
[2026-05-24 23:07:48] [INFO]  
[2026-05-24 23:07:48] [INFO] === Training epoch 44/200 ===
[2026-05-24 23:07:48] [INFO] [AR Status] Teacher Forcing Ratio: 0.00
[2026-05-24 23:07:48] [ERROR] Error in training epoch 44: ResidualLSTM.forward() got an unexpected keyword argument 's_next'
[2026-05-24 23:07:48] [INFO]  
[2026-05-24 23:07:48] [INFO] === Training epoch 45/200 ===
[2026-05-24 23:07:48] [INFO] [AR Status] Teacher Forcing Ratio: 0.00
[2026-05-24 23:07:48] [ERROR] Error in training epoch 45: ResidualLSTM.forward() got an unexpected keyword argument 's_next'
[2026-05-24 23:07:48] [INFO]  
[2026-05-24 23:07:48] [INFO] === Training epoch 46/200 ===
[2026-05-24 23:07:48] [INFO] [AR Status] Teacher Forcing Ratio: 0.00
[2026-05-24 23:07:48] [ERROR] Error in training epoch 46: ResidualLSTM.forward() got an unexpected keyword argument 's_next'
[2026-05-24 23:07:48] [INFO]  
[2026-05-24 23:07:48] [INFO] === Training epoch 47/200 ===
[2026-05-24 23:07:48] [INFO] [AR Status] Teacher Forcing Ratio: 0.00
[2026-05-24 23:07:48] [ERROR] Error in training epoch 47: ResidualLSTM.forward() got an unexpected keyword argument 's_next'
[2026-05-24 23:07:48] [INFO]  
[2026-05-24 23:07:48] [INFO] === Training epoch 48/200 ===
[2026-05-24 23:07:48] [INFO] [AR Status] Teacher Forcing Ratio: 0.00
[2026-05-24 23:07:48] [ERROR] Error in training epoch 48: ResidualLSTM.forward() got an unexpected keyword argument 's_next'
[2026-05-24 23:07:48] [INFO]  
[2026-05-24 23:07:48] [INFO] === Training epoch 49/200 ===
[2026-05-24 23:07:48] [INFO] [AR Status] Teacher Forcing Ratio: 0.00
[2026-05-24 23:07:48] [ERROR] Error in training epoch 49: ResidualLSTM.forward() got an unexpected keyword argument 's_next'
[2026-05-24 23:07:48] [INFO]  
[2026-05-24 23:07:48] [INFO] === Training epoch 50/200 ===
[2026-05-24 23:07:48] [INFO] [AR Status] Teacher Forcing Ratio: 0.00
[2026-05-24 23:07:48] [ERROR] Error in training epoch 50: ResidualLSTM.forward() got an unexpected keyword argument 's_next'
[2026-05-24 23:07:48] [INFO]  
[2026-05-24 23:07:48] [INFO] === Training epoch 51/200 ===
[2026-05-24 23:07:48] [INFO] [AR Status] Teacher Forcing Ratio: 0.00
[2026-05-24 23:07:48] [ERROR] Error in training epoch 51: ResidualLSTM.forward() got an unexpected keyword argument 's_next'
[2026-05-24 23:07:48] [INFO]  
[2026-05-24 23:07:48] [INFO] === Training epoch 52/200 ===
[2026-05-24 23:07:48] [INFO] [AR Status] Teacher Forcing Ratio: 0.00
[2026-05-24 23:07:48] [ERROR] Error in training epoch 52: ResidualLSTM.forward() got an unexpected keyword argument 's_next'
[2026-05-24 23:07:48] [INFO]  
[2026-05-24 23:07:48] [INFO] === Training epoch 53/200 ===
[2026-05-24 23:07:48] [INFO] [AR Status] Teacher Forcing Ratio: 0.00
[2026-05-24 23:07:48] [ERROR] Error in training epoch 53: ResidualLSTM.forward() got an unexpected keyword argument 's_next'
[2026-05-24 23:07:48] [INFO]  
[2026-05-24 23:07:48] [INFO] === Training epoch 54/200 ===
[2026-05-24 23:07:48] [INFO] [AR Status] Teacher Forcing Ratio: 0.00
[2026-05-24 23:07:48] [ERROR] Error in training epoch 54: ResidualLSTM.forward() got an unexpected keyword argument 's_next'
[2026-05-24 23:07:48] [INFO]  
[2026-05-24 23:07:48] [INFO] === Training epoch 55/200 ===
[2026-05-24 23:07:48] [INFO] [AR Status] Teacher Forcing Ratio: 0.00
[2026-05-24 23:07:48] [ERROR] Error in training epoch 55: ResidualLSTM.forward() got an unexpected keyword argument 's_next'
[2026-05-24 23:07:48] [INFO]  
[2026-05-24 23:07:48] [INFO] === Training epoch 56/200 ===
[2026-05-24 23:07:48] [INFO] [AR Status] Teacher Forcing Ratio: 0.00
[2026-05-24 23:07:48] [ERROR] Error in training epoch 56: ResidualLSTM.forward() got an unexpected keyword argument 's_next'
[2026-05-24 23:07:48] [INFO]  
[2026-05-24 23:07:48] [INFO] === Training epoch 57/200 ===
[2026-05-24 23:07:48] [INFO] [AR Status] Teacher Forcing Ratio: 0.00
[2026-05-24 23:07:48] [ERROR] Error in training epoch 57: ResidualLSTM.forward() got an unexpected keyword argument 's_next'
[2026-05-24 23:07:48] [INFO]  
[2026-05-24 23:07:48] [INFO] === Training epoch 58/200 ===
[2026-05-24 23:07:48] [INFO] [AR Status] Teacher Forcing Ratio: 0.00
[2026-05-24 23:07:48] [ERROR] Error in training epoch 58: ResidualLSTM.forward() got an unexpected keyword argument 's_next'
[2026-05-24 23:07:48] [INFO]  
[2026-05-24 23:07:48] [INFO] === Training epoch 59/200 ===
[2026-05-24 23:07:48] [INFO] [AR Status] Teacher Forcing Ratio: 0.00
[2026-05-24 23:07:48] [ERROR] Error in training epoch 59: ResidualLSTM.forward() got an unexpected keyword argument 's_next'
[2026-05-24 23:07:48] [INFO]  
[2026-05-24 23:07:48] [INFO] === Training epoch 60/200 ===
[2026-05-24 23:07:48] [INFO] [AR Status] Teacher Forcing Ratio: 0.00
[2026-05-24 23:07:48] [ERROR] Error in training epoch 60: ResidualLSTM.forward() got an unexpected keyword argument 's_next'
[2026-05-24 23:07:48] [INFO]  
[2026-05-24 23:07:49] [INFO] === Training epoch 61/200 ===
[2026-05-24 23:07:49] [INFO] [AR Status] Teacher Forcing Ratio: 0.00
[2026-05-24 23:07:49] [ERROR] Error in training epoch 61: ResidualLSTM.forward() got an unexpected keyword argument 's_next'
[2026-05-24 23:07:49] [INFO]  
[2026-05-24 23:07:49] [INFO] === Training epoch 62/200 ===
[2026-05-24 23:07:49] [INFO] [AR Status] Teacher Forcing Ratio: 0.00
[2026-05-24 23:07:49] [ERROR] Error in training epoch 62: ResidualLSTM.forward() got an unexpected keyword argument 's_next'
[2026-05-24 23:07:49] [INFO]  
[2026-05-24 23:07:49] [INFO] === Training epoch 63/200 ===
[2026-05-24 23:07:49] [INFO] [AR Status] Teacher Forcing Ratio: 0.00
[2026-05-24 23:07:49] [ERROR] Error in training epoch 63: ResidualLSTM.forward() got an unexpected keyword argument 's_next'
[2026-05-24 23:07:49] [INFO]  
[2026-05-24 23:07:49] [INFO] === Training epoch 64/200 ===
[2026-05-24 23:07:49] [INFO] [AR Status] Teacher Forcing Ratio: 0.00
[2026-05-24 23:07:49] [ERROR] Error in training epoch 64: ResidualLSTM.forward() got an unexpected keyword argument 's_next'
[2026-05-24 23:07:49] [INFO]  
[2026-05-24 23:07:49] [INFO] === Training epoch 65/200 ===
[2026-05-24 23:07:49] [INFO] [AR Status] Teacher Forcing Ratio: 0.00
[2026-05-24 23:07:49] [ERROR] Error in training epoch 65: ResidualLSTM.forward() got an unexpected keyword argument 's_next'
[2026-05-24 23:07:49] [INFO]  
[2026-05-24 23:07:49] [INFO] === Training epoch 66/200 ===
[2026-05-24 23:07:49] [INFO] [AR Status] Teacher Forcing Ratio: 0.00
[2026-05-24 23:07:49] [ERROR] Error in training epoch 66: ResidualLSTM.forward() got an unexpected keyword argument 's_next'
[2026-05-24 23:07:49] [INFO]  
[2026-05-24 23:07:49] [INFO] === Training epoch 67/200 ===
[2026-05-24 23:07:49] [INFO] [AR Status] Teacher Forcing Ratio: 0.00
[2026-05-24 23:07:49] [ERROR] Error in training epoch 67: ResidualLSTM.forward() got an unexpected keyword argument 's_next'
[2026-05-24 23:07:49] [INFO]  
[2026-05-24 23:07:49] [INFO] === Training epoch 68/200 ===
[2026-05-24 23:07:49] [INFO] [AR Status] Teacher Forcing Ratio: 0.00
[2026-05-24 23:07:49] [ERROR] Error in training epoch 68: ResidualLSTM.forward() got an unexpected keyword argument 's_next'
[2026-05-24 23:07:49] [INFO]  
[2026-05-24 23:07:49] [INFO] === Training epoch 69/200 ===
[2026-05-24 23:07:49] [INFO] [AR Status] Teacher Forcing Ratio: 0.00
[2026-05-24 23:07:49] [ERROR] Error in training epoch 69: ResidualLSTM.forward() got an unexpected keyword argument 's_next'
[2026-05-24 23:07:49] [INFO]  
[2026-05-24 23:07:49] [INFO] === Training epoch 70/200 ===
[2026-05-24 23:07:49] [INFO] [AR Status] Teacher Forcing Ratio: 0.00
[2026-05-24 23:07:49] [ERROR] Error in training epoch 70: ResidualLSTM.forward() got an unexpected keyword argument 's_next'
[2026-05-24 23:07:49] [INFO]  
[2026-05-24 23:07:49] [INFO] === Training epoch 71/200 ===
[2026-05-24 23:07:49] [INFO] [AR Status] Teacher Forcing Ratio: 0.00
[2026-05-24 23:07:49] [ERROR] Error in training epoch 71: ResidualLSTM.forward() got an unexpected keyword argument 's_next'
[2026-05-24 23:07:49] [INFO]  
[2026-05-24 23:07:49] [INFO] === Training epoch 72/200 ===
[2026-05-24 23:07:49] [INFO] [AR Status] Teacher Forcing Ratio: 0.00
[2026-05-24 23:07:49] [ERROR] Error in training epoch 72: ResidualLSTM.forward() got an unexpected keyword argument 's_next'
[2026-05-24 23:07:49] [INFO]  
[2026-05-24 23:07:49] [INFO] === Training epoch 73/200 ===
[2026-05-24 23:07:49] [INFO] [AR Status] Teacher Forcing Ratio: 0.00
[2026-05-24 23:07:49] [ERROR] Error in training epoch 73: ResidualLSTM.forward() got an unexpected keyword argument 's_next'
[2026-05-24 23:07:49] [INFO]  
[2026-05-24 23:07:49] [INFO] === Training epoch 74/200 ===
[2026-05-24 23:07:49] [INFO] [AR Status] Teacher Forcing Ratio: 0.00
[2026-05-24 23:07:49] [ERROR] Error in training epoch 74: ResidualLSTM.forward() got an unexpected keyword argument 's_next'
[2026-05-24 23:07:49] [INFO]  
[2026-05-24 23:07:49] [INFO] === Training epoch 75/200 ===
[2026-05-24 23:07:49] [INFO] [AR Status] Teacher Forcing Ratio: 0.00
[2026-05-24 23:07:49] [ERROR] Error in training epoch 75: ResidualLSTM.forward() got an unexpected keyword argument 's_next'
[2026-05-24 23:07:49] [INFO]  
[2026-05-24 23:07:49] [INFO] === Training epoch 76/200 ===
[2026-05-24 23:07:49] [INFO] [AR Status] Teacher Forcing Ratio: 0.00
[2026-05-24 23:07:49] [ERROR] Error in training epoch 76: ResidualLSTM.forward() got an unexpected keyword argument 's_next'
[2026-05-24 23:07:49] [INFO]  
[2026-05-24 23:07:49] [INFO] === Training epoch 77/200 ===
[2026-05-24 23:07:49] [INFO] [AR Status] Teacher Forcing Ratio: 0.00
[2026-05-24 23:07:49] [ERROR] Error in training epoch 77: ResidualLSTM.forward() got an unexpected keyword argument 's_next'
[2026-05-24 23:07:49] [INFO]  
[2026-05-24 23:07:49] [INFO] === Training epoch 78/200 ===
[2026-05-24 23:07:49] [INFO] [AR Status] Teacher Forcing Ratio: 0.00
[2026-05-24 23:07:49] [ERROR] Error in training epoch 78: ResidualLSTM.forward() got an unexpected keyword argument 's_next'
[2026-05-24 23:07:49] [INFO]  
[2026-05-24 23:07:49] [INFO] === Training epoch 79/200 ===
[2026-05-24 23:07:49] [INFO] [AR Status] Teacher Forcing Ratio: 0.00
[2026-05-24 23:07:50] [ERROR] Error in training epoch 79: ResidualLSTM.forward() got an unexpected keyword argument 's_next'
[2026-05-24 23:07:50] [INFO]  
[2026-05-24 23:07:50] [INFO] === Training epoch 80/200 ===
[2026-05-24 23:07:50] [INFO] [AR Status] Teacher Forcing Ratio: 0.00
[2026-05-24 23:07:50] [ERROR] Error in training epoch 80: ResidualLSTM.forward() got an unexpected keyword argument 's_next'
[2026-05-24 23:07:50] [INFO]  
[2026-05-24 23:07:50] [INFO] === Training epoch 81/200 ===
[2026-05-24 23:07:50] [INFO] [AR Status] Teacher Forcing Ratio: 0.00
[2026-05-24 23:07:50] [ERROR] Error in training epoch 81: ResidualLSTM.forward() got an unexpected keyword argument 's_next'
[2026-05-24 23:07:50] [INFO]  
[2026-05-24 23:07:50] [INFO] === Training epoch 82/200 ===
[2026-05-24 23:07:50] [INFO] [AR Status] Teacher Forcing Ratio: 0.00
[2026-05-24 23:07:50] [ERROR] Error in training epoch 82: ResidualLSTM.forward() got an unexpected keyword argument 's_next'
[2026-05-24 23:09:36] [INFO] DyTR训练开始...
[2026-05-24 23:09:44] [INFO] === DyTR参数配置 ===
                	 using device: cpu
                	 batch_size: 256
                	 历史长度T: 15
                	 预测长度: 10
                	 cfg(车辆质量): 2273.9
                	 num epochs: 200
                	 learning rate: 0.0001
                	 weight decay: 0.001
                	 验证集比例: 0.2
                	 loss权重: [0.0, 1.0, 0.0, 0.0]
                	 early stop patience: 30
                	 early stop delta loss: 0.0001
                	 early stop step: 1
                	 normalize: True
                	 filter_flag: True
                	 === DyTR模型参数配置 ===
                	 state_names: ['v_lon', 'v_lat', 'yaw', 'v_yaw']
                	 control_names: ['accel', 'steering_angle']
                	 state_dim: 4
                	 control_dim: 2
                	 config_dim: 1
                	 feature_dim: 4
                	 layer_nums: 1
                	 pos_kind: sin
                	 dropout_rate: 0.5
                	 ========================
[2026-05-24 23:09:44] [INFO] Found 25 pickle files in E:\研究生学习\应用实践论文\DytrProject\Dataset\real_base_control
[2026-05-24 23:09:44] [INFO] Using 20 files for training, 5 files for validation
[2026-05-24 23:09:44] [INFO] 创建训练数据集...
[2026-05-24 23:09:44] [INFO] 加载 20 个文件...
[2026-05-24 23:09:44] [INFO] 已加载 0/20 文件
[2026-05-24 23:09:44] [INFO] 批量拟合完成 - 状态: (29759, 4), 控制: (29759, 2), 基础: (29759, 4), 差异: (29759, 4)
[2026-05-24 23:09:44] [INFO] 开始归一化train集样本...
[2026-05-24 23:09:47] [INFO] 归一化完成
[2026-05-24 23:09:47] [INFO] train数据集: 20个文件，1839个样本
[2026-05-24 23:09:47] [INFO] 训练数据集归一化...
[2026-05-24 23:09:47] [INFO] 归一化器已保存到: /home/luban/dytr/giftdata/dytr_project/residual_model/aqresults/model_3_norm_True_num_epochs200_batch_size256_20260524_2309/checkpoints\scalers.pkl
[2026-05-24 23:09:47] [INFO] 创建验证数据集...
[2026-05-24 23:09:47] [INFO] 加载 5 个文件...
[2026-05-24 23:09:47] [INFO] 已加载 0/5 文件
[2026-05-24 23:09:47] [INFO] val集使用预训练归一化器
[2026-05-24 23:09:47] [INFO] 开始归一化val集样本...
[2026-05-24 23:09:48] [INFO] 归一化完成
[2026-05-24 23:09:48] [INFO] val数据集: 5个文件，468个样本
[2026-05-24 23:09:48] [INFO] 
 ===========================start trainning=================================
[2026-05-24 23:09:48] [INFO]  
[2026-05-24 23:09:48] [INFO] === Training epoch 1/200 ===
[2026-05-24 23:09:48] [INFO] [AR Status] Teacher Forcing Ratio: 0.00
[2026-05-24 23:09:49] [INFO] [Train] epoch 1/200, total_loss=51.2703, vlat_mse=50.3100, traj_ade=0.8477
[2026-05-24 23:09:49] [INFO] Running validation (100% Closed-Loop)...
[2026-05-24 23:09:49] [INFO] ★ [Validation] epoch 1/200, Val Total Loss = 208.0063,vlat_mse=204.8560, traj_ade=3.0444
[2026-05-24 23:09:49] [INFO] Saved model at epoch 1
[2026-05-24 23:09:49] [INFO] Saved model at epoch 1
[2026-05-24 23:09:49] [INFO] Best model saved with val loss 208.0063
[2026-05-24 23:09:49] [INFO] New best model saved! (Val Loss decreased to 208.0063)
[2026-05-24 23:09:49] [ERROR] Error in validation epoch 1: 'VisualUtils' object has no attribute 'visual_res_function'
[2026-05-24 23:09:49] [INFO]  
[2026-05-24 23:09:49] [INFO] === Training epoch 2/200 ===
[2026-05-24 23:09:49] [INFO] [AR Status] Teacher Forcing Ratio: 0.00
[2026-05-24 23:09:50] [INFO] [Train] epoch 2/200, total_loss=52.5083, vlat_mse=51.5448, traj_ade=0.8515
[2026-05-24 23:09:50] [INFO] Running validation (100% Closed-Loop)...
[2026-05-24 23:09:50] [INFO] ★ [Validation] epoch 2/200, Val Total Loss = 206.7331,vlat_mse=203.5969, traj_ade=3.0305
[2026-05-24 23:09:50] [INFO] Saved model at epoch 2
[2026-05-24 23:09:50] [INFO] Saved model at epoch 2
[2026-05-24 23:09:50] [INFO] Best model saved with val loss 206.7331
[2026-05-24 23:09:50] [INFO] New best model saved! (Val Loss decreased to 206.7331)
[2026-05-24 23:09:50] [ERROR] Error in validation epoch 2: 'VisualUtils' object has no attribute 'visual_res_function'
[2026-05-24 23:09:50] [INFO]  
[2026-05-24 23:09:50] [INFO] === Training epoch 3/200 ===
[2026-05-24 23:09:50] [INFO] [AR Status] Teacher Forcing Ratio: 0.00
[2026-05-24 23:09:51] [INFO] [Train] epoch 3/200, total_loss=50.9161, vlat_mse=49.9822, traj_ade=0.8234
[2026-05-24 23:09:51] [INFO] Running validation (100% Closed-Loop)...
[2026-05-24 23:09:51] [INFO] ★ [Validation] epoch 3/200, Val Total Loss = 205.3710,vlat_mse=202.2498, traj_ade=3.0157
[2026-05-24 23:09:51] [INFO] Saved model at epoch 3
[2026-05-24 23:09:51] [INFO] Saved model at epoch 3
[2026-05-24 23:09:51] [INFO] Best model saved with val loss 205.3710
[2026-05-24 23:09:51] [INFO] New best model saved! (Val Loss decreased to 205.3710)
[2026-05-24 23:09:51] [ERROR] Error in validation epoch 3: 'VisualUtils' object has no attribute 'visual_res_function'
[2026-05-24 23:09:51] [INFO]  
[2026-05-24 23:09:51] [INFO] === Training epoch 4/200 ===
[2026-05-24 23:09:51] [INFO] [AR Status] Teacher Forcing Ratio: 0.00
[2026-05-24 23:09:52] [INFO] [Train] epoch 4/200, total_loss=49.0301, vlat_mse=48.1099, traj_ade=0.8110
[2026-05-24 23:09:52] [INFO] Running validation (100% Closed-Loop)...
[2026-05-24 23:09:52] [INFO] ★ [Validation] epoch 4/200, Val Total Loss = 204.0363,vlat_mse=200.9297, traj_ade=3.0011
[2026-05-24 23:09:52] [INFO] Saved model at epoch 4
[2026-05-24 23:09:52] [INFO] Saved model at epoch 4
[2026-05-24 23:09:52] [INFO] Best model saved with val loss 204.0363
[2026-05-24 23:09:52] [INFO] New best model saved! (Val Loss decreased to 204.0363)
[2026-05-24 23:09:52] [ERROR] Error in validation epoch 4: 'VisualUtils' object has no attribute 'visual_res_function'
[2026-05-24 23:09:52] [INFO]  
[2026-05-24 23:09:52] [INFO] === Training epoch 5/200 ===
[2026-05-24 23:09:52] [INFO] [AR Status] Teacher Forcing Ratio: 0.00
[2026-05-24 23:14:42] [INFO] DyTR训练开始...
[2026-05-24 23:14:52] [INFO] === DyTR参数配置 ===
                	 using device: cpu
                	 batch_size: 256
                	 历史长度T: 15
                	 预测长度: 10
                	 cfg(车辆质量): 2273.9
                	 num epochs: 200
                	 learning rate: 0.0001
                	 weight decay: 0.001
                	 验证集比例: 0.2
                	 loss权重: [0.0, 1.0, 0.0, 0.0]
                	 early stop patience: 30
                	 early stop delta loss: 0.0001
                	 early stop step: 1
                	 normalize: True
                	 filter_flag: True
                	 === DyTR模型参数配置 ===
                	 state_names: ['v_lon', 'v_lat', 'yaw', 'v_yaw']
                	 control_names: ['accel', 'steering_angle']
                	 state_dim: 4
                	 control_dim: 2
                	 config_dim: 1
                	 feature_dim: 4
                	 layer_nums: 1
                	 pos_kind: sin
                	 dropout_rate: 0.5
                	 ========================
[2026-05-24 23:14:52] [INFO] Found 25 pickle files in E:\研究生学习\应用实践论文\DytrProject\Dataset\real_base_control
[2026-05-24 23:14:52] [INFO] Using 20 files for training, 5 files for validation
[2026-05-24 23:14:52] [INFO] 创建训练数据集...
[2026-05-24 23:14:52] [INFO] 加载 20 个文件...
[2026-05-24 23:14:52] [INFO] 已加载 0/20 文件
[2026-05-24 23:14:52] [INFO] 批量拟合完成 - 状态: (29759, 4), 控制: (29759, 2), 基础: (29759, 4), 差异: (29759, 4)
[2026-05-24 23:14:52] [INFO] 开始归一化train集样本...
[2026-05-24 23:14:57] [INFO] 归一化完成
[2026-05-24 23:14:57] [INFO] train数据集: 20个文件，1839个样本
[2026-05-24 23:14:57] [INFO] 训练数据集归一化...
[2026-05-24 23:14:57] [INFO] 归一化器已保存到: E:/研究生学习/应用实践论文/DytrProject/result/model_3_norm_True_num_epochs200_batch_size256_20260524_2314/checkpoints\scalers.pkl
[2026-05-24 23:14:57] [INFO] 创建验证数据集...
[2026-05-24 23:14:57] [INFO] 加载 5 个文件...
[2026-05-24 23:14:57] [INFO] 已加载 0/5 文件
[2026-05-24 23:14:57] [INFO] val集使用预训练归一化器
[2026-05-24 23:14:57] [INFO] 开始归一化val集样本...
[2026-05-24 23:14:58] [INFO] 归一化完成
[2026-05-24 23:14:58] [INFO] val数据集: 5个文件，468个样本
[2026-05-24 23:14:58] [INFO] 
 ===========================start trainning=================================
[2026-05-24 23:14:58] [INFO]  
[2026-05-24 23:14:58] [INFO] === Training epoch 1/200 ===
[2026-05-24 23:14:58] [INFO] [AR Status] Teacher Forcing Ratio: 0.00
[2026-05-24 23:14:59] [INFO] [Train] epoch 1/200, total_loss=51.2703, vlat_mse=50.3100, traj_ade=0.8477
[2026-05-24 23:14:59] [INFO] Running validation (100% Closed-Loop)...
[2026-05-24 23:14:59] [INFO] ★ [Validation] epoch 1/200, Val Total Loss = 208.0063,vlat_mse=204.8560, traj_ade=3.0444
[2026-05-24 23:14:59] [INFO] Saved model at epoch 1
[2026-05-24 23:14:59] [INFO] Saved model at epoch 1
[2026-05-24 23:14:59] [INFO] Best model saved with val loss 208.0063
[2026-05-24 23:14:59] [INFO] New best model saved! (Val Loss decreased to 208.0063)
[2026-05-24 23:14:59] [ERROR] Error in validation epoch 1: VisualUtils.visual_res_function() got an unexpected keyword argument 'label'
[2026-05-24 23:14:59] [INFO]  
[2026-05-24 23:14:59] [INFO] === Training epoch 2/200 ===
[2026-05-24 23:14:59] [INFO] [AR Status] Teacher Forcing Ratio: 0.00
[2026-05-24 23:15:01] [INFO] [Train] epoch 2/200, total_loss=52.5083, vlat_mse=51.5448, traj_ade=0.8515
[2026-05-24 23:15:01] [INFO] Running validation (100% Closed-Loop)...
[2026-05-24 23:15:01] [INFO] ★ [Validation] epoch 2/200, Val Total Loss = 206.7331,vlat_mse=203.5969, traj_ade=3.0305
[2026-05-24 23:15:01] [INFO] Saved model at epoch 2
[2026-05-24 23:15:01] [INFO] Saved model at epoch 2
[2026-05-24 23:15:01] [INFO] Best model saved with val loss 206.7331
[2026-05-24 23:15:01] [INFO] New best model saved! (Val Loss decreased to 206.7331)
[2026-05-24 23:15:01] [ERROR] Error in validation epoch 2: VisualUtils.visual_res_function() got an unexpected keyword argument 'label'
[2026-05-24 23:15:01] [INFO]  
[2026-05-24 23:15:01] [INFO] === Training epoch 3/200 ===
[2026-05-24 23:15:01] [INFO] [AR Status] Teacher Forcing Ratio: 0.00
[2026-05-24 23:15:02] [INFO] [Train] epoch 3/200, total_loss=50.9161, vlat_mse=49.9822, traj_ade=0.8234
[2026-05-24 23:15:02] [INFO] Running validation (100% Closed-Loop)...
[2026-05-24 23:15:02] [INFO] ★ [Validation] epoch 3/200, Val Total Loss = 205.3710,vlat_mse=202.2498, traj_ade=3.0157
[2026-05-24 23:15:02] [INFO] Saved model at epoch 3
[2026-05-24 23:15:02] [INFO] Saved model at epoch 3
[2026-05-24 23:15:02] [INFO] Best model saved with val loss 205.3710
[2026-05-24 23:15:02] [INFO] New best model saved! (Val Loss decreased to 205.3710)
[2026-05-24 23:15:02] [ERROR] Error in validation epoch 3: VisualUtils.visual_res_function() got an unexpected keyword argument 'label'
[2026-05-24 23:15:02] [INFO]  
[2026-05-24 23:15:02] [INFO] === Training epoch 4/200 ===
[2026-05-24 23:15:02] [INFO] [AR Status] Teacher Forcing Ratio: 0.00
[2026-05-24 23:15:04] [INFO] [Train] epoch 4/200, total_loss=49.0301, vlat_mse=48.1099, traj_ade=0.8110
[2026-05-24 23:15:04] [INFO] Running validation (100% Closed-Loop)...
[2026-05-24 23:15:04] [INFO] ★ [Validation] epoch 4/200, Val Total Loss = 204.0363,vlat_mse=200.9297, traj_ade=3.0011
[2026-05-24 23:15:04] [INFO] Saved model at epoch 4
[2026-05-24 23:15:04] [INFO] Saved model at epoch 4
[2026-05-24 23:15:04] [INFO] Best model saved with val loss 204.0363
[2026-05-24 23:15:04] [INFO] New best model saved! (Val Loss decreased to 204.0363)
[2026-05-24 23:15:04] [ERROR] Error in validation epoch 4: VisualUtils.visual_res_function() got an unexpected keyword argument 'label'
[2026-05-24 23:15:04] [INFO]  
[2026-05-24 23:15:04] [INFO] === Training epoch 5/200 ===
[2026-05-24 23:15:04] [INFO] [AR Status] Teacher Forcing Ratio: 0.00
[2026-05-24 23:15:05] [INFO] [Train] epoch 5/200, total_loss=49.2392, vlat_mse=48.3117, traj_ade=0.8155
[2026-05-24 23:15:05] [INFO] Running validation (100% Closed-Loop)...
[2026-05-24 23:15:06] [INFO] ★ [Validation] epoch 5/200, Val Total Loss = 202.7256,vlat_mse=199.6335, traj_ade=2.9867
[2026-05-24 23:15:06] [INFO] Saved model at epoch 5
[2026-05-24 23:15:06] [INFO] Saved model at epoch 5
[2026-05-24 23:15:06] [INFO] Best model saved with val loss 202.7256
[2026-05-24 23:15:06] [INFO] New best model saved! (Val Loss decreased to 202.7256)
[2026-05-24 23:15:06] [ERROR] Error in validation epoch 5: VisualUtils.visual_res_function() got an unexpected keyword argument 'label'
[2026-05-24 23:15:06] [INFO]  
[2026-05-24 23:15:06] [INFO] === Training epoch 6/200 ===
[2026-05-24 23:15:06] [INFO] [AR Status] Teacher Forcing Ratio: 0.00
[2026-05-24 23:15:07] [INFO] [Train] epoch 6/200, total_loss=47.3048, vlat_mse=46.4048, traj_ade=0.7923
[2026-05-24 23:15:07] [INFO] Running validation (100% Closed-Loop)...
[2026-05-24 23:15:07] [INFO] ★ [Validation] epoch 6/200, Val Total Loss = 201.3873,vlat_mse=198.3100, traj_ade=2.9721
[2026-05-24 23:16:38] [INFO] DyTR训练开始...
[2026-05-24 23:16:43] [INFO] === DyTR参数配置 ===
                	 using device: cpu
                	 batch_size: 256
                	 历史长度T: 15
                	 预测长度: 10
                	 cfg(车辆质量): 2273.9
                	 num epochs: 200
                	 learning rate: 0.0001
                	 weight decay: 0.001
                	 验证集比例: 0.2
                	 loss权重: [0.0, 1.0, 0.0, 0.0]
                	 early stop patience: 30
                	 early stop delta loss: 0.0001
                	 early stop step: 1
                	 normalize: True
                	 filter_flag: True
                	 === DyTR模型参数配置 ===
                	 state_names: ['v_lon', 'v_lat', 'yaw', 'v_yaw']
                	 control_names: ['accel', 'steering_angle']
                	 state_dim: 4
                	 control_dim: 2
                	 config_dim: 1
                	 feature_dim: 4
                	 layer_nums: 1
                	 pos_kind: sin
                	 dropout_rate: 0.5
                	 ========================
[2026-05-24 23:16:43] [INFO] Found 25 pickle files in E:\研究生学习\应用实践论文\DytrProject\Dataset\real_base_control
[2026-05-24 23:16:43] [INFO] Using 20 files for training, 5 files for validation
[2026-05-24 23:16:43] [INFO] 创建训练数据集...
[2026-05-24 23:16:43] [INFO] 加载 20 个文件...
[2026-05-24 23:16:43] [INFO] 已加载 0/20 文件
[2026-05-24 23:16:44] [INFO] 批量拟合完成 - 状态: (29759, 4), 控制: (29759, 2), 基础: (29759, 4), 差异: (29759, 4)
[2026-05-24 23:16:44] [INFO] 开始归一化train集样本...
[2026-05-24 23:16:46] [INFO] 归一化完成
[2026-05-24 23:16:46] [INFO] train数据集: 20个文件，1839个样本
[2026-05-24 23:16:46] [INFO] 训练数据集归一化...
[2026-05-24 23:16:46] [INFO] 归一化器已保存到: E:/研究生学习/应用实践论文/DytrProject/result/model_3_norm_True_num_epochs200_batch_size256_20260524_2316/checkpoints\scalers.pkl
[2026-05-24 23:16:46] [INFO] 创建验证数据集...
[2026-05-24 23:16:46] [INFO] 加载 5 个文件...
[2026-05-24 23:16:46] [INFO] 已加载 0/5 文件
[2026-05-24 23:16:46] [INFO] val集使用预训练归一化器
[2026-05-24 23:16:46] [INFO] 开始归一化val集样本...
[2026-05-24 23:16:46] [INFO] 归一化完成
[2026-05-24 23:16:46] [INFO] val数据集: 5个文件，468个样本
[2026-05-24 23:16:46] [INFO] 
 ===========================start trainning=================================
[2026-05-24 23:16:46] [INFO]  
[2026-05-24 23:16:46] [INFO] === Training epoch 1/200 ===
[2026-05-24 23:16:46] [INFO] [AR Status] Teacher Forcing Ratio: 0.00
[2026-05-24 23:16:47] [INFO] [Train] epoch 1/200, total_loss=51.2703, vlat_mse=50.3100, traj_ade=0.8477
[2026-05-24 23:16:47] [INFO] Running validation (100% Closed-Loop)...
[2026-05-24 23:16:47] [INFO] ★ [Validation] epoch 1/200, Val Total Loss = 208.0063,vlat_mse=204.8560, traj_ade=3.0444
[2026-05-24 23:16:47] [INFO] Saved model at epoch 1
[2026-05-24 23:16:47] [INFO] Saved model at epoch 1
[2026-05-24 23:16:47] [INFO] Best model saved with val loss 208.0063
[2026-05-24 23:16:47] [INFO] New best model saved! (Val Loss decreased to 208.0063)
[2026-05-24 23:16:47] [ERROR] Error in validation epoch 1: VisualUtils.visual_res_function() got multiple values for argument 'label'
[2026-05-24 23:16:47] [INFO]  
[2026-05-24 23:16:47] [INFO] === Training epoch 2/200 ===
[2026-05-24 23:16:47] [INFO] [AR Status] Teacher Forcing Ratio: 0.00
[2026-05-24 23:16:48] [INFO] [Train] epoch 2/200, total_loss=52.5083, vlat_mse=51.5448, traj_ade=0.8515
[2026-05-24 23:16:48] [INFO] Running validation (100% Closed-Loop)...
[2026-05-24 23:16:48] [INFO] ★ [Validation] epoch 2/200, Val Total Loss = 206.7331,vlat_mse=203.5969, traj_ade=3.0305
[2026-05-24 23:16:48] [INFO] Saved model at epoch 2
[2026-05-24 23:16:48] [INFO] Saved model at epoch 2
[2026-05-24 23:16:48] [INFO] Best model saved with val loss 206.7331
[2026-05-24 23:16:48] [INFO] New best model saved! (Val Loss decreased to 206.7331)
[2026-05-24 23:16:48] [ERROR] Error in validation epoch 2: VisualUtils.visual_res_function() got multiple values for argument 'label'
[2026-05-24 23:16:48] [INFO]  
[2026-05-24 23:16:48] [INFO] === Training epoch 3/200 ===
[2026-05-24 23:16:48] [INFO] [AR Status] Teacher Forcing Ratio: 0.00
[2026-05-24 23:16:49] [INFO] [Train] epoch 3/200, total_loss=50.9161, vlat_mse=49.9822, traj_ade=0.8234
[2026-05-24 23:16:49] [INFO] Running validation (100% Closed-Loop)...
[2026-05-24 23:16:49] [INFO] ★ [Validation] epoch 3/200, Val Total Loss = 205.3710,vlat_mse=202.2498, traj_ade=3.0157
[2026-05-24 23:16:49] [INFO] Saved model at epoch 3
[2026-05-24 23:16:49] [INFO] Saved model at epoch 3
[2026-05-24 23:16:49] [INFO] Best model saved with val loss 205.3710
[2026-05-24 23:16:49] [INFO] New best model saved! (Val Loss decreased to 205.3710)
[2026-05-24 23:16:49] [ERROR] Error in validation epoch 3: VisualUtils.visual_res_function() got multiple values for argument 'label'
[2026-05-24 23:16:49] [INFO]  
[2026-05-24 23:16:49] [INFO] === Training epoch 4/200 ===
[2026-05-24 23:16:49] [INFO] [AR Status] Teacher Forcing Ratio: 0.00
[2026-05-24 23:16:49] [INFO] [Train] epoch 4/200, total_loss=49.0301, vlat_mse=48.1099, traj_ade=0.8110
[2026-05-24 23:16:49] [INFO] Running validation (100% Closed-Loop)...
[2026-05-24 23:16:50] [INFO] ★ [Validation] epoch 4/200, Val Total Loss = 204.0363,vlat_mse=200.9297, traj_ade=3.0011
[2026-05-24 23:16:50] [INFO] Saved model at epoch 4
[2026-05-24 23:16:50] [INFO] Saved model at epoch 4
[2026-05-24 23:16:50] [INFO] Best model saved with val loss 204.0363
[2026-05-24 23:16:50] [INFO] New best model saved! (Val Loss decreased to 204.0363)
[2026-05-24 23:16:50] [ERROR] Error in validation epoch 4: VisualUtils.visual_res_function() got multiple values for argument 'label'
[2026-05-24 23:16:50] [INFO]  
[2026-05-24 23:16:50] [INFO] === Training epoch 5/200 ===
[2026-05-24 23:16:50] [INFO] [AR Status] Teacher Forcing Ratio: 0.00
[2026-05-24 23:16:50] [INFO] [Train] epoch 5/200, total_loss=49.2392, vlat_mse=48.3117, traj_ade=0.8155
[2026-05-24 23:16:50] [INFO] Running validation (100% Closed-Loop)...
[2026-05-24 23:16:50] [INFO] ★ [Validation] epoch 5/200, Val Total Loss = 202.7256,vlat_mse=199.6335, traj_ade=2.9867
[2026-05-24 23:16:50] [INFO] Saved model at epoch 5
[2026-05-24 23:16:50] [INFO] Saved model at epoch 5
[2026-05-24 23:16:50] [INFO] Best model saved with val loss 202.7256
[2026-05-24 23:16:50] [INFO] New best model saved! (Val Loss decreased to 202.7256)
[2026-05-24 23:16:50] [ERROR] Error in validation epoch 5: VisualUtils.visual_res_function() got multiple values for argument 'label'
[2026-05-24 23:16:50] [INFO]  
[2026-05-24 23:16:50] [INFO] === Training epoch 6/200 ===
[2026-05-24 23:16:50] [INFO] [AR Status] Teacher Forcing Ratio: 0.00
[2026-05-24 23:16:51] [INFO] [Train] epoch 6/200, total_loss=47.3048, vlat_mse=46.4048, traj_ade=0.7923
[2026-05-24 23:16:51] [INFO] Running validation (100% Closed-Loop)...
[2026-05-24 23:16:51] [INFO] ★ [Validation] epoch 6/200, Val Total Loss = 201.3873,vlat_mse=198.3100, traj_ade=2.9721
[2026-05-24 23:16:51] [INFO] Saved model at epoch 6
[2026-05-24 23:16:51] [INFO] Saved model at epoch 6
[2026-05-24 23:16:51] [INFO] Best model saved with val loss 201.3873
[2026-05-24 23:16:51] [INFO] New best model saved! (Val Loss decreased to 201.3873)
[2026-05-24 23:16:51] [ERROR] Error in validation epoch 6: VisualUtils.visual_res_function() got multiple values for argument 'label'
[2026-05-24 23:16:51] [INFO]  
[2026-05-24 23:16:51] [INFO] === Training epoch 7/200 ===
[2026-05-24 23:16:51] [INFO] [AR Status] Teacher Forcing Ratio: 0.00
[2026-05-24 23:17:46] [INFO] DyTR训练开始...
[2026-05-24 23:17:55] [INFO] === DyTR参数配置 ===
                	 using device: cpu
                	 batch_size: 256
                	 历史长度T: 15
                	 预测长度: 10
                	 cfg(车辆质量): 2273.9
                	 num epochs: 200
                	 learning rate: 0.0001
                	 weight decay: 0.001
                	 验证集比例: 0.2
                	 loss权重: [0.0, 1.0, 0.0, 0.0]
                	 early stop patience: 30
                	 early stop delta loss: 0.0001
                	 early stop step: 1
                	 normalize: True
                	 filter_flag: True
                	 === DyTR模型参数配置 ===
                	 state_names: ['v_lon', 'v_lat', 'yaw', 'v_yaw']
                	 control_names: ['accel', 'steering_angle']
                	 state_dim: 4
                	 control_dim: 2
                	 config_dim: 1
                	 feature_dim: 4
                	 layer_nums: 1
                	 pos_kind: sin
                	 dropout_rate: 0.5
                	 ========================
[2026-05-24 23:17:55] [INFO] Found 25 pickle files in E:\研究生学习\应用实践论文\DytrProject\Dataset\real_base_control
[2026-05-24 23:17:55] [INFO] Using 20 files for training, 5 files for validation
[2026-05-24 23:17:55] [INFO] 创建训练数据集...
[2026-05-24 23:17:55] [INFO] 加载 20 个文件...
[2026-05-24 23:17:55] [INFO] 已加载 0/20 文件
[2026-05-24 23:17:56] [INFO] 批量拟合完成 - 状态: (29759, 4), 控制: (29759, 2), 基础: (29759, 4), 差异: (29759, 4)
[2026-05-24 23:17:56] [INFO] 开始归一化train集样本...
[2026-05-24 23:17:59] [INFO] 归一化完成
[2026-05-24 23:17:59] [INFO] train数据集: 20个文件，1839个样本
[2026-05-24 23:17:59] [INFO] 训练数据集归一化...
[2026-05-24 23:17:59] [INFO] 归一化器已保存到: E:/研究生学习/应用实践论文/DytrProject/result/model_3_norm_True_num_epochs200_batch_size256_20260524_2317/checkpoints\scalers.pkl
[2026-05-24 23:17:59] [INFO] 创建验证数据集...
[2026-05-24 23:17:59] [INFO] 加载 5 个文件...
[2026-05-24 23:17:59] [INFO] 已加载 0/5 文件
[2026-05-24 23:17:59] [INFO] val集使用预训练归一化器
[2026-05-24 23:17:59] [INFO] 开始归一化val集样本...
[2026-05-24 23:18:00] [INFO] 归一化完成
[2026-05-24 23:18:00] [INFO] val数据集: 5个文件，468个样本
[2026-05-24 23:18:00] [INFO] 
 ===========================start trainning=================================
[2026-05-24 23:18:00] [INFO]  
[2026-05-24 23:18:00] [INFO] === Training epoch 1/200 ===
[2026-05-24 23:18:00] [INFO] [AR Status] Teacher Forcing Ratio: 0.00
[2026-05-24 23:18:24] [INFO] DyTR训练开始...
[2026-05-24 23:18:29] [INFO] === DyTR参数配置 ===
                	 using device: cpu
                	 batch_size: 256
                	 历史长度T: 15
                	 预测长度: 10
                	 cfg(车辆质量): 2273.9
                	 num epochs: 200
                	 learning rate: 0.0001
                	 weight decay: 0.001
                	 验证集比例: 0.2
                	 loss权重: [0.0, 1.0, 0.0, 0.0]
                	 early stop patience: 30
                	 early stop delta loss: 0.0001
                	 early stop step: 1
                	 normalize: True
                	 filter_flag: True
                	 === DyTR模型参数配置 ===
                	 state_names: ['v_lon', 'v_lat', 'yaw', 'v_yaw']
                	 control_names: ['accel', 'steering_angle']
                	 state_dim: 4
                	 control_dim: 2
                	 config_dim: 1
                	 feature_dim: 4
                	 layer_nums: 1
                	 pos_kind: sin
                	 dropout_rate: 0.5
                	 ========================
[2026-05-24 23:18:29] [INFO] Found 25 pickle files in E:\研究生学习\应用实践论文\DytrProject\Dataset\real_base_control
[2026-05-24 23:18:29] [INFO] Using 20 files for training, 5 files for validation
[2026-05-24 23:18:29] [INFO] 创建训练数据集...
[2026-05-24 23:18:29] [INFO] 加载 20 个文件...
[2026-05-24 23:18:29] [INFO] 已加载 0/20 文件
[2026-05-24 23:18:29] [INFO] 批量拟合完成 - 状态: (29759, 4), 控制: (29759, 2), 基础: (29759, 4), 差异: (29759, 4)
[2026-05-24 23:18:29] [INFO] 开始归一化train集样本...
[2026-05-24 23:18:31] [INFO] 归一化完成
[2026-05-24 23:18:31] [INFO] train数据集: 20个文件，1839个样本
[2026-05-24 23:18:31] [INFO] 训练数据集归一化...
[2026-05-24 23:18:31] [INFO] 归一化器已保存到: E:/研究生学习/应用实践论文/DytrProject/result/model_3_norm_True_num_epochs200_batch_size256_20260524_2318/checkpoints\scalers.pkl
[2026-05-24 23:18:31] [INFO] 创建验证数据集...
[2026-05-24 23:18:31] [INFO] 加载 5 个文件...
[2026-05-24 23:18:31] [INFO] 已加载 0/5 文件
[2026-05-24 23:18:31] [INFO] val集使用预训练归一化器
[2026-05-24 23:18:31] [INFO] 开始归一化val集样本...
[2026-05-24 23:18:31] [INFO] 归一化完成
[2026-05-24 23:18:31] [INFO] val数据集: 5个文件，468个样本
[2026-05-24 23:18:31] [INFO] 
 ===========================start trainning=================================
[2026-05-24 23:18:31] [INFO]  
[2026-05-24 23:18:31] [INFO] === Training epoch 1/200 ===
[2026-05-24 23:18:31] [INFO] [AR Status] Teacher Forcing Ratio: 0.00
[2026-05-24 23:18:32] [INFO] [Train] epoch 1/200, total_loss=51.2703, vlat_mse=50.3100, traj_ade=0.8477
[2026-05-24 23:18:32] [INFO] Running validation (100% Closed-Loop)...
[2026-05-24 23:18:32] [INFO] ★ [Validation] epoch 1/200, Val Total Loss = 208.0063,vlat_mse=204.8560, traj_ade=3.0444
[2026-05-24 23:18:32] [INFO] Saved model at epoch 1
[2026-05-24 23:18:32] [INFO] Saved model at epoch 1
[2026-05-24 23:18:32] [INFO] Best model saved with val loss 208.0063
[2026-05-24 23:18:32] [INFO] New best model saved! (Val Loss decreased to 208.0063)
[2026-05-24 23:18:32] [ERROR] Error in validation epoch 1: VisualUtils.visual_res_function() got an unexpected keyword argument 'label'
[2026-05-24 23:18:32] [INFO]  
[2026-05-24 23:18:32] [INFO] === Training epoch 2/200 ===
[2026-05-24 23:18:32] [INFO] [AR Status] Teacher Forcing Ratio: 0.00
[2026-05-24 23:18:33] [INFO] [Train] epoch 2/200, total_loss=52.5083, vlat_mse=51.5448, traj_ade=0.8515
[2026-05-24 23:18:33] [INFO] Running validation (100% Closed-Loop)...
[2026-05-24 23:18:33] [INFO] ★ [Validation] epoch 2/200, Val Total Loss = 206.7331,vlat_mse=203.5969, traj_ade=3.0305
[2026-05-24 23:18:33] [INFO] Saved model at epoch 2
[2026-05-24 23:18:33] [INFO] Saved model at epoch 2
[2026-05-24 23:18:33] [INFO] Best model saved with val loss 206.7331
[2026-05-24 23:18:33] [INFO] New best model saved! (Val Loss decreased to 206.7331)
[2026-05-24 23:18:33] [ERROR] Error in validation epoch 2: VisualUtils.visual_res_function() got an unexpected keyword argument 'label'
[2026-05-24 23:18:33] [INFO]  
[2026-05-24 23:18:33] [INFO] === Training epoch 3/200 ===
[2026-05-24 23:18:33] [INFO] [AR Status] Teacher Forcing Ratio: 0.00
[2026-05-24 23:18:34] [INFO] [Train] epoch 3/200, total_loss=50.9161, vlat_mse=49.9822, traj_ade=0.8234
[2026-05-24 23:18:34] [INFO] Running validation (100% Closed-Loop)...
[2026-05-24 23:18:34] [INFO] ★ [Validation] epoch 3/200, Val Total Loss = 205.3710,vlat_mse=202.2498, traj_ade=3.0157
[2026-05-24 23:18:34] [INFO] Saved model at epoch 3
[2026-05-24 23:18:34] [INFO] Saved model at epoch 3
[2026-05-24 23:18:34] [INFO] Best model saved with val loss 205.3710
[2026-05-24 23:18:34] [INFO] New best model saved! (Val Loss decreased to 205.3710)
[2026-05-24 23:18:34] [ERROR] Error in validation epoch 3: VisualUtils.visual_res_function() got an unexpected keyword argument 'label'
[2026-05-24 23:18:34] [INFO]  
[2026-05-24 23:18:34] [INFO] === Training epoch 4/200 ===
[2026-05-24 23:18:34] [INFO] [AR Status] Teacher Forcing Ratio: 0.00
[2026-05-24 23:18:34] [INFO] [Train] epoch 4/200, total_loss=49.0301, vlat_mse=48.1099, traj_ade=0.8110
[2026-05-24 23:18:34] [INFO] Running validation (100% Closed-Loop)...
[2026-05-24 23:18:34] [INFO] ★ [Validation] epoch 4/200, Val Total Loss = 204.0363,vlat_mse=200.9297, traj_ade=3.0011
[2026-05-24 23:18:34] [INFO] Saved model at epoch 4
[2026-05-24 23:18:34] [INFO] Saved model at epoch 4
[2026-05-24 23:18:34] [INFO] Best model saved with val loss 204.0363
[2026-05-24 23:18:34] [INFO] New best model saved! (Val Loss decreased to 204.0363)
[2026-05-24 23:18:34] [ERROR] Error in validation epoch 4: VisualUtils.visual_res_function() got an unexpected keyword argument 'label'
[2026-05-24 23:18:35] [INFO]  
[2026-05-24 23:18:35] [INFO] === Training epoch 5/200 ===
[2026-05-24 23:18:35] [INFO] [AR Status] Teacher Forcing Ratio: 0.00
[2026-05-24 23:18:35] [INFO] [Train] epoch 5/200, total_loss=49.2392, vlat_mse=48.3117, traj_ade=0.8155
[2026-05-24 23:18:35] [INFO] Running validation (100% Closed-Loop)...
[2026-05-24 23:18:35] [INFO] ★ [Validation] epoch 5/200, Val Total Loss = 202.7256,vlat_mse=199.6335, traj_ade=2.9867
[2026-05-24 23:18:35] [INFO] Saved model at epoch 5
[2026-05-24 23:18:35] [INFO] Saved model at epoch 5
[2026-05-24 23:18:35] [INFO] Best model saved with val loss 202.7256
[2026-05-24 23:18:35] [INFO] New best model saved! (Val Loss decreased to 202.7256)
[2026-05-24 23:18:35] [ERROR] Error in validation epoch 5: VisualUtils.visual_res_function() got an unexpected keyword argument 'label'
[2026-05-24 23:18:35] [INFO]  
[2026-05-24 23:18:35] [INFO] === Training epoch 6/200 ===
[2026-05-24 23:18:35] [INFO] [AR Status] Teacher Forcing Ratio: 0.00
[2026-05-24 23:18:36] [INFO] [Train] epoch 6/200, total_loss=47.3048, vlat_mse=46.4048, traj_ade=0.7923
[2026-05-24 23:18:36] [INFO] Running validation (100% Closed-Loop)...
[2026-05-24 23:18:36] [INFO] ★ [Validation] epoch 6/200, Val Total Loss = 201.3873,vlat_mse=198.3100, traj_ade=2.9721
[2026-05-24 23:18:36] [INFO] Saved model at epoch 6
[2026-05-24 23:18:36] [INFO] Saved model at epoch 6
[2026-05-24 23:18:36] [INFO] Best model saved with val loss 201.3873
[2026-05-24 23:18:36] [INFO] New best model saved! (Val Loss decreased to 201.3873)
[2026-05-24 23:18:36] [ERROR] Error in validation epoch 6: VisualUtils.visual_res_function() got an unexpected keyword argument 'label'
[2026-05-24 23:18:36] [INFO]  
[2026-05-24 23:18:36] [INFO] === Training epoch 7/200 ===
[2026-05-24 23:18:36] [INFO] [AR Status] Teacher Forcing Ratio: 0.00
[2026-05-24 23:18:37] [INFO] [Train] epoch 7/200, total_loss=46.9471, vlat_mse=46.0540, traj_ade=0.7834
[2026-05-24 23:18:37] [INFO] Running validation (100% Closed-Loop)...
[2026-05-24 23:18:37] [INFO] ★ [Validation] epoch 7/200, Val Total Loss = 199.9706,vlat_mse=196.9089, traj_ade=2.9567
[2026-05-24 23:18:37] [INFO] Saved model at epoch 7
[2026-05-24 23:18:37] [INFO] Saved model at epoch 7
[2026-05-24 23:18:37] [INFO] Best model saved with val loss 199.9706
[2026-05-24 23:18:37] [INFO] New best model saved! (Val Loss decreased to 199.9706)
[2026-05-24 23:18:37] [ERROR] Error in validation epoch 7: VisualUtils.visual_res_function() got an unexpected keyword argument 'label'
[2026-05-24 23:18:37] [INFO]  
[2026-05-24 23:18:37] [INFO] === Training epoch 8/200 ===
[2026-05-24 23:18:37] [INFO] [AR Status] Teacher Forcing Ratio: 0.00
[2026-05-24 23:18:38] [INFO] [Train] epoch 8/200, total_loss=47.2748, vlat_mse=46.3715, traj_ade=0.7931
[2026-05-24 23:18:38] [INFO] Running validation (100% Closed-Loop)...
[2026-05-24 23:18:38] [INFO] ★ [Validation] epoch 8/200, Val Total Loss = 198.5190,vlat_mse=195.4731, traj_ade=2.9409
[2026-05-24 23:18:38] [INFO] Saved model at epoch 8
[2026-05-24 23:18:38] [INFO] Saved model at epoch 8
[2026-05-24 23:18:38] [INFO] Best model saved with val loss 198.5190
[2026-05-24 23:18:38] [INFO] New best model saved! (Val Loss decreased to 198.5190)
[2026-05-24 23:18:38] [ERROR] Error in validation epoch 8: VisualUtils.visual_res_function() got an unexpected keyword argument 'label'
[2026-05-24 23:18:38] [INFO]  
[2026-05-24 23:18:38] [INFO] === Training epoch 9/200 ===
[2026-05-24 23:18:38] [INFO] [AR Status] Teacher Forcing Ratio: 0.00
[2026-05-24 23:18:39] [INFO] [Train] epoch 9/200, total_loss=46.3428, vlat_mse=45.4511, traj_ade=0.7819
[2026-05-24 23:18:39] [INFO] Running validation (100% Closed-Loop)...
[2026-05-24 23:18:39] [INFO] ★ [Validation] epoch 9/200, Val Total Loss = 197.0685,vlat_mse=194.0385, traj_ade=2.9251
[2026-05-24 23:18:39] [INFO] Saved model at epoch 9
[2026-05-24 23:18:39] [INFO] Saved model at epoch 9
[2026-05-24 23:18:39] [INFO] Best model saved with val loss 197.0685
[2026-05-24 23:18:39] [INFO] New best model saved! (Val Loss decreased to 197.0685)
[2026-05-24 23:18:39] [ERROR] Error in validation epoch 9: VisualUtils.visual_res_function() got an unexpected keyword argument 'label'
[2026-05-24 23:18:39] [INFO]  
[2026-05-24 23:18:39] [INFO] === Training epoch 10/200 ===
[2026-05-24 23:18:39] [INFO] [AR Status] Teacher Forcing Ratio: 0.00
[2026-05-24 23:18:39] [INFO] [Train] epoch 10/200, total_loss=45.9930, vlat_mse=45.0990, traj_ade=0.7899
[2026-05-24 23:18:39] [INFO] Running validation (100% Closed-Loop)...
[2026-05-24 23:18:39] [INFO] ★ [Validation] epoch 10/200, Val Total Loss = 195.6369,vlat_mse=192.6226, traj_ade=2.9096
[2026-05-24 23:18:39] [INFO] Saved model at epoch 10
[2026-05-24 23:18:39] [INFO] Saved model at epoch 10
[2026-05-24 23:18:39] [INFO] Best model saved with val loss 195.6369
[2026-05-24 23:18:39] [INFO] New best model saved! (Val Loss decreased to 195.6369)
[2026-05-24 23:18:39] [ERROR] Error in validation epoch 10: VisualUtils.visual_res_function() got an unexpected keyword argument 'label'
[2026-05-24 23:18:39] [INFO]  
[2026-05-24 23:18:39] [INFO] === Training epoch 11/200 ===
[2026-05-24 23:18:39] [INFO] [AR Status] Teacher Forcing Ratio: 0.00
[2026-05-24 23:18:40] [INFO] [Train] epoch 11/200, total_loss=43.9387, vlat_mse=43.0751, traj_ade=0.7568
[2026-05-24 23:18:40] [INFO] Running validation (100% Closed-Loop)...
[2026-05-24 23:22:01] [INFO] DyTR训练开始...
[2026-05-24 23:22:10] [INFO] === DyTR参数配置 ===
                	 using device: cpu
                	 batch_size: 256
                	 历史长度T: 15
                	 预测长度: 10
                	 cfg(车辆质量): 2273.9
                	 num epochs: 200
                	 learning rate: 0.0001
                	 weight decay: 0.001
                	 验证集比例: 0.2
                	 loss权重: [0.0, 1.0, 0.0, 0.0]
                	 early stop patience: 30
                	 early stop delta loss: 0.0001
                	 early stop step: 1
                	 normalize: True
                	 filter_flag: True
                	 === DyTR模型参数配置 ===
                	 state_names: ['v_lon', 'v_lat', 'yaw', 'v_yaw']
                	 control_names: ['accel', 'steering_angle']
                	 state_dim: 4
                	 control_dim: 2
                	 config_dim: 1
                	 feature_dim: 4
                	 layer_nums: 1
                	 pos_kind: sin
                	 dropout_rate: 0.5
                	 ========================
[2026-05-24 23:22:10] [INFO] Found 25 pickle files in E:\研究生学习\应用实践论文\DytrProject\Dataset\real_base_control
[2026-05-24 23:22:10] [INFO] Using 20 files for training, 5 files for validation
[2026-05-24 23:22:10] [INFO] 创建训练数据集...
[2026-05-24 23:22:10] [INFO] 加载 20 个文件...
[2026-05-24 23:22:10] [INFO] 已加载 0/20 文件
[2026-05-24 23:22:10] [INFO] 批量拟合完成 - 状态: (29759, 4), 控制: (29759, 2), 基础: (29759, 4), 差异: (29759, 4)
[2026-05-24 23:22:10] [INFO] 开始归一化train集样本...
[2026-05-24 23:22:14] [INFO] 归一化完成
[2026-05-24 23:22:14] [INFO] train数据集: 20个文件，1839个样本
[2026-05-24 23:22:14] [INFO] 训练数据集归一化...
[2026-05-24 23:22:14] [INFO] 归一化器已保存到: E:/研究生学习/应用实践论文/DytrProject/result/model_3_norm_True_num_epochs200_batch_size256_20260524_2322/checkpoints\scalers.pkl
[2026-05-24 23:22:14] [INFO] 创建验证数据集...
[2026-05-24 23:22:14] [INFO] 加载 5 个文件...
[2026-05-24 23:22:14] [INFO] 已加载 0/5 文件
[2026-05-24 23:22:14] [INFO] val集使用预训练归一化器
[2026-05-24 23:22:14] [INFO] 开始归一化val集样本...
[2026-05-24 23:22:16] [INFO] 归一化完成
[2026-05-24 23:22:16] [INFO] val数据集: 5个文件，468个样本
[2026-05-24 23:22:16] [INFO] 
 ===========================start trainning=================================
[2026-05-24 23:22:16] [INFO]  
[2026-05-24 23:22:16] [INFO] === Training epoch 1/200 ===
[2026-05-24 23:22:16] [INFO] [AR Status] Teacher Forcing Ratio: 0.00
[2026-05-24 23:22:17] [INFO] [Train] epoch 1/200, total_loss=51.2703, vlat_mse=50.3100, traj_ade=0.8477
[2026-05-24 23:22:17] [INFO] Running validation (100% Closed-Loop)...
[2026-05-24 23:22:17] [INFO] ★ [Validation] epoch 1/200, Val Total Loss = 208.0063,vlat_mse=204.8560, traj_ade=3.0444
[2026-05-24 23:22:17] [INFO] Saved model at epoch 1
[2026-05-24 23:22:17] [INFO] Saved model at epoch 1
[2026-05-24 23:22:17] [INFO] Best model saved with val loss 208.0063
[2026-05-24 23:22:17] [INFO] New best model saved! (Val Loss decreased to 208.0063)
[2026-05-24 23:22:17] [ERROR] Error in validation epoch 1: too many values to unpack (expected 2)
[2026-05-24 23:22:17] [INFO]  
[2026-05-24 23:22:17] [INFO] === Training epoch 2/200 ===
[2026-05-24 23:22:17] [INFO] [AR Status] Teacher Forcing Ratio: 0.00
[2026-05-24 23:22:18] [INFO] [Train] epoch 2/200, total_loss=52.5083, vlat_mse=51.5448, traj_ade=0.8515
[2026-05-24 23:22:18] [INFO] Running validation (100% Closed-Loop)...
[2026-05-24 23:22:18] [INFO] ★ [Validation] epoch 2/200, Val Total Loss = 206.7331,vlat_mse=203.5969, traj_ade=3.0305
[2026-05-24 23:22:18] [INFO] Saved model at epoch 2
[2026-05-24 23:22:18] [INFO] Saved model at epoch 2
[2026-05-24 23:22:18] [INFO] Best model saved with val loss 206.7331
[2026-05-24 23:22:18] [INFO] New best model saved! (Val Loss decreased to 206.7331)
[2026-05-24 23:22:18] [ERROR] Error in validation epoch 2: too many values to unpack (expected 2)
[2026-05-24 23:22:18] [INFO]  
[2026-05-24 23:22:18] [INFO] === Training epoch 3/200 ===
[2026-05-24 23:22:18] [INFO] [AR Status] Teacher Forcing Ratio: 0.00
[2026-05-24 23:22:19] [INFO] [Train] epoch 3/200, total_loss=50.9161, vlat_mse=49.9822, traj_ade=0.8234
[2026-05-24 23:22:19] [INFO] Running validation (100% Closed-Loop)...
[2026-05-24 23:22:19] [INFO] ★ [Validation] epoch 3/200, Val Total Loss = 205.3710,vlat_mse=202.2498, traj_ade=3.0157
[2026-05-24 23:22:19] [INFO] Saved model at epoch 3
[2026-05-24 23:23:35] [INFO] DyTR训练开始...
[2026-05-24 23:23:40] [INFO] === DyTR参数配置 ===
                	 using device: cpu
                	 batch_size: 256
                	 历史长度T: 15
                	 预测长度: 10
                	 cfg(车辆质量): 2273.9
                	 num epochs: 200
                	 learning rate: 0.0001
                	 weight decay: 0.001
                	 验证集比例: 0.2
                	 loss权重: [0.0, 1.0, 0.0, 0.0]
                	 early stop patience: 30
                	 early stop delta loss: 0.0001
                	 early stop step: 1
                	 normalize: True
                	 filter_flag: True
                	 === DyTR模型参数配置 ===
                	 state_names: ['v_lon', 'v_lat', 'yaw', 'v_yaw']
                	 control_names: ['accel', 'steering_angle']
                	 state_dim: 4
                	 control_dim: 2
                	 config_dim: 1
                	 feature_dim: 4
                	 layer_nums: 1
                	 pos_kind: sin
                	 dropout_rate: 0.5
                	 ========================
[2026-05-24 23:23:40] [INFO] Found 25 pickle files in E:\研究生学习\应用实践论文\DytrProject\Dataset\real_base_control
[2026-05-24 23:23:40] [INFO] Using 20 files for training, 5 files for validation
[2026-05-24 23:23:40] [INFO] 创建训练数据集...
[2026-05-24 23:23:40] [INFO] 加载 20 个文件...
[2026-05-24 23:23:40] [INFO] 已加载 0/20 文件
[2026-05-24 23:23:41] [INFO] 批量拟合完成 - 状态: (29759, 4), 控制: (29759, 2), 基础: (29759, 4), 差异: (29759, 4)
[2026-05-24 23:23:41] [INFO] 开始归一化train集样本...
[2026-05-24 23:23:43] [INFO] 归一化完成
[2026-05-24 23:23:43] [INFO] train数据集: 20个文件，1839个样本
[2026-05-24 23:23:43] [INFO] 训练数据集归一化...
[2026-05-24 23:23:43] [INFO] 归一化器已保存到: E:/研究生学习/应用实践论文/DytrProject/result/model_3_norm_True_num_epochs200_batch_size256_20260524_2323/checkpoints\scalers.pkl
[2026-05-24 23:23:43] [INFO] 创建验证数据集...
[2026-05-24 23:23:43] [INFO] 加载 5 个文件...
[2026-05-24 23:23:43] [INFO] 已加载 0/5 文件
[2026-05-24 23:23:43] [INFO] val集使用预训练归一化器
[2026-05-24 23:23:43] [INFO] 开始归一化val集样本...
[2026-05-24 23:23:43] [INFO] 归一化完成
[2026-05-24 23:23:43] [INFO] val数据集: 5个文件，468个样本
[2026-05-24 23:23:43] [INFO] 
 ===========================start trainning=================================
[2026-05-24 23:23:43] [INFO]  
[2026-05-24 23:23:43] [INFO] === Training epoch 1/200 ===
[2026-05-24 23:23:43] [INFO] [AR Status] Teacher Forcing Ratio: 0.00
[2026-05-24 23:23:44] [INFO] [Train] epoch 1/200, total_loss=51.2703, vlat_mse=50.3100, traj_ade=0.8477
[2026-05-24 23:23:44] [INFO] Running validation (100% Closed-Loop)...
[2026-05-24 23:23:44] [INFO] ★ [Validation] epoch 1/200, Val Total Loss = 208.0063,vlat_mse=204.8560, traj_ade=3.0444
[2026-05-24 23:23:44] [INFO] Saved model at epoch 1
[2026-05-24 23:23:44] [INFO] Saved model at epoch 1
[2026-05-24 23:23:44] [INFO] Best model saved with val loss 208.0063
[2026-05-24 23:23:44] [INFO] New best model saved! (Val Loss decreased to 208.0063)
[2026-05-24 23:23:44] [ERROR] Error in validation epoch 1: base_error has unsupported shape: (468, 10, 4)
[2026-05-24 23:23:44] [INFO]  
[2026-05-24 23:23:44] [INFO] === Training epoch 2/200 ===
[2026-05-24 23:23:44] [INFO] [AR Status] Teacher Forcing Ratio: 0.00
[2026-05-24 23:23:45] [INFO] [Train] epoch 2/200, total_loss=52.5083, vlat_mse=51.5448, traj_ade=0.8515
[2026-05-24 23:23:45] [INFO] Running validation (100% Closed-Loop)...
[2026-05-24 23:23:45] [INFO] ★ [Validation] epoch 2/200, Val Total Loss = 206.7331,vlat_mse=203.5969, traj_ade=3.0305
[2026-05-24 23:23:45] [INFO] Saved model at epoch 2
[2026-05-24 23:23:45] [INFO] Saved model at epoch 2
[2026-05-24 23:23:45] [INFO] Best model saved with val loss 206.7331
[2026-05-24 23:23:45] [INFO] New best model saved! (Val Loss decreased to 206.7331)
[2026-05-24 23:23:45] [ERROR] Error in validation epoch 2: base_error has unsupported shape: (468, 10, 4)
[2026-05-24 23:23:45] [INFO]  
[2026-05-24 23:23:45] [INFO] === Training epoch 3/200 ===
[2026-05-24 23:23:45] [INFO] [AR Status] Teacher Forcing Ratio: 0.00
[2026-05-24 23:23:46] [INFO] [Train] epoch 3/200, total_loss=50.9161, vlat_mse=49.9822, traj_ade=0.8234
[2026-05-24 23:23:46] [INFO] Running validation (100% Closed-Loop)...
[2026-05-24 23:23:46] [INFO] ★ [Validation] epoch 3/200, Val Total Loss = 205.3710,vlat_mse=202.2498, traj_ade=3.0157
[2026-05-24 23:23:46] [INFO] Saved model at epoch 3
[2026-05-24 23:23:46] [INFO] Saved model at epoch 3
[2026-05-24 23:23:46] [INFO] Best model saved with val loss 205.3710
[2026-05-24 23:23:46] [INFO] New best model saved! (Val Loss decreased to 205.3710)
[2026-05-24 23:23:46] [ERROR] Error in validation epoch 3: base_error has unsupported shape: (468, 10, 4)
[2026-05-24 23:23:46] [INFO]  
[2026-05-24 23:23:46] [INFO] === Training epoch 4/200 ===
[2026-05-24 23:23:46] [INFO] [AR Status] Teacher Forcing Ratio: 0.00
[2026-05-24 23:25:23] [INFO] DyTR训练开始...
[2026-05-24 23:25:30] [INFO] === DyTR参数配置 ===
                	 using device: cpu
                	 batch_size: 256
                	 历史长度T: 15
                	 预测长度: 10
                	 cfg(车辆质量): 2273.9
                	 num epochs: 200
                	 learning rate: 0.0001
                	 weight decay: 0.001
                	 验证集比例: 0.2
                	 loss权重: [0.0, 1.0, 0.0, 0.0]
                	 early stop patience: 30
                	 early stop delta loss: 0.0001
                	 early stop step: 1
                	 normalize: True
                	 filter_flag: True
                	 === DyTR模型参数配置 ===
                	 state_names: ['v_lon', 'v_lat', 'yaw', 'v_yaw']
                	 control_names: ['accel', 'steering_angle']
                	 state_dim: 4
                	 control_dim: 2
                	 config_dim: 1
                	 feature_dim: 4
                	 layer_nums: 1
                	 pos_kind: sin
                	 dropout_rate: 0.5
                	 ========================
[2026-05-24 23:25:30] [INFO] Found 25 pickle files in E:\研究生学习\应用实践论文\DytrProject\Dataset\real_base_control
[2026-05-24 23:25:30] [INFO] Using 20 files for training, 5 files for validation
[2026-05-24 23:25:30] [INFO] 创建训练数据集...
[2026-05-24 23:25:30] [INFO] 加载 20 个文件...
[2026-05-24 23:25:30] [INFO] 已加载 0/20 文件
[2026-05-24 23:25:30] [INFO] 批量拟合完成 - 状态: (29759, 4), 控制: (29759, 2), 基础: (29759, 4), 差异: (29759, 4)
[2026-05-24 23:25:30] [INFO] 开始归一化train集样本...
[2026-05-24 23:25:34] [INFO] 归一化完成
[2026-05-24 23:25:34] [INFO] train数据集: 20个文件，1839个样本
[2026-05-24 23:25:34] [INFO] 训练数据集归一化...
[2026-05-24 23:25:34] [INFO] 归一化器已保存到: E:/研究生学习/应用实践论文/DytrProject/result/model_3_norm_True_num_epochs200_batch_size256_20260524_2325/checkpoints\scalers.pkl
[2026-05-24 23:25:34] [INFO] 创建验证数据集...
[2026-05-24 23:25:34] [INFO] 加载 5 个文件...
[2026-05-24 23:25:34] [INFO] 已加载 0/5 文件
[2026-05-24 23:25:34] [INFO] val集使用预训练归一化器
[2026-05-24 23:25:34] [INFO] 开始归一化val集样本...
[2026-05-24 23:25:35] [INFO] 归一化完成
[2026-05-24 23:25:35] [INFO] val数据集: 5个文件，468个样本
[2026-05-24 23:25:35] [INFO] 
 ===========================start trainning=================================
[2026-05-24 23:25:35] [INFO]  
[2026-05-24 23:25:35] [INFO] === Training epoch 1/200 ===
[2026-05-24 23:25:35] [INFO] [AR Status] Teacher Forcing Ratio: 0.00
[2026-05-24 23:25:36] [INFO] [Train] epoch 1/200, total_loss=51.2703, vlat_mse=50.3100, traj_ade=0.8477
[2026-05-24 23:25:36] [INFO] Running validation (100% Closed-Loop)...
[2026-05-24 23:25:36] [INFO] ★ [Validation] epoch 1/200, Val Total Loss = 208.0063,vlat_mse=204.8560, traj_ade=3.0444
[2026-05-24 23:25:36] [INFO] Saved model at epoch 1
[2026-05-24 23:25:36] [INFO] Saved model at epoch 1
[2026-05-24 23:25:36] [INFO] Best model saved with val loss 208.0063
[2026-05-24 23:25:36] [INFO] New best model saved! (Val Loss decreased to 208.0063)
[2026-05-24 23:25:37] [ERROR] Error in validation epoch 1: mean() received an invalid combination of arguments - got (axis=NoneType, dtype=NoneType, out=NoneType, ), but expected one of:
 * (*, torch.dtype dtype = None)
 * (tuple of ints dim, bool keepdim = False, *, torch.dtype dtype = None)
 * (tuple of names dim, bool keepdim = False, *, torch.dtype dtype = None)

[2026-05-24 23:25:38] [INFO]  
[2026-05-24 23:25:38] [INFO] === Training epoch 2/200 ===
[2026-05-24 23:25:38] [INFO] [AR Status] Teacher Forcing Ratio: 0.00
[2026-05-24 23:25:38] [INFO] [Train] epoch 2/200, total_loss=52.5083, vlat_mse=51.5448, traj_ade=0.8515
[2026-05-24 23:25:38] [INFO] Running validation (100% Closed-Loop)...
[2026-05-24 23:25:39] [INFO] ★ [Validation] epoch 2/200, Val Total Loss = 206.7331,vlat_mse=203.5969, traj_ade=3.0305
[2026-05-24 23:25:39] [INFO] Saved model at epoch 2
[2026-05-24 23:25:39] [INFO] Saved model at epoch 2
[2026-05-24 23:25:39] [INFO] Best model saved with val loss 206.7331
[2026-05-24 23:25:39] [INFO] New best model saved! (Val Loss decreased to 206.7331)
[2026-05-24 23:25:39] [ERROR] Error in validation epoch 2: mean() received an invalid combination of arguments - got (axis=NoneType, dtype=NoneType, out=NoneType, ), but expected one of:
 * (*, torch.dtype dtype = None)
 * (tuple of ints dim, bool keepdim = False, *, torch.dtype dtype = None)
 * (tuple of names dim, bool keepdim = False, *, torch.dtype dtype = None)

[2026-05-24 23:25:39] [INFO]  
[2026-05-24 23:25:39] [INFO] === Training epoch 3/200 ===
[2026-05-24 23:25:39] [INFO] [AR Status] Teacher Forcing Ratio: 0.00
[2026-05-24 23:27:28] [INFO] DyTR训练开始...
[2026-05-24 23:27:33] [INFO] === DyTR参数配置 ===
                	 using device: cpu
                	 batch_size: 256
                	 历史长度T: 15
                	 预测长度: 10
                	 cfg(车辆质量): 2273.9
                	 num epochs: 200
                	 learning rate: 0.0001
                	 weight decay: 0.001
                	 验证集比例: 0.2
                	 loss权重: [0.0, 1.0, 0.0, 0.0]
                	 early stop patience: 30
                	 early stop delta loss: 0.0001
                	 early stop step: 1
                	 normalize: True
                	 filter_flag: True
                	 === DyTR模型参数配置 ===
                	 state_names: ['v_lon', 'v_lat', 'yaw', 'v_yaw']
                	 control_names: ['accel', 'steering_angle']
                	 state_dim: 4
                	 control_dim: 2
                	 config_dim: 1
                	 feature_dim: 4
                	 layer_nums: 1
                	 pos_kind: sin
                	 dropout_rate: 0.5
                	 ========================
[2026-05-24 23:27:33] [INFO] Found 25 pickle files in E:\研究生学习\应用实践论文\DytrProject\Dataset\real_base_control
[2026-05-24 23:27:33] [INFO] Using 20 files for training, 5 files for validation
[2026-05-24 23:27:33] [INFO] 创建训练数据集...
[2026-05-24 23:27:33] [INFO] 加载 20 个文件...
[2026-05-24 23:27:33] [INFO] 已加载 0/20 文件
[2026-05-24 23:27:33] [INFO] 批量拟合完成 - 状态: (29759, 4), 控制: (29759, 2), 基础: (29759, 4), 差异: (29759, 4)
[2026-05-24 23:27:33] [INFO] 开始归一化train集样本...
[2026-05-24 23:27:35] [INFO] 归一化完成
[2026-05-24 23:27:35] [INFO] train数据集: 20个文件，1839个样本
[2026-05-24 23:27:35] [INFO] 训练数据集归一化...
[2026-05-24 23:27:35] [INFO] 归一化器已保存到: E:/研究生学习/应用实践论文/DytrProject/result/model_3_norm_True_num_epochs200_batch_size256_20260524_2327/checkpoints\scalers.pkl
[2026-05-24 23:27:35] [INFO] 创建验证数据集...
[2026-05-24 23:27:35] [INFO] 加载 5 个文件...
[2026-05-24 23:27:35] [INFO] 已加载 0/5 文件
[2026-05-24 23:27:35] [INFO] val集使用预训练归一化器
[2026-05-24 23:27:35] [INFO] 开始归一化val集样本...
[2026-05-24 23:27:35] [INFO] 归一化完成
[2026-05-24 23:27:35] [INFO] val数据集: 5个文件，468个样本
[2026-05-24 23:27:35] [INFO] 
 ===========================start trainning=================================
[2026-05-24 23:27:35] [INFO]  
[2026-05-24 23:27:35] [INFO] === Training epoch 1/200 ===
[2026-05-24 23:27:35] [INFO] [AR Status] Teacher Forcing Ratio: 0.00
[2026-05-24 23:27:36] [INFO] [Train] epoch 1/200, total_loss=51.2703, vlat_mse=50.3100, traj_ade=0.8477
[2026-05-24 23:27:36] [INFO] Running validation (100% Closed-Loop)...
[2026-05-24 23:27:36] [INFO] ★ [Validation] epoch 1/200, Val Total Loss = 208.0063,vlat_mse=204.8560, traj_ade=3.0444
[2026-05-24 23:27:36] [INFO] Saved model at epoch 1
[2026-05-24 23:27:36] [INFO] Saved model at epoch 1
[2026-05-24 23:27:36] [INFO] Best model saved with val loss 208.0063
[2026-05-24 23:27:36] [INFO] New best model saved! (Val Loss decreased to 208.0063)
[2026-05-24 23:27:38] [ERROR] Error in validation epoch 1: mean() received an invalid combination of arguments - got (axis=NoneType, dtype=NoneType, out=NoneType, ), but expected one of:
 * (*, torch.dtype dtype = None)
 * (tuple of ints dim, bool keepdim = False, *, torch.dtype dtype = None)
 * (tuple of names dim, bool keepdim = False, *, torch.dtype dtype = None)

[2026-05-24 23:27:38] [INFO]  
[2026-05-24 23:27:38] [INFO] === Training epoch 2/200 ===
[2026-05-24 23:27:38] [INFO] [AR Status] Teacher Forcing Ratio: 0.00
[2026-05-24 23:27:38] [INFO] [Train] epoch 2/200, total_loss=52.5083, vlat_mse=51.5448, traj_ade=0.8515
[2026-05-24 23:27:38] [INFO] Running validation (100% Closed-Loop)...
[2026-05-24 23:27:39] [INFO] ★ [Validation] epoch 2/200, Val Total Loss = 206.7331,vlat_mse=203.5969, traj_ade=3.0305
[2026-05-24 23:27:39] [INFO] Saved model at epoch 2
[2026-05-24 23:27:39] [INFO] Saved model at epoch 2
[2026-05-24 23:27:39] [INFO] Best model saved with val loss 206.7331
[2026-05-24 23:27:39] [INFO] New best model saved! (Val Loss decreased to 206.7331)
[2026-05-24 23:27:39] [ERROR] Error in validation epoch 2: mean() received an invalid combination of arguments - got (axis=NoneType, dtype=NoneType, out=NoneType, ), but expected one of:
 * (*, torch.dtype dtype = None)
 * (tuple of ints dim, bool keepdim = False, *, torch.dtype dtype = None)
 * (tuple of names dim, bool keepdim = False, *, torch.dtype dtype = None)

[2026-05-24 23:27:39] [INFO]  
[2026-05-24 23:27:39] [INFO] === Training epoch 3/200 ===
[2026-05-24 23:27:39] [INFO] [AR Status] Teacher Forcing Ratio: 0.00
[2026-05-24 23:27:40] [INFO] [Train] epoch 3/200, total_loss=50.9161, vlat_mse=49.9822, traj_ade=0.8234
[2026-05-24 23:27:40] [INFO] Running validation (100% Closed-Loop)...
[2026-05-24 23:27:40] [INFO] ★ [Validation] epoch 3/200, Val Total Loss = 205.3710,vlat_mse=202.2498, traj_ade=3.0157
[2026-05-24 23:27:40] [INFO] Saved model at epoch 3
[2026-05-24 23:27:40] [INFO] Saved model at epoch 3
[2026-05-24 23:27:40] [INFO] Best model saved with val loss 205.3710
[2026-05-24 23:27:40] [INFO] New best model saved! (Val Loss decreased to 205.3710)
[2026-05-24 23:27:40] [ERROR] Error in validation epoch 3: mean() received an invalid combination of arguments - got (axis=NoneType, dtype=NoneType, out=NoneType, ), but expected one of:
 * (*, torch.dtype dtype = None)
 * (tuple of ints dim, bool keepdim = False, *, torch.dtype dtype = None)
 * (tuple of names dim, bool keepdim = False, *, torch.dtype dtype = None)

[2026-05-24 23:27:40] [INFO]  
[2026-05-24 23:27:40] [INFO] === Training epoch 4/200 ===
[2026-05-24 23:27:40] [INFO] [AR Status] Teacher Forcing Ratio: 0.00
[2026-05-24 23:27:41] [INFO] [Train] epoch 4/200, total_loss=49.0301, vlat_mse=48.1099, traj_ade=0.8110
[2026-05-24 23:27:41] [INFO] Running validation (100% Closed-Loop)...
[2026-05-24 23:27:41] [INFO] ★ [Validation] epoch 4/200, Val Total Loss = 204.0363,vlat_mse=200.9297, traj_ade=3.0011
[2026-05-24 23:27:41] [INFO] Saved model at epoch 4
[2026-05-24 23:27:41] [INFO] Saved model at epoch 4
[2026-05-24 23:27:41] [INFO] Best model saved with val loss 204.0363
[2026-05-24 23:27:41] [INFO] New best model saved! (Val Loss decreased to 204.0363)
[2026-05-24 23:27:41] [ERROR] Error in validation epoch 4: mean() received an invalid combination of arguments - got (axis=NoneType, dtype=NoneType, out=NoneType, ), but expected one of:
 * (*, torch.dtype dtype = None)
 * (tuple of ints dim, bool keepdim = False, *, torch.dtype dtype = None)
 * (tuple of names dim, bool keepdim = False, *, torch.dtype dtype = None)

[2026-05-24 23:27:41] [INFO]  
[2026-05-24 23:27:41] [INFO] === Training epoch 5/200 ===
[2026-05-24 23:27:41] [INFO] [AR Status] Teacher Forcing Ratio: 0.00
[2026-05-24 23:27:42] [INFO] [Train] epoch 5/200, total_loss=49.2392, vlat_mse=48.3117, traj_ade=0.8155
[2026-05-24 23:27:42] [INFO] Running validation (100% Closed-Loop)...
[2026-05-24 23:27:42] [INFO] ★ [Validation] epoch 5/200, Val Total Loss = 202.7256,vlat_mse=199.6335, traj_ade=2.9867
[2026-05-24 23:27:42] [INFO] Saved model at epoch 5
[2026-05-24 23:27:42] [INFO] Saved model at epoch 5
[2026-05-24 23:27:42] [INFO] Best model saved with val loss 202.7256
[2026-05-24 23:27:42] [INFO] New best model saved! (Val Loss decreased to 202.7256)
[2026-05-24 23:27:43] [ERROR] Error in validation epoch 5: mean() received an invalid combination of arguments - got (axis=NoneType, dtype=NoneType, out=NoneType, ), but expected one of:
 * (*, torch.dtype dtype = None)
 * (tuple of ints dim, bool keepdim = False, *, torch.dtype dtype = None)
 * (tuple of names dim, bool keepdim = False, *, torch.dtype dtype = None)

[2026-05-24 23:27:43] [INFO]  
[2026-05-24 23:27:43] [INFO] === Training epoch 6/200 ===
[2026-05-24 23:27:43] [INFO] [AR Status] Teacher Forcing Ratio: 0.00
[2026-05-24 23:27:44] [INFO] [Train] epoch 6/200, total_loss=47.3048, vlat_mse=46.4048, traj_ade=0.7923
[2026-05-24 23:27:44] [INFO] Running validation (100% Closed-Loop)...
[2026-05-24 23:27:44] [INFO] ★ [Validation] epoch 6/200, Val Total Loss = 201.3873,vlat_mse=198.3100, traj_ade=2.9721
[2026-05-24 23:27:44] [INFO] Saved model at epoch 6
[2026-05-24 23:27:44] [INFO] Saved model at epoch 6
[2026-05-24 23:27:44] [INFO] Best model saved with val loss 201.3873
[2026-05-24 23:27:44] [INFO] New best model saved! (Val Loss decreased to 201.3873)
[2026-05-24 23:27:44] [ERROR] Error in validation epoch 6: mean() received an invalid combination of arguments - got (axis=NoneType, dtype=NoneType, out=NoneType, ), but expected one of:
 * (*, torch.dtype dtype = None)
 * (tuple of ints dim, bool keepdim = False, *, torch.dtype dtype = None)
 * (tuple of names dim, bool keepdim = False, *, torch.dtype dtype = None)

[2026-05-24 23:27:44] [INFO]  
[2026-05-24 23:27:44] [INFO] === Training epoch 7/200 ===
[2026-05-24 23:27:44] [INFO] [AR Status] Teacher Forcing Ratio: 0.00
[2026-05-24 23:27:45] [INFO] [Train] epoch 7/200, total_loss=46.9471, vlat_mse=46.0540, traj_ade=0.7834
[2026-05-24 23:27:45] [INFO] Running validation (100% Closed-Loop)...
[2026-05-24 23:27:45] [INFO] ★ [Validation] epoch 7/200, Val Total Loss = 199.9706,vlat_mse=196.9089, traj_ade=2.9567
[2026-05-24 23:27:45] [INFO] Saved model at epoch 7
[2026-05-24 23:27:45] [INFO] Saved model at epoch 7
[2026-05-24 23:27:45] [INFO] Best model saved with val loss 199.9706
[2026-05-24 23:27:45] [INFO] New best model saved! (Val Loss decreased to 199.9706)
[2026-05-24 23:27:46] [ERROR] Error in validation epoch 7: mean() received an invalid combination of arguments - got (axis=NoneType, dtype=NoneType, out=NoneType, ), but expected one of:
 * (*, torch.dtype dtype = None)
 * (tuple of ints dim, bool keepdim = False, *, torch.dtype dtype = None)
 * (tuple of names dim, bool keepdim = False, *, torch.dtype dtype = None)

[2026-05-24 23:27:46] [INFO]  
[2026-05-24 23:27:46] [INFO] === Training epoch 8/200 ===
[2026-05-24 23:27:46] [INFO] [AR Status] Teacher Forcing Ratio: 0.00
[2026-05-24 23:27:46] [INFO] [Train] epoch 8/200, total_loss=47.2748, vlat_mse=46.3715, traj_ade=0.7931
[2026-05-24 23:27:46] [INFO] Running validation (100% Closed-Loop)...
[2026-05-24 23:27:46] [INFO] ★ [Validation] epoch 8/200, Val Total Loss = 198.5190,vlat_mse=195.4731, traj_ade=2.9409
[2026-05-24 23:27:47] [INFO] Saved model at epoch 8
[2026-05-24 23:27:47] [INFO] Saved model at epoch 8
[2026-05-24 23:27:47] [INFO] Best model saved with val loss 198.5190
[2026-05-24 23:27:47] [INFO] New best model saved! (Val Loss decreased to 198.5190)
[2026-05-24 23:27:47] [ERROR] Error in validation epoch 8: mean() received an invalid combination of arguments - got (axis=NoneType, dtype=NoneType, out=NoneType, ), but expected one of:
 * (*, torch.dtype dtype = None)
 * (tuple of ints dim, bool keepdim = False, *, torch.dtype dtype = None)
 * (tuple of names dim, bool keepdim = False, *, torch.dtype dtype = None)

[2026-05-24 23:27:47] [INFO]  
[2026-05-24 23:27:47] [INFO] === Training epoch 9/200 ===
[2026-05-24 23:27:47] [INFO] [AR Status] Teacher Forcing Ratio: 0.00
[2026-05-24 23:27:48] [INFO] [Train] epoch 9/200, total_loss=46.3428, vlat_mse=45.4511, traj_ade=0.7819
[2026-05-24 23:27:48] [INFO] Running validation (100% Closed-Loop)...
[2026-05-24 23:27:48] [INFO] ★ [Validation] epoch 9/200, Val Total Loss = 197.0685,vlat_mse=194.0385, traj_ade=2.9251
[2026-05-24 23:27:48] [INFO] Saved model at epoch 9
[2026-05-24 23:27:48] [INFO] Saved model at epoch 9
[2026-05-24 23:27:48] [INFO] Best model saved with val loss 197.0685
[2026-05-24 23:27:48] [INFO] New best model saved! (Val Loss decreased to 197.0685)
[2026-05-24 23:27:48] [ERROR] Error in validation epoch 9: mean() received an invalid combination of arguments - got (axis=NoneType, dtype=NoneType, out=NoneType, ), but expected one of:
 * (*, torch.dtype dtype = None)
 * (tuple of ints dim, bool keepdim = False, *, torch.dtype dtype = None)
 * (tuple of names dim, bool keepdim = False, *, torch.dtype dtype = None)

[2026-05-24 23:27:48] [INFO]  
[2026-05-24 23:27:48] [INFO] === Training epoch 10/200 ===
[2026-05-24 23:27:48] [INFO] [AR Status] Teacher Forcing Ratio: 0.00
[2026-05-24 23:27:49] [INFO] [Train] epoch 10/200, total_loss=45.9930, vlat_mse=45.0990, traj_ade=0.7899
[2026-05-24 23:27:49] [INFO] Running validation (100% Closed-Loop)...
[2026-05-24 23:27:49] [INFO] ★ [Validation] epoch 10/200, Val Total Loss = 195.6369,vlat_mse=192.6226, traj_ade=2.9096
[2026-05-24 23:27:49] [INFO] Saved model at epoch 10
[2026-05-24 23:27:49] [INFO] Saved model at epoch 10
[2026-05-24 23:27:49] [INFO] Best model saved with val loss 195.6369
[2026-05-24 23:27:49] [INFO] New best model saved! (Val Loss decreased to 195.6369)
[2026-05-24 23:27:50] [ERROR] Error in validation epoch 10: mean() received an invalid combination of arguments - got (axis=NoneType, dtype=NoneType, out=NoneType, ), but expected one of:
 * (*, torch.dtype dtype = None)
 * (tuple of ints dim, bool keepdim = False, *, torch.dtype dtype = None)
 * (tuple of names dim, bool keepdim = False, *, torch.dtype dtype = None)

[2026-05-24 23:27:50] [INFO]  
[2026-05-24 23:27:50] [INFO] === Training epoch 11/200 ===
[2026-05-24 23:27:50] [INFO] [AR Status] Teacher Forcing Ratio: 0.00
[2026-05-24 23:27:50] [INFO] [Train] epoch 11/200, total_loss=43.9387, vlat_mse=43.0751, traj_ade=0.7568
[2026-05-24 23:27:50] [INFO] Running validation (100% Closed-Loop)...
[2026-05-24 23:27:51] [INFO] ★ [Validation] epoch 11/200, Val Total Loss = 193.9906,vlat_mse=190.9940, traj_ade=2.8920
[2026-05-24 23:27:51] [INFO] Saved model at epoch 11
[2026-05-24 23:27:51] [INFO] Saved model at epoch 11
[2026-05-24 23:27:51] [INFO] Best model saved with val loss 193.9906
[2026-05-24 23:27:51] [INFO] New best model saved! (Val Loss decreased to 193.9906)
[2026-05-24 23:27:51] [ERROR] Error in validation epoch 11: mean() received an invalid combination of arguments - got (axis=NoneType, dtype=NoneType, out=NoneType, ), but expected one of:
 * (*, torch.dtype dtype = None)
 * (tuple of ints dim, bool keepdim = False, *, torch.dtype dtype = None)
 * (tuple of names dim, bool keepdim = False, *, torch.dtype dtype = None)

[2026-05-24 23:27:51] [INFO]  
[2026-05-24 23:27:51] [INFO] === Training epoch 12/200 ===
[2026-05-24 23:27:51] [INFO] [AR Status] Teacher Forcing Ratio: 0.00
[2026-05-24 23:27:52] [INFO] [Train] epoch 12/200, total_loss=44.0140, vlat_mse=43.1503, traj_ade=0.7599
[2026-05-24 23:27:52] [INFO] Running validation (100% Closed-Loop)...
[2026-05-24 23:27:52] [INFO] ★ [Validation] epoch 12/200, Val Total Loss = 192.4209,vlat_mse=189.4413, traj_ade=2.8751
[2026-05-24 23:27:52] [INFO] Saved model at epoch 12
[2026-05-24 23:27:52] [INFO] Saved model at epoch 12
[2026-05-24 23:27:52] [INFO] Best model saved with val loss 192.4209
[2026-05-24 23:27:52] [INFO] New best model saved! (Val Loss decreased to 192.4209)
[2026-05-24 23:27:53] [ERROR] Error in validation epoch 12: mean() received an invalid combination of arguments - got (axis=NoneType, dtype=NoneType, out=NoneType, ), but expected one of:
 * (*, torch.dtype dtype = None)
 * (tuple of ints dim, bool keepdim = False, *, torch.dtype dtype = None)
 * (tuple of names dim, bool keepdim = False, *, torch.dtype dtype = None)

[2026-05-24 23:27:53] [INFO]  
[2026-05-24 23:27:53] [INFO] === Training epoch 13/200 ===
[2026-05-24 23:27:53] [INFO] [AR Status] Teacher Forcing Ratio: 0.00
[2026-05-24 23:27:54] [INFO] [Train] epoch 13/200, total_loss=43.5970, vlat_mse=42.7376, traj_ade=0.7542
[2026-05-24 23:27:54] [INFO] Running validation (100% Closed-Loop)...
[2026-05-24 23:27:54] [INFO] ★ [Validation] epoch 13/200, Val Total Loss = 190.7912,vlat_mse=187.8292, traj_ade=2.8576
[2026-05-24 23:27:54] [INFO] Saved model at epoch 13
[2026-05-24 23:27:54] [INFO] Saved model at epoch 13
[2026-05-24 23:27:54] [INFO] Best model saved with val loss 190.7912
[2026-05-24 23:27:54] [INFO] New best model saved! (Val Loss decreased to 190.7912)
[2026-05-24 23:27:55] [ERROR] Error in validation epoch 13: mean() received an invalid combination of arguments - got (axis=NoneType, dtype=NoneType, out=NoneType, ), but expected one of:
 * (*, torch.dtype dtype = None)
 * (tuple of ints dim, bool keepdim = False, *, torch.dtype dtype = None)
 * (tuple of names dim, bool keepdim = False, *, torch.dtype dtype = None)

[2026-05-24 23:27:55] [INFO]  
[2026-05-24 23:27:55] [INFO] === Training epoch 14/200 ===
[2026-05-24 23:27:55] [INFO] [AR Status] Teacher Forcing Ratio: 0.00
[2026-05-24 23:27:56] [INFO] [Train] epoch 14/200, total_loss=43.4656, vlat_mse=42.6041, traj_ade=0.7580
[2026-05-24 23:27:56] [INFO] Running validation (100% Closed-Loop)...
[2026-05-24 23:27:56] [INFO] ★ [Validation] epoch 14/200, Val Total Loss = 189.2115,vlat_mse=186.2667, traj_ade=2.8405
[2026-05-24 23:27:56] [INFO] Saved model at epoch 14
[2026-05-24 23:27:56] [INFO] Saved model at epoch 14
[2026-05-24 23:27:56] [INFO] Best model saved with val loss 189.2115
[2026-05-24 23:27:56] [INFO] New best model saved! (Val Loss decreased to 189.2115)
[2026-05-24 23:27:56] [ERROR] Error in validation epoch 14: mean() received an invalid combination of arguments - got (axis=NoneType, dtype=NoneType, out=NoneType, ), but expected one of:
 * (*, torch.dtype dtype = None)
 * (tuple of ints dim, bool keepdim = False, *, torch.dtype dtype = None)
 * (tuple of names dim, bool keepdim = False, *, torch.dtype dtype = None)

[2026-05-24 23:27:56] [INFO]  
[2026-05-24 23:27:56] [INFO] === Training epoch 15/200 ===
[2026-05-24 23:27:56] [INFO] [AR Status] Teacher Forcing Ratio: 0.00
[2026-05-24 23:27:57] [INFO] [Train] epoch 15/200, total_loss=43.6342, vlat_mse=42.7832, traj_ade=0.7477
[2026-05-24 23:27:57] [INFO] Running validation (100% Closed-Loop)...
[2026-05-24 23:27:57] [INFO] ★ [Validation] epoch 15/200, Val Total Loss = 187.6478,vlat_mse=184.7202, traj_ade=2.8235
[2026-05-24 23:27:57] [INFO] Saved model at epoch 15
[2026-05-24 23:27:57] [INFO] Saved model at epoch 15
[2026-05-24 23:27:57] [INFO] Best model saved with val loss 187.6478
[2026-05-24 23:27:57] [INFO] New best model saved! (Val Loss decreased to 187.6478)
[2026-05-24 23:27:58] [ERROR] Error in validation epoch 15: mean() received an invalid combination of arguments - got (axis=NoneType, dtype=NoneType, out=NoneType, ), but expected one of:
 * (*, torch.dtype dtype = None)
 * (tuple of ints dim, bool keepdim = False, *, torch.dtype dtype = None)
 * (tuple of names dim, bool keepdim = False, *, torch.dtype dtype = None)

[2026-05-24 23:27:58] [INFO]  
[2026-05-24 23:27:58] [INFO] === Training epoch 16/200 ===
[2026-05-24 23:27:58] [INFO] [AR Status] Teacher Forcing Ratio: 0.00
[2026-05-24 23:27:59] [INFO] [Train] epoch 16/200, total_loss=42.3692, vlat_mse=41.5341, traj_ade=0.7333
[2026-05-24 23:27:59] [INFO] Running validation (100% Closed-Loop)...
[2026-05-24 23:27:59] [INFO] ★ [Validation] epoch 16/200, Val Total Loss = 186.1094,vlat_mse=183.1987, traj_ade=2.8067
[2026-05-24 23:27:59] [INFO] Saved model at epoch 16
[2026-05-24 23:27:59] [INFO] Saved model at epoch 16
[2026-05-24 23:27:59] [INFO] Best model saved with val loss 186.1094
[2026-05-24 23:27:59] [INFO] New best model saved! (Val Loss decreased to 186.1094)
[2026-05-24 23:27:59] [ERROR] Error in validation epoch 16: mean() received an invalid combination of arguments - got (axis=NoneType, dtype=NoneType, out=NoneType, ), but expected one of:
 * (*, torch.dtype dtype = None)
 * (tuple of ints dim, bool keepdim = False, *, torch.dtype dtype = None)
 * (tuple of names dim, bool keepdim = False, *, torch.dtype dtype = None)

[2026-05-24 23:27:59] [INFO]  
[2026-05-24 23:27:59] [INFO] === Training epoch 17/200 ===
[2026-05-24 23:27:59] [INFO] [AR Status] Teacher Forcing Ratio: 0.00
[2026-05-24 23:28:00] [INFO] [Train] epoch 17/200, total_loss=41.4569, vlat_mse=40.6384, traj_ade=0.7197
[2026-05-24 23:28:00] [INFO] Running validation (100% Closed-Loop)...
[2026-05-24 23:28:00] [INFO] ★ [Validation] epoch 17/200, Val Total Loss = 184.4154,vlat_mse=181.5233, traj_ade=2.7882
[2026-05-24 23:28:00] [INFO] Saved model at epoch 17
[2026-05-24 23:28:00] [INFO] Saved model at epoch 17
[2026-05-24 23:28:00] [INFO] Best model saved with val loss 184.4154
[2026-05-24 23:28:00] [INFO] New best model saved! (Val Loss decreased to 184.4154)
[2026-05-24 23:28:01] [ERROR] Error in validation epoch 17: mean() received an invalid combination of arguments - got (axis=NoneType, dtype=NoneType, out=NoneType, ), but expected one of:
 * (*, torch.dtype dtype = None)
 * (tuple of ints dim, bool keepdim = False, *, torch.dtype dtype = None)
 * (tuple of names dim, bool keepdim = False, *, torch.dtype dtype = None)

[2026-05-24 23:28:01] [INFO]  
[2026-05-24 23:28:01] [INFO] === Training epoch 18/200 ===
[2026-05-24 23:28:01] [INFO] [AR Status] Teacher Forcing Ratio: 0.00
[2026-05-24 23:28:02] [INFO] [Train] epoch 18/200, total_loss=40.8627, vlat_mse=40.0352, traj_ade=0.7222
[2026-05-24 23:28:02] [INFO] Running validation (100% Closed-Loop)...
[2026-05-24 23:28:02] [INFO] ★ [Validation] epoch 18/200, Val Total Loss = 182.7242,vlat_mse=179.8505, traj_ade=2.7698
[2026-05-24 23:28:02] [INFO] Saved model at epoch 18
[2026-05-24 23:28:02] [INFO] Saved model at epoch 18
[2026-05-24 23:28:02] [INFO] Best model saved with val loss 182.7242
[2026-05-24 23:28:02] [INFO] New best model saved! (Val Loss decreased to 182.7242)
[2026-05-24 23:28:03] [ERROR] Error in validation epoch 18: mean() received an invalid combination of arguments - got (axis=NoneType, dtype=NoneType, out=NoneType, ), but expected one of:
 * (*, torch.dtype dtype = None)
 * (tuple of ints dim, bool keepdim = False, *, torch.dtype dtype = None)
 * (tuple of names dim, bool keepdim = False, *, torch.dtype dtype = None)

[2026-05-24 23:28:03] [INFO]  
[2026-05-24 23:28:03] [INFO] === Training epoch 19/200 ===
[2026-05-24 23:28:03] [INFO] [AR Status] Teacher Forcing Ratio: 0.00
[2026-05-24 23:28:03] [INFO] [Train] epoch 19/200, total_loss=40.2052, vlat_mse=39.3970, traj_ade=0.7107
[2026-05-24 23:28:03] [INFO] Running validation (100% Closed-Loop)...
[2026-05-24 23:28:04] [INFO] ★ [Validation] epoch 19/200, Val Total Loss = 181.1197,vlat_mse=178.2638, traj_ade=2.7523
[2026-05-24 23:28:04] [INFO] Saved model at epoch 19
[2026-05-24 23:28:04] [INFO] Saved model at epoch 19
[2026-05-24 23:28:04] [INFO] Best model saved with val loss 181.1197
[2026-05-24 23:28:04] [INFO] New best model saved! (Val Loss decreased to 181.1197)
[2026-05-24 23:28:04] [ERROR] Error in validation epoch 19: mean() received an invalid combination of arguments - got (axis=NoneType, dtype=NoneType, out=NoneType, ), but expected one of:
 * (*, torch.dtype dtype = None)
 * (tuple of ints dim, bool keepdim = False, *, torch.dtype dtype = None)
 * (tuple of names dim, bool keepdim = False, *, torch.dtype dtype = None)

[2026-05-24 23:28:04] [INFO]  
[2026-05-24 23:28:04] [INFO] === Training epoch 20/200 ===
[2026-05-24 23:28:04] [INFO] [AR Status] Teacher Forcing Ratio: 0.00
[2026-05-24 23:28:05] [INFO] [Train] epoch 20/200, total_loss=38.9240, vlat_mse=38.1237, traj_ade=0.7001
[2026-05-24 23:28:05] [INFO] Running validation (100% Closed-Loop)...
[2026-05-24 23:28:05] [INFO] ★ [Validation] epoch 20/200, Val Total Loss = 179.4468,vlat_mse=176.6092, traj_ade=2.7340
[2026-05-24 23:28:05] [INFO] Saved model at epoch 20
[2026-05-24 23:28:05] [INFO] Saved model at epoch 20
[2026-05-24 23:28:05] [INFO] Best model saved with val loss 179.4468
[2026-05-24 23:28:05] [INFO] New best model saved! (Val Loss decreased to 179.4468)
[2026-05-24 23:28:06] [ERROR] Error in validation epoch 20: mean() received an invalid combination of arguments - got (axis=NoneType, dtype=NoneType, out=NoneType, ), but expected one of:
 * (*, torch.dtype dtype = None)
 * (tuple of ints dim, bool keepdim = False, *, torch.dtype dtype = None)
 * (tuple of names dim, bool keepdim = False, *, torch.dtype dtype = None)

[2026-05-24 23:28:06] [INFO]  
[2026-05-24 23:28:06] [INFO] === Training epoch 21/200 ===
[2026-05-24 23:28:06] [INFO] [AR Status] Teacher Forcing Ratio: 0.00
[2026-05-24 23:28:07] [INFO] [Train] epoch 21/200, total_loss=40.6526, vlat_mse=39.8391, traj_ade=0.7146
[2026-05-24 23:28:07] [INFO] Running validation (100% Closed-Loop)...
[2026-05-24 23:28:07] [INFO] ★ [Validation] epoch 21/200, Val Total Loss = 177.7845,vlat_mse=174.9651, traj_ade=2.7158
[2026-05-24 23:28:07] [INFO] Saved model at epoch 21
[2026-05-24 23:28:07] [INFO] Saved model at epoch 21
[2026-05-24 23:28:07] [INFO] Best model saved with val loss 177.7845
[2026-05-24 23:28:07] [INFO] New best model saved! (Val Loss decreased to 177.7845)
[2026-05-24 23:28:08] [ERROR] Error in validation epoch 21: mean() received an invalid combination of arguments - got (axis=NoneType, dtype=NoneType, out=NoneType, ), but expected one of:
 * (*, torch.dtype dtype = None)
 * (tuple of ints dim, bool keepdim = False, *, torch.dtype dtype = None)
 * (tuple of names dim, bool keepdim = False, *, torch.dtype dtype = None)

[2026-05-24 23:28:08] [INFO]  
[2026-05-24 23:28:08] [INFO] === Training epoch 22/200 ===
[2026-05-24 23:28:08] [INFO] [AR Status] Teacher Forcing Ratio: 0.00
[2026-05-24 23:28:09] [INFO] [Train] epoch 22/200, total_loss=38.8021, vlat_mse=38.0030, traj_ade=0.6990
[2026-05-24 23:28:09] [INFO] Running validation (100% Closed-Loop)...
[2026-05-24 23:28:09] [INFO] ★ [Validation] epoch 22/200, Val Total Loss = 176.0544,vlat_mse=173.2540, traj_ade=2.6970
[2026-05-24 23:28:09] [INFO] Saved model at epoch 22
[2026-05-24 23:28:09] [INFO] Saved model at epoch 22
[2026-05-24 23:28:09] [INFO] Best model saved with val loss 176.0544
[2026-05-24 23:28:09] [INFO] New best model saved! (Val Loss decreased to 176.0544)
[2026-05-24 23:28:09] [ERROR] Error in validation epoch 22: mean() received an invalid combination of arguments - got (axis=NoneType, dtype=NoneType, out=NoneType, ), but expected one of:
 * (*, torch.dtype dtype = None)
 * (tuple of ints dim, bool keepdim = False, *, torch.dtype dtype = None)
 * (tuple of names dim, bool keepdim = False, *, torch.dtype dtype = None)

[2026-05-24 23:28:09] [INFO]  
[2026-05-24 23:28:09] [INFO] === Training epoch 23/200 ===
[2026-05-24 23:28:09] [INFO] [AR Status] Teacher Forcing Ratio: 0.00
[2026-05-24 23:28:11] [INFO] [Train] epoch 23/200, total_loss=37.5557, vlat_mse=36.7774, traj_ade=0.6775
[2026-05-24 23:28:11] [INFO] Running validation (100% Closed-Loop)...
[2026-05-24 23:28:11] [INFO] ★ [Validation] epoch 23/200, Val Total Loss = 174.2925,vlat_mse=171.5115, traj_ade=2.6778
[2026-05-24 23:28:11] [INFO] Saved model at epoch 23
[2026-05-24 23:28:11] [INFO] Saved model at epoch 23
[2026-05-24 23:28:11] [INFO] Best model saved with val loss 174.2925
[2026-05-24 23:28:11] [INFO] New best model saved! (Val Loss decreased to 174.2925)
[2026-05-24 23:28:11] [ERROR] Error in validation epoch 23: mean() received an invalid combination of arguments - got (axis=NoneType, dtype=NoneType, out=NoneType, ), but expected one of:
 * (*, torch.dtype dtype = None)
 * (tuple of ints dim, bool keepdim = False, *, torch.dtype dtype = None)
 * (tuple of names dim, bool keepdim = False, *, torch.dtype dtype = None)

[2026-05-24 23:28:11] [INFO]  
[2026-05-24 23:28:11] [INFO] === Training epoch 24/200 ===
[2026-05-24 23:28:11] [INFO] [AR Status] Teacher Forcing Ratio: 0.00
[2026-05-24 23:28:13] [INFO] [Train] epoch 24/200, total_loss=36.1139, vlat_mse=35.3530, traj_ade=0.6631
[2026-05-24 23:28:13] [INFO] Running validation (100% Closed-Loop)...
[2026-05-24 23:28:13] [INFO] ★ [Validation] epoch 24/200, Val Total Loss = 172.5020,vlat_mse=169.7406, traj_ade=2.6583
[2026-05-24 23:28:13] [INFO] Saved model at epoch 24
[2026-05-24 23:28:13] [INFO] Saved model at epoch 24
[2026-05-24 23:28:13] [INFO] Best model saved with val loss 172.5020
[2026-05-24 23:28:13] [INFO] New best model saved! (Val Loss decreased to 172.5020)
[2026-05-24 23:28:13] [ERROR] Error in validation epoch 24: mean() received an invalid combination of arguments - got (axis=NoneType, dtype=NoneType, out=NoneType, ), but expected one of:
 * (*, torch.dtype dtype = None)
 * (tuple of ints dim, bool keepdim = False, *, torch.dtype dtype = None)
 * (tuple of names dim, bool keepdim = False, *, torch.dtype dtype = None)

[2026-05-24 23:28:13] [INFO]  
[2026-05-24 23:28:13] [INFO] === Training epoch 25/200 ===
[2026-05-24 23:28:13] [INFO] [AR Status] Teacher Forcing Ratio: 0.00
[2026-05-24 23:28:15] [INFO] [Train] epoch 25/200, total_loss=34.8258, vlat_mse=34.0722, traj_ade=0.6570
[2026-05-24 23:28:15] [INFO] Running validation (100% Closed-Loop)...
[2026-05-24 23:28:15] [INFO] ★ [Validation] epoch 25/200, Val Total Loss = 170.7844,vlat_mse=168.0419, traj_ade=2.6394
[2026-05-24 23:28:15] [INFO] Saved model at epoch 25
[2026-05-24 23:28:15] [INFO] Saved model at epoch 25
[2026-05-24 23:28:15] [INFO] Best model saved with val loss 170.7844
[2026-05-24 23:28:15] [INFO] New best model saved! (Val Loss decreased to 170.7844)
[2026-05-24 23:28:16] [ERROR] Error in validation epoch 25: mean() received an invalid combination of arguments - got (axis=NoneType, dtype=NoneType, out=NoneType, ), but expected one of:
 * (*, torch.dtype dtype = None)
 * (tuple of ints dim, bool keepdim = False, *, torch.dtype dtype = None)
 * (tuple of names dim, bool keepdim = False, *, torch.dtype dtype = None)

[2026-05-24 23:28:16] [INFO]  
[2026-05-24 23:28:16] [INFO] === Training epoch 26/200 ===
[2026-05-24 23:28:16] [INFO] [AR Status] Teacher Forcing Ratio: 0.00
[2026-05-24 23:28:17] [INFO] [Train] epoch 26/200, total_loss=36.1880, vlat_mse=35.4233, traj_ade=0.6655
[2026-05-24 23:28:17] [INFO] Running validation (100% Closed-Loop)...
[2026-05-24 23:28:17] [INFO] ★ [Validation] epoch 26/200, Val Total Loss = 169.0149,vlat_mse=166.2919, traj_ade=2.6200
[2026-05-24 23:28:17] [INFO] Saved model at epoch 26
[2026-05-24 23:28:17] [INFO] Saved model at epoch 26
[2026-05-24 23:28:17] [INFO] Best model saved with val loss 169.0149
[2026-05-24 23:28:17] [INFO] New best model saved! (Val Loss decreased to 169.0149)
[2026-05-24 23:28:18] [ERROR] Error in validation epoch 26: mean() received an invalid combination of arguments - got (axis=NoneType, dtype=NoneType, out=NoneType, ), but expected one of:
 * (*, torch.dtype dtype = None)
 * (tuple of ints dim, bool keepdim = False, *, torch.dtype dtype = None)
 * (tuple of names dim, bool keepdim = False, *, torch.dtype dtype = None)

[2026-05-24 23:28:18] [INFO]  
[2026-05-24 23:28:18] [INFO] === Training epoch 27/200 ===
[2026-05-24 23:28:18] [INFO] [AR Status] Teacher Forcing Ratio: 0.00
[2026-05-24 23:28:19] [INFO] [Train] epoch 27/200, total_loss=36.1239, vlat_mse=35.3652, traj_ade=0.6625
[2026-05-24 23:28:19] [INFO] Running validation (100% Closed-Loop)...
[2026-05-24 23:28:19] [INFO] ★ [Validation] epoch 27/200, Val Total Loss = 167.3109,vlat_mse=164.6069, traj_ade=2.6012
[2026-05-24 23:28:19] [INFO] Saved model at epoch 27
[2026-05-24 23:28:19] [INFO] Saved model at epoch 27
[2026-05-24 23:28:19] [INFO] Best model saved with val loss 167.3109
[2026-05-24 23:28:19] [INFO] New best model saved! (Val Loss decreased to 167.3109)
[2026-05-24 23:28:20] [ERROR] Error in validation epoch 27: mean() received an invalid combination of arguments - got (axis=NoneType, dtype=NoneType, out=NoneType, ), but expected one of:
 * (*, torch.dtype dtype = None)
 * (tuple of ints dim, bool keepdim = False, *, torch.dtype dtype = None)
 * (tuple of names dim, bool keepdim = False, *, torch.dtype dtype = None)

[2026-05-24 23:28:20] [INFO]  
[2026-05-24 23:28:20] [INFO] === Training epoch 28/200 ===
[2026-05-24 23:28:20] [INFO] [AR Status] Teacher Forcing Ratio: 0.00
[2026-05-24 23:28:21] [INFO] [Train] epoch 28/200, total_loss=34.2092, vlat_mse=33.4738, traj_ade=0.6409
[2026-05-24 23:28:21] [INFO] Running validation (100% Closed-Loop)...
[2026-05-24 23:28:21] [INFO] ★ [Validation] epoch 28/200, Val Total Loss = 165.5035,vlat_mse=162.8196, traj_ade=2.5812
[2026-05-24 23:28:21] [INFO] Saved model at epoch 28
[2026-05-24 23:28:21] [INFO] Saved model at epoch 28
[2026-05-24 23:28:21] [INFO] Best model saved with val loss 165.5035
[2026-05-24 23:28:21] [INFO] New best model saved! (Val Loss decreased to 165.5035)
[2026-05-24 23:28:22] [ERROR] Error in validation epoch 28: mean() received an invalid combination of arguments - got (axis=NoneType, dtype=NoneType, out=NoneType, ), but expected one of:
 * (*, torch.dtype dtype = None)
 * (tuple of ints dim, bool keepdim = False, *, torch.dtype dtype = None)
 * (tuple of names dim, bool keepdim = False, *, torch.dtype dtype = None)

[2026-05-24 23:28:22] [INFO]  
[2026-05-24 23:28:22] [INFO] === Training epoch 29/200 ===
[2026-05-24 23:28:22] [INFO] [AR Status] Teacher Forcing Ratio: 0.00
[2026-05-24 23:28:23] [INFO] [Train] epoch 29/200, total_loss=33.6059, vlat_mse=32.8753, traj_ade=0.6361
[2026-05-24 23:28:23] [INFO] Running validation (100% Closed-Loop)...
[2026-05-24 23:28:23] [INFO] ★ [Validation] epoch 29/200, Val Total Loss = 163.6375,vlat_mse=160.9742, traj_ade=2.5607
[2026-05-24 23:28:23] [INFO] Saved model at epoch 29
[2026-05-24 23:28:23] [INFO] Saved model at epoch 29
[2026-05-24 23:28:23] [INFO] Best model saved with val loss 163.6375
[2026-05-24 23:28:23] [INFO] New best model saved! (Val Loss decreased to 163.6375)
[2026-05-24 23:28:24] [ERROR] Error in validation epoch 29: mean() received an invalid combination of arguments - got (axis=NoneType, dtype=NoneType, out=NoneType, ), but expected one of:
 * (*, torch.dtype dtype = None)
 * (tuple of ints dim, bool keepdim = False, *, torch.dtype dtype = None)
 * (tuple of names dim, bool keepdim = False, *, torch.dtype dtype = None)

[2026-05-24 23:28:24] [INFO]  
[2026-05-24 23:28:24] [INFO] === Training epoch 30/200 ===
[2026-05-24 23:28:24] [INFO] [AR Status] Teacher Forcing Ratio: 0.00
[2026-05-24 23:28:25] [INFO] [Train] epoch 30/200, total_loss=33.7757, vlat_mse=33.0440, traj_ade=0.6363
[2026-05-24 23:28:25] [INFO] Running validation (100% Closed-Loop)...
[2026-05-24 23:28:25] [INFO] ★ [Validation] epoch 30/200, Val Total Loss = 161.7329,vlat_mse=159.0907, traj_ade=2.5397
[2026-05-24 23:28:25] [INFO] Saved model at epoch 30
[2026-05-24 23:28:25] [INFO] Saved model at epoch 30
[2026-05-24 23:28:25] [INFO] Best model saved with val loss 161.7329
[2026-05-24 23:28:25] [INFO] New best model saved! (Val Loss decreased to 161.7329)
[2026-05-24 23:28:26] [ERROR] Error in validation epoch 30: mean() received an invalid combination of arguments - got (axis=NoneType, dtype=NoneType, out=NoneType, ), but expected one of:
 * (*, torch.dtype dtype = None)
 * (tuple of ints dim, bool keepdim = False, *, torch.dtype dtype = None)
 * (tuple of names dim, bool keepdim = False, *, torch.dtype dtype = None)

[2026-05-24 23:28:26] [INFO]  
[2026-05-24 23:28:26] [INFO] === Training epoch 31/200 ===
[2026-05-24 23:28:26] [INFO] [AR Status] Teacher Forcing Ratio: 0.00
[2026-05-24 23:28:27] [INFO] [Train] epoch 31/200, total_loss=33.2909, vlat_mse=32.5676, traj_ade=0.6300
[2026-05-24 23:28:27] [INFO] Running validation (100% Closed-Loop)...
[2026-05-24 23:28:27] [INFO] ★ [Validation] epoch 31/200, Val Total Loss = 159.7917,vlat_mse=157.1711, traj_ade=2.5183
[2026-05-24 23:28:27] [INFO] Saved model at epoch 31
[2026-05-24 23:28:27] [INFO] Saved model at epoch 31
[2026-05-24 23:28:27] [INFO] Best model saved with val loss 159.7917
[2026-05-24 23:28:27] [INFO] New best model saved! (Val Loss decreased to 159.7917)
[2026-05-24 23:28:28] [ERROR] Error in validation epoch 31: mean() received an invalid combination of arguments - got (axis=NoneType, dtype=NoneType, out=NoneType, ), but expected one of:
 * (*, torch.dtype dtype = None)
 * (tuple of ints dim, bool keepdim = False, *, torch.dtype dtype = None)
 * (tuple of names dim, bool keepdim = False, *, torch.dtype dtype = None)

[2026-05-24 23:28:28] [INFO]  
[2026-05-24 23:28:28] [INFO] === Training epoch 32/200 ===
[2026-05-24 23:28:28] [INFO] [AR Status] Teacher Forcing Ratio: 0.00
[2026-05-24 23:28:29] [INFO] [Train] epoch 32/200, total_loss=32.5345, vlat_mse=31.8225, traj_ade=0.6229
[2026-05-24 23:28:29] [INFO] Running validation (100% Closed-Loop)...
[2026-05-24 23:28:29] [INFO] ★ [Validation] epoch 32/200, Val Total Loss = 157.8070,vlat_mse=155.2084, traj_ade=2.4964
[2026-05-24 23:28:29] [INFO] Saved model at epoch 32
[2026-05-24 23:28:29] [INFO] Saved model at epoch 32
[2026-05-24 23:28:29] [INFO] Best model saved with val loss 157.8070
[2026-05-24 23:28:29] [INFO] New best model saved! (Val Loss decreased to 157.8070)
[2026-05-24 23:28:30] [ERROR] Error in validation epoch 32: mean() received an invalid combination of arguments - got (axis=NoneType, dtype=NoneType, out=NoneType, ), but expected one of:
 * (*, torch.dtype dtype = None)
 * (tuple of ints dim, bool keepdim = False, *, torch.dtype dtype = None)
 * (tuple of names dim, bool keepdim = False, *, torch.dtype dtype = None)

[2026-05-24 23:28:30] [INFO]  
[2026-05-24 23:28:30] [INFO] === Training epoch 33/200 ===
[2026-05-24 23:28:30] [INFO] [AR Status] Teacher Forcing Ratio: 0.00
[2026-05-24 23:28:31] [INFO] [Train] epoch 33/200, total_loss=32.3553, vlat_mse=31.6317, traj_ade=0.6279
[2026-05-24 23:28:31] [INFO] Running validation (100% Closed-Loop)...
[2026-05-24 23:28:31] [INFO] ★ [Validation] epoch 33/200, Val Total Loss = 155.8382,vlat_mse=153.2615, traj_ade=2.4745
[2026-05-24 23:28:31] [INFO] Saved model at epoch 33
[2026-05-24 23:28:31] [INFO] Saved model at epoch 33
[2026-05-24 23:28:31] [INFO] Best model saved with val loss 155.8382
[2026-05-24 23:28:31] [INFO] New best model saved! (Val Loss decreased to 155.8382)
[2026-05-24 23:28:32] [ERROR] Error in validation epoch 33: mean() received an invalid combination of arguments - got (axis=NoneType, dtype=NoneType, out=NoneType, ), but expected one of:
 * (*, torch.dtype dtype = None)
 * (tuple of ints dim, bool keepdim = False, *, torch.dtype dtype = None)
 * (tuple of names dim, bool keepdim = False, *, torch.dtype dtype = None)

[2026-05-24 23:28:32] [INFO]  
[2026-05-24 23:28:32] [INFO] === Training epoch 34/200 ===
[2026-05-24 23:28:32] [INFO] [AR Status] Teacher Forcing Ratio: 0.00
[2026-05-24 23:28:33] [INFO] [Train] epoch 34/200, total_loss=31.5260, vlat_mse=30.8202, traj_ade=0.6169
[2026-05-24 23:28:33] [INFO] Running validation (100% Closed-Loop)...
[2026-05-24 23:28:34] [INFO] ★ [Validation] epoch 34/200, Val Total Loss = 153.8988,vlat_mse=151.3437, traj_ade=2.4530
[2026-05-24 23:28:34] [INFO] Saved model at epoch 34
[2026-05-24 23:28:34] [INFO] Saved model at epoch 34
[2026-05-24 23:28:34] [INFO] Best model saved with val loss 153.8988
[2026-05-24 23:28:34] [INFO] New best model saved! (Val Loss decreased to 153.8988)
[2026-05-24 23:28:34] [ERROR] Error in validation epoch 34: mean() received an invalid combination of arguments - got (axis=NoneType, dtype=NoneType, out=NoneType, ), but expected one of:
 * (*, torch.dtype dtype = None)
 * (tuple of ints dim, bool keepdim = False, *, torch.dtype dtype = None)
 * (tuple of names dim, bool keepdim = False, *, torch.dtype dtype = None)

[2026-05-24 23:28:34] [INFO]  
[2026-05-24 23:28:34] [INFO] === Training epoch 35/200 ===
[2026-05-24 23:28:34] [INFO] [AR Status] Teacher Forcing Ratio: 0.00
[2026-05-24 23:28:35] [INFO] [Train] epoch 35/200, total_loss=30.8191, vlat_mse=30.1174, traj_ade=0.6089
[2026-05-24 23:28:35] [INFO] Running validation (100% Closed-Loop)...
[2026-05-24 23:28:36] [INFO] ★ [Validation] epoch 35/200, Val Total Loss = 151.9847,vlat_mse=149.4512, traj_ade=2.4316
[2026-05-24 23:28:36] [INFO] Saved model at epoch 35
[2026-05-24 23:28:36] [INFO] Saved model at epoch 35
[2026-05-24 23:28:36] [INFO] Best model saved with val loss 151.9847
[2026-05-24 23:28:36] [INFO] New best model saved! (Val Loss decreased to 151.9847)
[2026-05-24 23:28:36] [ERROR] Error in validation epoch 35: mean() received an invalid combination of arguments - got (axis=NoneType, dtype=NoneType, out=NoneType, ), but expected one of:
 * (*, torch.dtype dtype = None)
 * (tuple of ints dim, bool keepdim = False, *, torch.dtype dtype = None)
 * (tuple of names dim, bool keepdim = False, *, torch.dtype dtype = None)

[2026-05-24 23:28:36] [INFO]  
[2026-05-24 23:28:36] [INFO] === Training epoch 36/200 ===
[2026-05-24 23:28:36] [INFO] [AR Status] Teacher Forcing Ratio: 0.00
[2026-05-24 23:28:37] [INFO] [Train] epoch 36/200, total_loss=30.2894, vlat_mse=29.5981, traj_ade=0.6024
[2026-05-24 23:28:37] [INFO] Running validation (100% Closed-Loop)...
[2026-05-24 23:28:38] [INFO] ★ [Validation] epoch 36/200, Val Total Loss = 150.1396,vlat_mse=147.6269, traj_ade=2.4109
[2026-05-24 23:28:38] [INFO] Saved model at epoch 36
[2026-05-24 23:28:38] [INFO] Saved model at epoch 36
[2026-05-24 23:28:38] [INFO] Best model saved with val loss 150.1396
[2026-05-24 23:28:38] [INFO] New best model saved! (Val Loss decreased to 150.1396)
[2026-05-24 23:28:38] [ERROR] Error in validation epoch 36: mean() received an invalid combination of arguments - got (axis=NoneType, dtype=NoneType, out=NoneType, ), but expected one of:
 * (*, torch.dtype dtype = None)
 * (tuple of ints dim, bool keepdim = False, *, torch.dtype dtype = None)
 * (tuple of names dim, bool keepdim = False, *, torch.dtype dtype = None)

[2026-05-24 23:28:38] [INFO]  
[2026-05-24 23:28:38] [INFO] === Training epoch 37/200 ===
[2026-05-24 23:28:38] [INFO] [AR Status] Teacher Forcing Ratio: 0.00
[2026-05-24 23:28:39] [INFO] [Train] epoch 37/200, total_loss=29.8194, vlat_mse=29.1366, traj_ade=0.5945
[2026-05-24 23:28:39] [INFO] Running validation (100% Closed-Loop)...
[2026-05-24 23:28:40] [INFO] ★ [Validation] epoch 37/200, Val Total Loss = 148.3043,vlat_mse=145.8125, traj_ade=2.3901
[2026-05-24 23:28:40] [INFO] Saved model at epoch 37
[2026-05-24 23:28:40] [INFO] Saved model at epoch 37
[2026-05-24 23:28:40] [INFO] Best model saved with val loss 148.3043
[2026-05-24 23:28:40] [INFO] New best model saved! (Val Loss decreased to 148.3043)
[2026-05-24 23:28:40] [ERROR] Error in validation epoch 37: mean() received an invalid combination of arguments - got (axis=NoneType, dtype=NoneType, out=NoneType, ), but expected one of:
 * (*, torch.dtype dtype = None)
 * (tuple of ints dim, bool keepdim = False, *, torch.dtype dtype = None)
 * (tuple of names dim, bool keepdim = False, *, torch.dtype dtype = None)

[2026-05-24 23:28:40] [INFO]  
[2026-05-24 23:28:40] [INFO] === Training epoch 38/200 ===
[2026-05-24 23:28:40] [INFO] [AR Status] Teacher Forcing Ratio: 0.00
[2026-05-24 23:28:41] [INFO] [Train] epoch 38/200, total_loss=29.3946, vlat_mse=28.7163, traj_ade=0.5876
[2026-05-24 23:28:41] [INFO] Running validation (100% Closed-Loop)...
[2026-05-24 23:28:42] [INFO] ★ [Validation] epoch 38/200, Val Total Loss = 146.3889,vlat_mse=143.9189, traj_ade=2.3684
[2026-05-24 23:28:42] [INFO] Saved model at epoch 38
[2026-05-24 23:28:42] [INFO] Saved model at epoch 38
[2026-05-24 23:28:42] [INFO] Best model saved with val loss 146.3889
[2026-05-24 23:28:42] [INFO] New best model saved! (Val Loss decreased to 146.3889)
[2026-05-24 23:28:43] [ERROR] Error in validation epoch 38: mean() received an invalid combination of arguments - got (axis=NoneType, dtype=NoneType, out=NoneType, ), but expected one of:
 * (*, torch.dtype dtype = None)
 * (tuple of ints dim, bool keepdim = False, *, torch.dtype dtype = None)
 * (tuple of names dim, bool keepdim = False, *, torch.dtype dtype = None)

[2026-05-24 23:28:43] [INFO]  
[2026-05-24 23:28:43] [INFO] === Training epoch 39/200 ===
[2026-05-24 23:28:43] [INFO] [AR Status] Teacher Forcing Ratio: 0.00
[2026-05-24 23:28:44] [INFO] [Train] epoch 39/200, total_loss=28.2351, vlat_mse=27.5764, traj_ade=0.5677
[2026-05-24 23:28:44] [INFO] Running validation (100% Closed-Loop)...
[2026-05-24 23:28:44] [INFO] ★ [Validation] epoch 39/200, Val Total Loss = 144.4401,vlat_mse=141.9924, traj_ade=2.3462
[2026-05-24 23:28:45] [INFO] Saved model at epoch 39
[2026-05-24 23:28:45] [INFO] Saved model at epoch 39
[2026-05-24 23:28:45] [INFO] Best model saved with val loss 144.4401
[2026-05-24 23:28:45] [INFO] New best model saved! (Val Loss decreased to 144.4401)
[2026-05-24 23:28:45] [ERROR] Error in validation epoch 39: mean() received an invalid combination of arguments - got (axis=NoneType, dtype=NoneType, out=NoneType, ), but expected one of:
 * (*, torch.dtype dtype = None)
 * (tuple of ints dim, bool keepdim = False, *, torch.dtype dtype = None)
 * (tuple of names dim, bool keepdim = False, *, torch.dtype dtype = None)

[2026-05-24 23:28:45] [INFO]  
[2026-05-24 23:28:45] [INFO] === Training epoch 40/200 ===
[2026-05-24 23:28:45] [INFO] [AR Status] Teacher Forcing Ratio: 0.00
[2026-05-24 23:28:47] [INFO] [Train] epoch 40/200, total_loss=28.1117, vlat_mse=27.4499, traj_ade=0.5722
[2026-05-24 23:28:47] [INFO] Running validation (100% Closed-Loop)...
[2026-05-24 23:28:47] [INFO] ★ [Validation] epoch 40/200, Val Total Loss = 142.4729,vlat_mse=140.0478, traj_ade=2.3237
[2026-05-24 23:28:47] [INFO] Saved model at epoch 40
[2026-05-24 23:28:47] [INFO] Saved model at epoch 40
[2026-05-24 23:28:47] [INFO] Best model saved with val loss 142.4729
[2026-05-24 23:28:47] [INFO] New best model saved! (Val Loss decreased to 142.4729)
[2026-05-24 23:28:48] [ERROR] Error in validation epoch 40: mean() received an invalid combination of arguments - got (axis=NoneType, dtype=NoneType, out=NoneType, ), but expected one of:
 * (*, torch.dtype dtype = None)
 * (tuple of ints dim, bool keepdim = False, *, torch.dtype dtype = None)
 * (tuple of names dim, bool keepdim = False, *, torch.dtype dtype = None)

[2026-05-24 23:28:48] [INFO]  
[2026-05-24 23:28:48] [INFO] === Training epoch 41/200 ===
[2026-05-24 23:28:48] [INFO] [AR Status] Teacher Forcing Ratio: 0.00
[2026-05-24 23:28:50] [INFO] [Train] epoch 41/200, total_loss=28.4323, vlat_mse=27.7645, traj_ade=0.5794
[2026-05-24 23:28:50] [INFO] Running validation (100% Closed-Loop)...
[2026-05-24 23:28:50] [INFO] ★ [Validation] epoch 41/200, Val Total Loss = 140.4526,vlat_mse=138.0508, traj_ade=2.3006
[2026-05-24 23:28:50] [INFO] Saved model at epoch 41
[2026-05-24 23:28:50] [INFO] Saved model at epoch 41
[2026-05-24 23:28:50] [INFO] Best model saved with val loss 140.4526
[2026-05-24 23:28:50] [INFO] New best model saved! (Val Loss decreased to 140.4526)
[2026-05-24 23:28:51] [ERROR] Error in validation epoch 41: mean() received an invalid combination of arguments - got (axis=NoneType, dtype=NoneType, out=NoneType, ), but expected one of:
 * (*, torch.dtype dtype = None)
 * (tuple of ints dim, bool keepdim = False, *, torch.dtype dtype = None)
 * (tuple of names dim, bool keepdim = False, *, torch.dtype dtype = None)

[2026-05-24 23:28:51] [INFO]  
[2026-05-24 23:28:51] [INFO] === Training epoch 42/200 ===
[2026-05-24 23:28:51] [INFO] [AR Status] Teacher Forcing Ratio: 0.00
[2026-05-24 23:28:53] [INFO] [Train] epoch 42/200, total_loss=27.2197, vlat_mse=26.5634, traj_ade=0.5674
[2026-05-24 23:28:53] [INFO] Running validation (100% Closed-Loop)...
[2026-05-24 23:28:53] [INFO] ★ [Validation] epoch 42/200, Val Total Loss = 138.5313,vlat_mse=136.1517, traj_ade=2.2783
[2026-05-24 23:28:53] [INFO] Saved model at epoch 42
[2026-05-24 23:28:53] [INFO] Saved model at epoch 42
[2026-05-24 23:28:53] [INFO] Best model saved with val loss 138.5313
[2026-05-24 23:28:53] [INFO] New best model saved! (Val Loss decreased to 138.5313)
[2026-05-24 23:28:54] [ERROR] Error in validation epoch 42: mean() received an invalid combination of arguments - got (axis=NoneType, dtype=NoneType, out=NoneType, ), but expected one of:
 * (*, torch.dtype dtype = None)
 * (tuple of ints dim, bool keepdim = False, *, torch.dtype dtype = None)
 * (tuple of names dim, bool keepdim = False, *, torch.dtype dtype = None)

[2026-05-24 23:28:54] [INFO]  
[2026-05-24 23:28:54] [INFO] === Training epoch 43/200 ===
[2026-05-24 23:28:54] [INFO] [AR Status] Teacher Forcing Ratio: 0.00
[2026-05-24 23:28:55] [INFO] [Train] epoch 43/200, total_loss=26.6101, vlat_mse=25.9694, traj_ade=0.5514
[2026-05-24 23:28:55] [INFO] Running validation (100% Closed-Loop)...
[2026-05-24 23:28:55] [INFO] ★ [Validation] epoch 43/200, Val Total Loss = 136.5911,vlat_mse=134.2342, traj_ade=2.2557
[2026-05-24 23:28:55] [INFO] Saved model at epoch 43
[2026-05-24 23:28:55] [INFO] Saved model at epoch 43
[2026-05-24 23:28:55] [INFO] Best model saved with val loss 136.5911
[2026-05-24 23:28:55] [INFO] New best model saved! (Val Loss decreased to 136.5911)
[2026-05-24 23:28:55] [ERROR] Error in validation epoch 43: mean() received an invalid combination of arguments - got (axis=NoneType, dtype=NoneType, out=NoneType, ), but expected one of:
 * (*, torch.dtype dtype = None)
 * (tuple of ints dim, bool keepdim = False, *, torch.dtype dtype = None)
 * (tuple of names dim, bool keepdim = False, *, torch.dtype dtype = None)

[2026-05-24 23:28:55] [INFO]  
[2026-05-24 23:28:55] [INFO] === Training epoch 44/200 ===
[2026-05-24 23:28:55] [INFO] [AR Status] Teacher Forcing Ratio: 0.00
[2026-05-24 23:28:57] [INFO] [Train] epoch 44/200, total_loss=25.6744, vlat_mse=25.0438, traj_ade=0.5414
[2026-05-24 23:28:57] [INFO] Running validation (100% Closed-Loop)...
[2026-05-24 23:28:57] [INFO] ★ [Validation] epoch 44/200, Val Total Loss = 134.7025,vlat_mse=132.3680, traj_ade=2.2334
[2026-05-24 23:28:57] [INFO] Saved model at epoch 44
[2026-05-24 23:28:57] [INFO] Saved model at epoch 44
[2026-05-24 23:28:57] [INFO] Best model saved with val loss 134.7025
[2026-05-24 23:28:57] [INFO] New best model saved! (Val Loss decreased to 134.7025)
[2026-05-24 23:28:58] [ERROR] Error in validation epoch 44: mean() received an invalid combination of arguments - got (axis=NoneType, dtype=NoneType, out=NoneType, ), but expected one of:
 * (*, torch.dtype dtype = None)
 * (tuple of ints dim, bool keepdim = False, *, torch.dtype dtype = None)
 * (tuple of names dim, bool keepdim = False, *, torch.dtype dtype = None)

[2026-05-24 23:28:58] [INFO]  
[2026-05-24 23:28:58] [INFO] === Training epoch 45/200 ===
[2026-05-24 23:28:58] [INFO] [AR Status] Teacher Forcing Ratio: 0.00
[2026-05-24 23:28:59] [INFO] [Train] epoch 45/200, total_loss=24.8358, vlat_mse=24.2081, traj_ade=0.5416
[2026-05-24 23:28:59] [INFO] Running validation (100% Closed-Loop)...
[2026-05-24 23:29:00] [INFO] ★ [Validation] epoch 45/200, Val Total Loss = 132.7851,vlat_mse=130.4737, traj_ade=2.2105
[2026-05-24 23:29:00] [INFO] Saved model at epoch 45
[2026-05-24 23:29:00] [INFO] Saved model at epoch 45
[2026-05-24 23:29:00] [INFO] Best model saved with val loss 132.7851
[2026-05-24 23:29:00] [INFO] New best model saved! (Val Loss decreased to 132.7851)
[2026-05-24 23:29:00] [ERROR] Error in validation epoch 45: mean() received an invalid combination of arguments - got (axis=NoneType, dtype=NoneType, out=NoneType, ), but expected one of:
 * (*, torch.dtype dtype = None)
 * (tuple of ints dim, bool keepdim = False, *, torch.dtype dtype = None)
 * (tuple of names dim, bool keepdim = False, *, torch.dtype dtype = None)

[2026-05-24 23:29:00] [INFO]  
[2026-05-24 23:29:00] [INFO] === Training epoch 46/200 ===
[2026-05-24 23:29:00] [INFO] [AR Status] Teacher Forcing Ratio: 0.00
[2026-05-24 23:29:01] [INFO] [Train] epoch 46/200, total_loss=25.6085, vlat_mse=24.9689, traj_ade=0.5510
[2026-05-24 23:29:01] [INFO] Running validation (100% Closed-Loop)...
[2026-05-24 23:29:01] [INFO] ★ [Validation] epoch 46/200, Val Total Loss = 130.7583,vlat_mse=128.4710, traj_ade=2.1865
[2026-05-24 23:29:02] [INFO] Saved model at epoch 46
[2026-05-24 23:29:02] [INFO] Saved model at epoch 46
[2026-05-24 23:29:02] [INFO] Best model saved with val loss 130.7583
[2026-05-24 23:29:02] [INFO] New best model saved! (Val Loss decreased to 130.7583)
[2026-05-24 23:29:02] [ERROR] Error in validation epoch 46: mean() received an invalid combination of arguments - got (axis=NoneType, dtype=NoneType, out=NoneType, ), but expected one of:
 * (*, torch.dtype dtype = None)
 * (tuple of ints dim, bool keepdim = False, *, torch.dtype dtype = None)
 * (tuple of names dim, bool keepdim = False, *, torch.dtype dtype = None)

[2026-05-24 23:29:02] [INFO]  
[2026-05-24 23:29:02] [INFO] === Training epoch 47/200 ===
[2026-05-24 23:29:02] [INFO] [AR Status] Teacher Forcing Ratio: 0.00
[2026-05-24 23:29:03] [INFO] [Train] epoch 47/200, total_loss=23.7250, vlat_mse=23.1073, traj_ade=0.5319
[2026-05-24 23:29:03] [INFO] Running validation (100% Closed-Loop)...
[2026-05-24 23:29:03] [INFO] ★ [Validation] epoch 47/200, Val Total Loss = 128.7449,vlat_mse=126.4818, traj_ade=2.1623
[2026-05-24 23:29:03] [INFO] Saved model at epoch 47
[2026-05-24 23:29:03] [INFO] Saved model at epoch 47
[2026-05-24 23:29:03] [INFO] Best model saved with val loss 128.7449
[2026-05-24 23:29:03] [INFO] New best model saved! (Val Loss decreased to 128.7449)
[2026-05-24 23:29:04] [ERROR] Error in validation epoch 47: mean() received an invalid combination of arguments - got (axis=NoneType, dtype=NoneType, out=NoneType, ), but expected one of:
 * (*, torch.dtype dtype = None)
 * (tuple of ints dim, bool keepdim = False, *, torch.dtype dtype = None)
 * (tuple of names dim, bool keepdim = False, *, torch.dtype dtype = None)

[2026-05-24 23:29:04] [INFO]  
[2026-05-24 23:29:04] [INFO] === Training epoch 48/200 ===
[2026-05-24 23:29:04] [INFO] [AR Status] Teacher Forcing Ratio: 0.00
[2026-05-24 23:29:05] [INFO] [Train] epoch 48/200, total_loss=23.7220, vlat_mse=23.1099, traj_ade=0.5269
[2026-05-24 23:29:05] [INFO] Running validation (100% Closed-Loop)...
[2026-05-24 23:29:05] [INFO] ★ [Validation] epoch 48/200, Val Total Loss = 126.8096,vlat_mse=124.5701, traj_ade=2.1389
[2026-05-24 23:29:05] [INFO] Saved model at epoch 48
[2026-05-24 23:29:05] [INFO] Saved model at epoch 48
[2026-05-24 23:29:05] [INFO] Best model saved with val loss 126.8096
[2026-05-24 23:29:05] [INFO] New best model saved! (Val Loss decreased to 126.8096)
[2026-05-24 23:29:06] [ERROR] Error in validation epoch 48: mean() received an invalid combination of arguments - got (axis=NoneType, dtype=NoneType, out=NoneType, ), but expected one of:
 * (*, torch.dtype dtype = None)
 * (tuple of ints dim, bool keepdim = False, *, torch.dtype dtype = None)
 * (tuple of names dim, bool keepdim = False, *, torch.dtype dtype = None)

[2026-05-24 23:29:06] [INFO]  
[2026-05-24 23:29:06] [INFO] === Training epoch 49/200 ===
[2026-05-24 23:29:06] [INFO] [AR Status] Teacher Forcing Ratio: 0.00
[2026-05-24 23:29:07] [INFO] [Train] epoch 49/200, total_loss=24.0898, vlat_mse=23.4691, traj_ade=0.5317
[2026-05-24 23:29:07] [INFO] Running validation (100% Closed-Loop)...
[2026-05-24 23:29:07] [INFO] ★ [Validation] epoch 49/200, Val Total Loss = 124.7733,vlat_mse=122.5585, traj_ade=2.1142
[2026-05-24 23:29:07] [INFO] Saved model at epoch 49
[2026-05-24 23:29:07] [INFO] Saved model at epoch 49
[2026-05-24 23:29:07] [INFO] Best model saved with val loss 124.7733
[2026-05-24 23:29:07] [INFO] New best model saved! (Val Loss decreased to 124.7733)
[2026-05-24 23:29:08] [ERROR] Error in validation epoch 49: mean() received an invalid combination of arguments - got (axis=NoneType, dtype=NoneType, out=NoneType, ), but expected one of:
 * (*, torch.dtype dtype = None)
 * (tuple of ints dim, bool keepdim = False, *, torch.dtype dtype = None)
 * (tuple of names dim, bool keepdim = False, *, torch.dtype dtype = None)

[2026-05-24 23:29:08] [INFO]  
[2026-05-24 23:29:08] [INFO] === Training epoch 50/200 ===
[2026-05-24 23:29:08] [INFO] [AR Status] Teacher Forcing Ratio: 0.00
[2026-05-24 23:29:09] [INFO] [Train] epoch 50/200, total_loss=23.3676, vlat_mse=22.7583, traj_ade=0.5231
[2026-05-24 23:29:09] [INFO] Running validation (100% Closed-Loop)...
[2026-05-24 23:29:09] [INFO] ★ [Validation] epoch 50/200, Val Total Loss = 122.6813,vlat_mse=120.4920, traj_ade=2.0889
[2026-05-24 23:29:09] [INFO] Saved model at epoch 50
[2026-05-24 23:29:09] [INFO] Saved model at epoch 50
[2026-05-24 23:29:09] [INFO] Best model saved with val loss 122.6813
[2026-05-24 23:29:09] [INFO] New best model saved! (Val Loss decreased to 122.6813)
[2026-05-24 23:29:10] [ERROR] Error in validation epoch 50: mean() received an invalid combination of arguments - got (axis=NoneType, dtype=NoneType, out=NoneType, ), but expected one of:
 * (*, torch.dtype dtype = None)
 * (tuple of ints dim, bool keepdim = False, *, torch.dtype dtype = None)
 * (tuple of names dim, bool keepdim = False, *, torch.dtype dtype = None)

[2026-05-24 23:29:10] [INFO]  
[2026-05-24 23:29:10] [INFO] === Training epoch 51/200 ===
[2026-05-24 23:29:10] [INFO] [AR Status] Teacher Forcing Ratio: 0.00
[2026-05-24 23:29:11] [INFO] [Train] epoch 51/200, total_loss=22.6336, vlat_mse=22.0456, traj_ade=0.5058
[2026-05-24 23:29:11] [INFO] Running validation (100% Closed-Loop)...
[2026-05-24 23:29:11] [INFO] ★ [Validation] epoch 51/200, Val Total Loss = 120.6145,vlat_mse=118.4507, traj_ade=2.0634
[2026-05-24 23:29:11] [INFO] Saved model at epoch 51
[2026-05-24 23:29:11] [INFO] Saved model at epoch 51
[2026-05-24 23:29:11] [INFO] Best model saved with val loss 120.6145
[2026-05-24 23:29:11] [INFO] New best model saved! (Val Loss decreased to 120.6145)
[2026-05-24 23:29:12] [ERROR] Error in validation epoch 51: mean() received an invalid combination of arguments - got (axis=NoneType, dtype=NoneType, out=NoneType, ), but expected one of:
 * (*, torch.dtype dtype = None)
 * (tuple of ints dim, bool keepdim = False, *, torch.dtype dtype = None)
 * (tuple of names dim, bool keepdim = False, *, torch.dtype dtype = None)

[2026-05-24 23:29:12] [INFO]  
[2026-05-24 23:29:12] [INFO] === Training epoch 52/200 ===
[2026-05-24 23:29:12] [INFO] [AR Status] Teacher Forcing Ratio: 0.00
[2026-05-24 23:29:13] [INFO] [Train] epoch 52/200, total_loss=23.2756, vlat_mse=22.6564, traj_ade=0.5307
[2026-05-24 23:29:13] [INFO] Running validation (100% Closed-Loop)...
[2026-05-24 23:29:13] [INFO] ★ [Validation] epoch 52/200, Val Total Loss = 118.4190,vlat_mse=116.2823, traj_ade=2.0365
[2026-05-24 23:29:13] [INFO] Saved model at epoch 52
[2026-05-24 23:29:13] [INFO] Saved model at epoch 52
[2026-05-24 23:29:13] [INFO] Best model saved with val loss 118.4190
[2026-05-24 23:29:13] [INFO] New best model saved! (Val Loss decreased to 118.4190)
[2026-05-24 23:29:46] [INFO] DyTR训练开始...
[2026-05-24 23:29:52] [INFO] === DyTR参数配置 ===
                	 using device: cpu
                	 batch_size: 256
                	 历史长度T: 15
                	 预测长度: 10
                	 cfg(车辆质量): 2273.9
                	 num epochs: 200
                	 learning rate: 0.0001
                	 weight decay: 0.001
                	 验证集比例: 0.2
                	 loss权重: [0.0, 1.0, 0.0, 0.0]
                	 early stop patience: 30
                	 early stop delta loss: 0.0001
                	 early stop step: 1
                	 normalize: True
                	 filter_flag: True
                	 === DyTR模型参数配置 ===
                	 state_names: ['v_lon', 'v_lat', 'yaw', 'v_yaw']
                	 control_names: ['accel', 'steering_angle']
                	 state_dim: 4
                	 control_dim: 2
                	 config_dim: 1
                	 feature_dim: 4
                	 layer_nums: 1
                	 pos_kind: sin
                	 dropout_rate: 0.5
                	 ========================
[2026-05-24 23:29:52] [INFO] Found 25 pickle files in E:\研究生学习\应用实践论文\DytrProject\Dataset\real_base_control
[2026-05-24 23:29:52] [INFO] Using 20 files for training, 5 files for validation
[2026-05-24 23:29:52] [INFO] 创建训练数据集...
[2026-05-24 23:29:52] [INFO] 加载 20 个文件...
[2026-05-24 23:29:52] [INFO] 已加载 0/20 文件
[2026-05-24 23:29:52] [INFO] 批量拟合完成 - 状态: (29759, 4), 控制: (29759, 2), 基础: (29759, 4), 差异: (29759, 4)
[2026-05-24 23:29:52] [INFO] 开始归一化train集样本...
[2026-05-24 23:29:54] [INFO] 归一化完成
[2026-05-24 23:29:54] [INFO] train数据集: 20个文件，1839个样本
[2026-05-24 23:29:54] [INFO] 训练数据集归一化...
[2026-05-24 23:29:54] [INFO] 归一化器已保存到: E:/研究生学习/应用实践论文/DytrProject/result/model_3_norm_True_num_epochs200_batch_size256_20260524_2329/checkpoints\scalers.pkl
[2026-05-24 23:29:54] [INFO] 创建验证数据集...
[2026-05-24 23:29:54] [INFO] 加载 5 个文件...
[2026-05-24 23:29:54] [INFO] 已加载 0/5 文件
[2026-05-24 23:29:54] [INFO] val集使用预训练归一化器
[2026-05-24 23:29:54] [INFO] 开始归一化val集样本...
[2026-05-24 23:29:55] [INFO] 归一化完成
[2026-05-24 23:29:55] [INFO] val数据集: 5个文件，468个样本
[2026-05-24 23:29:55] [INFO] 
 ===========================start trainning=================================
[2026-05-24 23:29:55] [INFO]  
[2026-05-24 23:29:55] [INFO] === Training epoch 1/200 ===
[2026-05-24 23:29:55] [INFO] [AR Status] Teacher Forcing Ratio: 0.00
[2026-05-24 23:29:56] [INFO] [Train] epoch 1/200, total_loss=51.2703, vlat_mse=50.3100, traj_ade=0.8477
[2026-05-24 23:29:56] [INFO] Running validation (100% Closed-Loop)...
[2026-05-24 23:29:56] [INFO] ★ [Validation] epoch 1/200, Val Total Loss = 208.0063,vlat_mse=204.8560, traj_ade=3.0444
[2026-05-24 23:29:56] [INFO] Saved model at epoch 1
[2026-05-24 23:29:56] [INFO] Saved model at epoch 1
[2026-05-24 23:29:56] [INFO] Best model saved with val loss 208.0063
[2026-05-24 23:29:56] [INFO] New best model saved! (Val Loss decreased to 208.0063)
[2026-05-24 23:29:58] [INFO]  
[2026-05-24 23:29:58] [INFO] === Training epoch 2/200 ===
[2026-05-24 23:29:58] [INFO] [AR Status] Teacher Forcing Ratio: 0.00
[2026-05-24 23:29:59] [INFO] [Train] epoch 2/200, total_loss=52.5083, vlat_mse=51.5448, traj_ade=0.8515
[2026-05-24 23:29:59] [INFO] Running validation (100% Closed-Loop)...
[2026-05-24 23:29:59] [INFO] ★ [Validation] epoch 2/200, Val Total Loss = 206.7331,vlat_mse=203.5969, traj_ade=3.0305
[2026-05-24 23:29:59] [INFO] Saved model at epoch 2
[2026-05-24 23:29:59] [INFO] Saved model at epoch 2
[2026-05-24 23:29:59] [INFO] Best model saved with val loss 206.7331
[2026-05-24 23:29:59] [INFO] New best model saved! (Val Loss decreased to 206.7331)
[2026-05-24 23:30:02] [INFO]  
[2026-05-24 23:30:02] [INFO] === Training epoch 3/200 ===
[2026-05-24 23:30:02] [INFO] [AR Status] Teacher Forcing Ratio: 0.00
[2026-05-24 23:30:02] [INFO] [Train] epoch 3/200, total_loss=50.9161, vlat_mse=49.9822, traj_ade=0.8234
[2026-05-24 23:30:02] [INFO] Running validation (100% Closed-Loop)...
[2026-05-24 23:30:03] [INFO] ★ [Validation] epoch 3/200, Val Total Loss = 205.3710,vlat_mse=202.2498, traj_ade=3.0157
[2026-05-24 23:30:03] [INFO] Saved model at epoch 3
[2026-05-24 23:30:03] [INFO] Saved model at epoch 3
[2026-05-24 23:30:03] [INFO] Best model saved with val loss 205.3710
[2026-05-24 23:30:03] [INFO] New best model saved! (Val Loss decreased to 205.3710)
[2026-05-24 23:30:05] [INFO]  
[2026-05-24 23:30:05] [INFO] === Training epoch 4/200 ===
[2026-05-24 23:30:05] [INFO] [AR Status] Teacher Forcing Ratio: 0.00
[2026-05-24 23:30:06] [INFO] [Train] epoch 4/200, total_loss=49.0301, vlat_mse=48.1099, traj_ade=0.8110
[2026-05-24 23:30:06] [INFO] Running validation (100% Closed-Loop)...
[2026-05-24 23:30:06] [INFO] ★ [Validation] epoch 4/200, Val Total Loss = 204.0363,vlat_mse=200.9297, traj_ade=3.0011
[2026-05-24 23:30:06] [INFO] Saved model at epoch 4
[2026-05-24 23:30:06] [INFO] Saved model at epoch 4
[2026-05-24 23:30:06] [INFO] Best model saved with val loss 204.0363
[2026-05-24 23:30:06] [INFO] New best model saved! (Val Loss decreased to 204.0363)
[2026-05-24 23:30:09] [INFO]  
[2026-05-24 23:30:09] [INFO] === Training epoch 5/200 ===
[2026-05-24 23:30:09] [INFO] [AR Status] Teacher Forcing Ratio: 0.00
[2026-05-24 23:30:10] [INFO] [Train] epoch 5/200, total_loss=49.2392, vlat_mse=48.3117, traj_ade=0.8155
[2026-05-24 23:30:10] [INFO] Running validation (100% Closed-Loop)...
[2026-05-24 23:30:10] [INFO] ★ [Validation] epoch 5/200, Val Total Loss = 202.7256,vlat_mse=199.6335, traj_ade=2.9867
[2026-05-24 23:30:10] [INFO] Saved model at epoch 5
[2026-05-24 23:30:10] [INFO] Saved model at epoch 5
[2026-05-24 23:30:10] [INFO] Best model saved with val loss 202.7256
[2026-05-24 23:30:10] [INFO] New best model saved! (Val Loss decreased to 202.7256)
[2026-05-24 23:30:13] [INFO]  
[2026-05-24 23:30:13] [INFO] === Training epoch 6/200 ===
[2026-05-24 23:30:13] [INFO] [AR Status] Teacher Forcing Ratio: 0.00
[2026-05-24 23:30:14] [INFO] [Train] epoch 6/200, total_loss=47.3048, vlat_mse=46.4048, traj_ade=0.7923
[2026-05-24 23:30:14] [INFO] Running validation (100% Closed-Loop)...
[2026-05-24 23:30:14] [INFO] ★ [Validation] epoch 6/200, Val Total Loss = 201.3873,vlat_mse=198.3100, traj_ade=2.9721
[2026-05-24 23:30:14] [INFO] Saved model at epoch 6
[2026-05-24 23:30:14] [INFO] Saved model at epoch 6
[2026-05-24 23:30:14] [INFO] Best model saved with val loss 201.3873
[2026-05-24 23:30:14] [INFO] New best model saved! (Val Loss decreased to 201.3873)
[2026-05-24 23:30:17] [INFO]  
[2026-05-24 23:30:17] [INFO] === Training epoch 7/200 ===
[2026-05-24 23:30:17] [INFO] [AR Status] Teacher Forcing Ratio: 0.00
[2026-05-24 23:30:18] [INFO] [Train] epoch 7/200, total_loss=46.9471, vlat_mse=46.0540, traj_ade=0.7834
[2026-05-24 23:30:18] [INFO] Running validation (100% Closed-Loop)...
[2026-05-24 23:30:18] [INFO] ★ [Validation] epoch 7/200, Val Total Loss = 199.9706,vlat_mse=196.9089, traj_ade=2.9567
[2026-05-24 23:30:18] [INFO] Saved model at epoch 7
[2026-05-24 23:30:18] [INFO] Saved model at epoch 7
[2026-05-24 23:30:18] [INFO] Best model saved with val loss 199.9706
[2026-05-24 23:30:18] [INFO] New best model saved! (Val Loss decreased to 199.9706)
[2026-05-24 23:30:21] [INFO]  
[2026-05-24 23:30:21] [INFO] === Training epoch 8/200 ===
[2026-05-24 23:30:21] [INFO] [AR Status] Teacher Forcing Ratio: 0.00
[2026-05-24 23:30:21] [INFO] [Train] epoch 8/200, total_loss=47.2748, vlat_mse=46.3715, traj_ade=0.7931
[2026-05-24 23:30:21] [INFO] Running validation (100% Closed-Loop)...
[2026-05-24 23:30:22] [INFO] ★ [Validation] epoch 8/200, Val Total Loss = 198.5190,vlat_mse=195.4731, traj_ade=2.9409
[2026-05-24 23:30:22] [INFO] Saved model at epoch 8
[2026-05-24 23:30:22] [INFO] Saved model at epoch 8
[2026-05-24 23:30:22] [INFO] Best model saved with val loss 198.5190
[2026-05-24 23:30:22] [INFO] New best model saved! (Val Loss decreased to 198.5190)
[2026-05-24 23:30:25] [INFO]  
[2026-05-24 23:30:25] [INFO] === Training epoch 9/200 ===
[2026-05-24 23:30:25] [INFO] [AR Status] Teacher Forcing Ratio: 0.00
[2026-05-24 23:30:25] [INFO] [Train] epoch 9/200, total_loss=46.3428, vlat_mse=45.4511, traj_ade=0.7819
[2026-05-24 23:30:25] [INFO] Running validation (100% Closed-Loop)...
[2026-05-24 23:30:25] [INFO] ★ [Validation] epoch 9/200, Val Total Loss = 197.0685,vlat_mse=194.0385, traj_ade=2.9251
[2026-05-24 23:30:26] [INFO] Saved model at epoch 9
[2026-05-24 23:30:26] [INFO] Saved model at epoch 9
[2026-05-24 23:30:26] [INFO] Best model saved with val loss 197.0685
[2026-05-24 23:30:26] [INFO] New best model saved! (Val Loss decreased to 197.0685)
[2026-05-24 23:30:28] [INFO]  
[2026-05-24 23:30:28] [INFO] === Training epoch 10/200 ===
[2026-05-24 23:30:28] [INFO] [AR Status] Teacher Forcing Ratio: 0.00
[2026-05-24 23:30:29] [INFO] [Train] epoch 10/200, total_loss=45.9930, vlat_mse=45.0990, traj_ade=0.7899
[2026-05-24 23:30:29] [INFO] Running validation (100% Closed-Loop)...
[2026-05-24 23:30:29] [INFO] ★ [Validation] epoch 10/200, Val Total Loss = 195.6369,vlat_mse=192.6226, traj_ade=2.9096
[2026-05-24 23:30:29] [INFO] Saved model at epoch 10
[2026-05-24 23:30:29] [INFO] Saved model at epoch 10
[2026-05-24 23:30:29] [INFO] Best model saved with val loss 195.6369
[2026-05-24 23:30:29] [INFO] New best model saved! (Val Loss decreased to 195.6369)
[2026-05-24 23:30:31] [INFO]  
[2026-05-24 23:30:31] [INFO] === Training epoch 11/200 ===
[2026-05-24 23:30:31] [INFO] [AR Status] Teacher Forcing Ratio: 0.00
[2026-05-24 23:30:32] [INFO] [Train] epoch 11/200, total_loss=43.9387, vlat_mse=43.0751, traj_ade=0.7568
[2026-05-24 23:30:32] [INFO] Running validation (100% Closed-Loop)...
[2026-05-24 23:30:32] [INFO] ★ [Validation] epoch 11/200, Val Total Loss = 193.9906,vlat_mse=190.9940, traj_ade=2.8920
[2026-05-24 23:30:32] [INFO] Saved model at epoch 11
[2026-05-24 23:30:32] [INFO] Saved model at epoch 11
[2026-05-24 23:30:32] [INFO] Best model saved with val loss 193.9906
[2026-05-24 23:30:32] [INFO] New best model saved! (Val Loss decreased to 193.9906)
[2026-05-24 23:30:35] [INFO]  
[2026-05-24 23:30:35] [INFO] === Training epoch 12/200 ===
[2026-05-24 23:30:35] [INFO] [AR Status] Teacher Forcing Ratio: 0.00
[2026-05-24 23:30:35] [INFO] [Train] epoch 12/200, total_loss=44.0140, vlat_mse=43.1503, traj_ade=0.7599
[2026-05-24 23:30:35] [INFO] Running validation (100% Closed-Loop)...
[2026-05-24 23:30:35] [INFO] ★ [Validation] epoch 12/200, Val Total Loss = 192.4209,vlat_mse=189.4413, traj_ade=2.8751
[2026-05-24 23:30:35] [INFO] Saved model at epoch 12
[2026-05-24 23:30:35] [INFO] Saved model at epoch 12
[2026-05-24 23:30:35] [INFO] Best model saved with val loss 192.4209
[2026-05-24 23:30:35] [INFO] New best model saved! (Val Loss decreased to 192.4209)
[2026-05-24 23:30:38] [INFO]  
[2026-05-24 23:30:38] [INFO] === Training epoch 13/200 ===
[2026-05-24 23:30:38] [INFO] [AR Status] Teacher Forcing Ratio: 0.00
[2026-05-24 23:30:39] [INFO] [Train] epoch 13/200, total_loss=43.5970, vlat_mse=42.7376, traj_ade=0.7542
[2026-05-24 23:30:39] [INFO] Running validation (100% Closed-Loop)...
[2026-05-24 23:30:39] [INFO] ★ [Validation] epoch 13/200, Val Total Loss = 190.7912,vlat_mse=187.8292, traj_ade=2.8576
[2026-05-24 23:30:39] [INFO] Saved model at epoch 13
[2026-05-24 23:30:39] [INFO] Saved model at epoch 13
[2026-05-24 23:30:39] [INFO] Best model saved with val loss 190.7912
[2026-05-24 23:30:39] [INFO] New best model saved! (Val Loss decreased to 190.7912)
[2026-05-24 23:30:42] [INFO]  
[2026-05-24 23:30:42] [INFO] === Training epoch 14/200 ===
[2026-05-24 23:30:42] [INFO] [AR Status] Teacher Forcing Ratio: 0.00
[2026-05-24 23:30:43] [INFO] [Train] epoch 14/200, total_loss=43.4656, vlat_mse=42.6041, traj_ade=0.7580
[2026-05-24 23:30:43] [INFO] Running validation (100% Closed-Loop)...
[2026-05-24 23:30:43] [INFO] ★ [Validation] epoch 14/200, Val Total Loss = 189.2115,vlat_mse=186.2667, traj_ade=2.8405
[2026-05-24 23:30:43] [INFO] Saved model at epoch 14
[2026-05-24 23:30:43] [INFO] Saved model at epoch 14
[2026-05-24 23:30:43] [INFO] Best model saved with val loss 189.2115
[2026-05-24 23:30:43] [INFO] New best model saved! (Val Loss decreased to 189.2115)
[2026-05-24 23:30:45] [INFO]  
[2026-05-24 23:30:45] [INFO] === Training epoch 15/200 ===
[2026-05-24 23:30:45] [INFO] [AR Status] Teacher Forcing Ratio: 0.00
[2026-05-24 23:30:46] [INFO] [Train] epoch 15/200, total_loss=43.6342, vlat_mse=42.7832, traj_ade=0.7477
[2026-05-24 23:30:46] [INFO] Running validation (100% Closed-Loop)...
[2026-05-24 23:30:46] [INFO] ★ [Validation] epoch 15/200, Val Total Loss = 187.6478,vlat_mse=184.7202, traj_ade=2.8235
[2026-05-24 23:30:46] [INFO] Saved model at epoch 15
[2026-05-24 23:30:46] [INFO] Saved model at epoch 15
[2026-05-24 23:30:46] [INFO] Best model saved with val loss 187.6478
[2026-05-24 23:30:46] [INFO] New best model saved! (Val Loss decreased to 187.6478)
[2026-05-24 23:30:48] [INFO]  
[2026-05-24 23:30:48] [INFO] === Training epoch 16/200 ===
[2026-05-24 23:30:48] [INFO] [AR Status] Teacher Forcing Ratio: 0.00
[2026-05-24 23:30:49] [INFO] [Train] epoch 16/200, total_loss=42.3692, vlat_mse=41.5341, traj_ade=0.7333
[2026-05-24 23:30:49] [INFO] Running validation (100% Closed-Loop)...
[2026-05-24 23:30:49] [INFO] ★ [Validation] epoch 16/200, Val Total Loss = 186.1094,vlat_mse=183.1987, traj_ade=2.8067
[2026-05-24 23:30:49] [INFO] Saved model at epoch 16
[2026-05-24 23:30:49] [INFO] Saved model at epoch 16
[2026-05-24 23:30:49] [INFO] Best model saved with val loss 186.1094
[2026-05-24 23:30:49] [INFO] New best model saved! (Val Loss decreased to 186.1094)
[2026-05-24 23:30:52] [INFO]  
[2026-05-24 23:30:52] [INFO] === Training epoch 17/200 ===
[2026-05-24 23:30:52] [INFO] [AR Status] Teacher Forcing Ratio: 0.00
[2026-05-24 23:30:52] [INFO] [Train] epoch 17/200, total_loss=41.4569, vlat_mse=40.6384, traj_ade=0.7197
[2026-05-24 23:30:52] [INFO] Running validation (100% Closed-Loop)...
[2026-05-24 23:30:52] [INFO] ★ [Validation] epoch 17/200, Val Total Loss = 184.4154,vlat_mse=181.5233, traj_ade=2.7882
[2026-05-24 23:30:53] [INFO] Saved model at epoch 17
[2026-05-24 23:30:53] [INFO] Saved model at epoch 17
[2026-05-24 23:30:53] [INFO] Best model saved with val loss 184.4154
[2026-05-24 23:30:53] [INFO] New best model saved! (Val Loss decreased to 184.4154)
[2026-05-24 23:30:55] [INFO]  
[2026-05-24 23:30:55] [INFO] === Training epoch 18/200 ===
[2026-05-24 23:30:55] [INFO] [AR Status] Teacher Forcing Ratio: 0.00
[2026-05-24 23:30:56] [INFO] [Train] epoch 18/200, total_loss=40.8627, vlat_mse=40.0352, traj_ade=0.7222
[2026-05-24 23:30:56] [INFO] Running validation (100% Closed-Loop)...
[2026-05-24 23:30:56] [INFO] ★ [Validation] epoch 18/200, Val Total Loss = 182.7242,vlat_mse=179.8505, traj_ade=2.7698
[2026-05-24 23:30:56] [INFO] Saved model at epoch 18
[2026-05-24 23:30:56] [INFO] Saved model at epoch 18
[2026-05-24 23:30:56] [INFO] Best model saved with val loss 182.7242
[2026-05-24 23:30:56] [INFO] New best model saved! (Val Loss decreased to 182.7242)
[2026-05-24 23:30:58] [INFO]  
[2026-05-24 23:30:58] [INFO] === Training epoch 19/200 ===
[2026-05-24 23:30:58] [INFO] [AR Status] Teacher Forcing Ratio: 0.00
[2026-05-24 23:30:59] [INFO] [Train] epoch 19/200, total_loss=40.2052, vlat_mse=39.3970, traj_ade=0.7107
[2026-05-24 23:30:59] [INFO] Running validation (100% Closed-Loop)...
[2026-05-24 23:30:59] [INFO] ★ [Validation] epoch 19/200, Val Total Loss = 181.1197,vlat_mse=178.2638, traj_ade=2.7523
[2026-05-24 23:30:59] [INFO] Saved model at epoch 19
[2026-05-24 23:30:59] [INFO] Saved model at epoch 19
[2026-05-24 23:30:59] [INFO] Best model saved with val loss 181.1197
[2026-05-24 23:30:59] [INFO] New best model saved! (Val Loss decreased to 181.1197)
[2026-05-24 23:31:02] [INFO]  
[2026-05-24 23:31:02] [INFO] === Training epoch 20/200 ===
[2026-05-24 23:31:02] [INFO] [AR Status] Teacher Forcing Ratio: 0.00
[2026-05-24 23:31:02] [INFO] [Train] epoch 20/200, total_loss=38.9240, vlat_mse=38.1237, traj_ade=0.7001
[2026-05-24 23:31:02] [INFO] Running validation (100% Closed-Loop)...
[2026-05-24 23:31:03] [INFO] ★ [Validation] epoch 20/200, Val Total Loss = 179.4468,vlat_mse=176.6092, traj_ade=2.7340
[2026-05-24 23:31:03] [INFO] Saved model at epoch 20
[2026-05-24 23:31:03] [INFO] Saved model at epoch 20
[2026-05-24 23:31:03] [INFO] Best model saved with val loss 179.4468
[2026-05-24 23:31:03] [INFO] New best model saved! (Val Loss decreased to 179.4468)
[2026-05-24 23:31:06] [INFO]  
[2026-05-24 23:31:06] [INFO] === Training epoch 21/200 ===
[2026-05-24 23:31:06] [INFO] [AR Status] Teacher Forcing Ratio: 0.00
[2026-05-24 23:31:07] [INFO] [Train] epoch 21/200, total_loss=40.6526, vlat_mse=39.8391, traj_ade=0.7146
[2026-05-24 23:31:07] [INFO] Running validation (100% Closed-Loop)...
[2026-05-24 23:31:07] [INFO] ★ [Validation] epoch 21/200, Val Total Loss = 177.7845,vlat_mse=174.9651, traj_ade=2.7158
[2026-05-24 23:31:07] [INFO] Saved model at epoch 21
[2026-05-24 23:31:07] [INFO] Saved model at epoch 21
[2026-05-24 23:31:07] [INFO] Best model saved with val loss 177.7845
[2026-05-24 23:31:07] [INFO] New best model saved! (Val Loss decreased to 177.7845)
[2026-05-24 23:31:10] [INFO]  
[2026-05-24 23:31:10] [INFO] === Training epoch 22/200 ===
[2026-05-24 23:31:10] [INFO] [AR Status] Teacher Forcing Ratio: 0.00
[2026-05-24 23:31:11] [INFO] [Train] epoch 22/200, total_loss=38.8021, vlat_mse=38.0030, traj_ade=0.6990
[2026-05-24 23:31:11] [INFO] Running validation (100% Closed-Loop)...
[2026-05-24 23:31:11] [INFO] ★ [Validation] epoch 22/200, Val Total Loss = 176.0544,vlat_mse=173.2540, traj_ade=2.6970
[2026-05-24 23:31:11] [INFO] Saved model at epoch 22
[2026-05-24 23:31:11] [INFO] Saved model at epoch 22
[2026-05-24 23:31:11] [INFO] Best model saved with val loss 176.0544
[2026-05-24 23:31:11] [INFO] New best model saved! (Val Loss decreased to 176.0544)
[2026-05-24 23:31:14] [INFO]  
[2026-05-24 23:31:14] [INFO] === Training epoch 23/200 ===
[2026-05-24 23:31:14] [INFO] [AR Status] Teacher Forcing Ratio: 0.00
[2026-05-24 23:31:15] [INFO] [Train] epoch 23/200, total_loss=37.5557, vlat_mse=36.7774, traj_ade=0.6775
[2026-05-24 23:31:15] [INFO] Running validation (100% Closed-Loop)...
[2026-05-24 23:31:15] [INFO] ★ [Validation] epoch 23/200, Val Total Loss = 174.2925,vlat_mse=171.5115, traj_ade=2.6778
[2026-05-24 23:31:15] [INFO] Saved model at epoch 23
[2026-05-24 23:31:16] [INFO] Saved model at epoch 23
[2026-05-24 23:31:16] [INFO] Best model saved with val loss 174.2925
[2026-05-24 23:31:16] [INFO] New best model saved! (Val Loss decreased to 174.2925)
[2026-05-24 23:31:19] [INFO]  
[2026-05-24 23:31:19] [INFO] === Training epoch 24/200 ===
[2026-05-24 23:31:19] [INFO] [AR Status] Teacher Forcing Ratio: 0.00
[2026-05-24 23:31:20] [INFO] [Train] epoch 24/200, total_loss=36.1139, vlat_mse=35.3530, traj_ade=0.6631
[2026-05-24 23:31:20] [INFO] Running validation (100% Closed-Loop)...
[2026-05-24 23:31:20] [INFO] ★ [Validation] epoch 24/200, Val Total Loss = 172.5020,vlat_mse=169.7406, traj_ade=2.6583
[2026-05-24 23:31:20] [INFO] Saved model at epoch 24
[2026-05-24 23:31:20] [INFO] Saved model at epoch 24
[2026-05-24 23:31:20] [INFO] Best model saved with val loss 172.5020
[2026-05-24 23:31:20] [INFO] New best model saved! (Val Loss decreased to 172.5020)
[2026-05-24 23:31:24] [INFO]  
[2026-05-24 23:31:24] [INFO] === Training epoch 25/200 ===
[2026-05-24 23:31:24] [INFO] [AR Status] Teacher Forcing Ratio: 0.00
[2026-05-24 23:31:25] [INFO] [Train] epoch 25/200, total_loss=34.8258, vlat_mse=34.0722, traj_ade=0.6570
[2026-05-24 23:31:25] [INFO] Running validation (100% Closed-Loop)...
[2026-05-24 23:31:25] [INFO] ★ [Validation] epoch 25/200, Val Total Loss = 170.7844,vlat_mse=168.0419, traj_ade=2.6394
[2026-05-24 23:31:25] [INFO] Saved model at epoch 25
[2026-05-24 23:31:25] [INFO] Saved model at epoch 25
[2026-05-24 23:31:25] [INFO] Best model saved with val loss 170.7844
[2026-05-24 23:31:25] [INFO] New best model saved! (Val Loss decreased to 170.7844)
[2026-05-24 23:31:28] [INFO]  
[2026-05-24 23:31:28] [INFO] === Training epoch 26/200 ===
[2026-05-24 23:31:28] [INFO] [AR Status] Teacher Forcing Ratio: 0.00
[2026-05-24 23:31:29] [INFO] [Train] epoch 26/200, total_loss=36.1880, vlat_mse=35.4233, traj_ade=0.6655
[2026-05-24 23:31:29] [INFO] Running validation (100% Closed-Loop)...
[2026-05-24 23:31:29] [INFO] ★ [Validation] epoch 26/200, Val Total Loss = 169.0149,vlat_mse=166.2919, traj_ade=2.6200
[2026-05-24 23:31:29] [INFO] Saved model at epoch 26
[2026-05-24 23:31:29] [INFO] Saved model at epoch 26
[2026-05-24 23:31:29] [INFO] Best model saved with val loss 169.0149
[2026-05-24 23:31:29] [INFO] New best model saved! (Val Loss decreased to 169.0149)
[2026-05-24 23:31:33] [INFO]  
[2026-05-24 23:31:33] [INFO] === Training epoch 27/200 ===
[2026-05-24 23:31:33] [INFO] [AR Status] Teacher Forcing Ratio: 0.00
[2026-05-24 23:31:34] [INFO] [Train] epoch 27/200, total_loss=36.1239, vlat_mse=35.3652, traj_ade=0.6625
[2026-05-24 23:31:34] [INFO] Running validation (100% Closed-Loop)...
[2026-05-24 23:31:34] [INFO] ★ [Validation] epoch 27/200, Val Total Loss = 167.3109,vlat_mse=164.6069, traj_ade=2.6012
[2026-05-24 23:31:34] [INFO] Saved model at epoch 27
[2026-05-24 23:31:34] [INFO] Saved model at epoch 27
[2026-05-24 23:31:34] [INFO] Best model saved with val loss 167.3109
[2026-05-24 23:31:34] [INFO] New best model saved! (Val Loss decreased to 167.3109)
[2026-05-24 23:31:37] [INFO]  
[2026-05-24 23:31:37] [INFO] === Training epoch 28/200 ===
[2026-05-24 23:31:37] [INFO] [AR Status] Teacher Forcing Ratio: 0.00
[2026-05-24 23:31:38] [INFO] [Train] epoch 28/200, total_loss=34.2092, vlat_mse=33.4738, traj_ade=0.6409
[2026-05-24 23:31:38] [INFO] Running validation (100% Closed-Loop)...
[2026-05-24 23:31:38] [INFO] ★ [Validation] epoch 28/200, Val Total Loss = 165.5035,vlat_mse=162.8196, traj_ade=2.5812
[2026-05-24 23:31:39] [INFO] Saved model at epoch 28
[2026-05-24 23:31:39] [INFO] Saved model at epoch 28
[2026-05-24 23:31:39] [INFO] Best model saved with val loss 165.5035
[2026-05-24 23:31:39] [INFO] New best model saved! (Val Loss decreased to 165.5035)
[2026-05-24 23:31:42] [INFO]  
[2026-05-24 23:31:42] [INFO] === Training epoch 29/200 ===
[2026-05-24 23:31:42] [INFO] [AR Status] Teacher Forcing Ratio: 0.00
